/*******************************************************************************
 * Size: 20 px
 * Bpp: 4
 * Opts: --font C:\WINDOWS\Fonts\simhei.ttf --size 20 --bpp 4 --format lvgl --range 0x20-0x7E --symbols °不与两亮传低依值像光入关出切则制动助压参反可后向器块失字对屏已带帮常幕库应底度开弹强态总感所报换据故数整方无时显有查框检模正流测消温源片状电画界的短示秒答线绘置背自色警设话赖超路辅输过选重量闭障面高（） --lv-font-name lv_font_ps_20 --lv-include lvgl.h --force-fast-kern-format -o H:\OpenKNX\OAM-SC8815PowerSupply\lib\OFM-PowerSupplyDisplay\src\fonts\lv_font_ps_20.c
 ******************************************************************************/

#ifdef LV_LVGL_H_INCLUDE_SIMPLE
#include "lvgl.h"
#else
#include "lvgl.h"
#endif

#ifndef LV_FONT_PS_20
#define LV_FONT_PS_20 1
#endif

#if LV_FONT_PS_20

/*-----------------
 *    BITMAPS
 *----------------*/

/*Store the image of the glyphs*/
static LV_ATTRIBUTE_LARGE_CONST const uint8_t glyph_bitmap[] = {
    /* U+0020 " " */

    /* U+0021 "!" */
    0x3f, 0xe1, 0x3, 0x30, 0x8, 0x1, 0xc4, 0x3,
    0x8, 0x9, 0x81, 0x88, 0xf, 0x83, 0x88, 0x5b,
    0x1, 0x99, 0x33, 0x0, 0x10,

    /* U+0022 "\"" */
    0x7f, 0x45, 0xf6, 0x20, 0x66, 0x1, 0x0, 0x8,
    0x0, 0xc2, 0x20, 0x10, 0x30,

    /* U+0023 "#" */
    0x0, 0xb5, 0x80, 0x1e, 0x60, 0x18, 0x88, 0x4,
    0x4, 0x1, 0x8, 0x30, 0x30, 0x8, 0x9, 0x28,
    0x0, 0x8c, 0x48, 0x23, 0x6c, 0x37, 0x50, 0x3a,
    0xd5, 0x45, 0x2a, 0xa1, 0xa5, 0x39, 0xa8, 0x22,
    0xa8, 0x75, 0x44, 0x44, 0xe2, 0x45, 0x19, 0x4,
    0x69, 0x3e, 0xe8, 0x2b, 0x5a, 0xa4, 0x26, 0xa0,
    0x2a, 0x8e, 0x6a, 0xc, 0xa4, 0x2a, 0xa1, 0x6,
    0x10, 0x1, 0x10, 0x3, 0x11, 0x0, 0x1a, 0xc0,
    0x10,

    /* U+0024 "$" */
    0x0, 0x94, 0xc0, 0x3d, 0xca, 0x1, 0x93, 0x12,
    0x6c, 0x80, 0xac, 0x9, 0x11, 0xc1, 0x41, 0xad,
    0xae, 0x66, 0x20, 0xd, 0x6e, 0x3e, 0x10, 0x0,
    0x38, 0x25, 0x66, 0x27, 0x0, 0x69, 0xa1, 0x7b,
    0x10, 0x9, 0x54, 0x69, 0x80, 0x66, 0x0, 0x53,
    0x92, 0xe7, 0x0, 0x56, 0x4, 0x64, 0x20, 0x6,
    0x2, 0x90, 0xd6, 0xdb, 0x15, 0x54, 0x89, 0x22,
    0xe0, 0x1, 0xb5, 0x26, 0xc8, 0x3, 0xf8,

    /* U+0025 "%" */
    0x0, 0xf8, 0x40, 0x2a, 0xf8, 0x0, 0xa8, 0x0,
    0xa9, 0x6e, 0x60, 0x66, 0x0, 0x6a, 0xa0, 0xb0,
    0x4c, 0x80, 0x3e, 0x23, 0x10, 0x7, 0x30, 0x89,
    0xae, 0xc0, 0x13, 0x87, 0x21, 0x19, 0x0, 0x43,
    0xbd, 0x73, 0x2a, 0xe6, 0x0, 0x84, 0x9, 0x52,
    0xe4, 0x40, 0x27, 0xee, 0x22, 0x81, 0x0, 0x58,
    0x82, 0x1, 0x38, 0x1, 0xb8, 0x4, 0x2, 0x70,
    0x6, 0xa8, 0x73, 0xa0, 0x10, 0x1e, 0x80, 0x19,
    0xea, 0x44,

    /* U+0026 "&" */
    0x0, 0x15, 0xfe, 0x98, 0x7, 0x72, 0xc8, 0x68,
    0x6, 0x13, 0x86, 0xb1, 0x10, 0x4, 0x20, 0x17,
    0x88, 0x80, 0x31, 0xea, 0xb4, 0x0, 0x75, 0xa5,
    0x51, 0x80, 0x30, 0xd0, 0x22, 0x80, 0x76, 0xc,
    0x22, 0x84, 0x50, 0x31, 0x7b, 0x9d, 0x1a, 0x30,
    0x70, 0x8, 0x68, 0xe9, 0xd8, 0x70, 0x20, 0xe,
    0x8, 0x8, 0x30, 0xcc, 0x9a, 0x40, 0x65, 0x43,
    0xd9, 0xe5, 0xeb, 0x99, 0x40,

    /* U+0027 "'" */
    0x8f, 0x3e, 0x2, 0x0, 0x9, 0x90, 0x0,

    /* U+0028 "(" */
    0x0, 0xfe, 0x2d, 0x10, 0x0, 0xe2, 0x88, 0x2,
    0x92, 0x0, 0xa, 0xab, 0x0, 0xa6, 0x42, 0x0,
    0x13, 0x60, 0x9, 0x44, 0x40, 0x11, 0x10, 0x3,
    0x9c, 0x3, 0x1b, 0x0, 0x66, 0x20, 0xc, 0x62,
    0xa0, 0x19, 0xa4, 0x3, 0x49, 0x30, 0x4, 0x35,
    0x28, 0x1, 0x24, 0xd8, 0x80, 0x4d, 0x82,

    /* U+0029 ")" */
    0x0, 0xf2, 0x60, 0x6, 0x40, 0xc0, 0xd, 0x82,
    0xe0, 0x1a, 0x60, 0x80, 0x24, 0x45, 0x0, 0x6e,
    0x50, 0xc, 0x84, 0x1, 0x84, 0x8, 0x3, 0x84,
    0x2, 0x10, 0x20, 0x8, 0x80, 0x40, 0x2a, 0x50,
    0x8, 0x5f, 0x80, 0x2b, 0x54, 0x0, 0x3a, 0x48,
    0x1, 0x23, 0x48, 0x0, 0x9a, 0x60, 0x10,

    /* U+002A "*" */
    0x0, 0xd9, 0x80, 0xe, 0x10, 0x3, 0xb8, 0x0,
    0x20, 0x9d, 0x0, 0x22, 0x8, 0xe4, 0x56, 0x7d,
    0x77, 0x6b, 0xb2, 0x8c, 0xf3, 0x11, 0x1b, 0xa4,
    0x40, 0xe9, 0x0, 0x9, 0x46, 0xb, 0x8d, 0x6a,
    0xab, 0x6c, 0x55, 0x46, 0xa0, 0x89, 0x36, 0x14,
    0x1c, 0x3, 0xce, 0x1, 0xd9, 0x80, 0xc,

    /* U+002B "+" */
    0x0, 0xce, 0xa0, 0x1f, 0xaf, 0x40, 0x3f, 0xf9,
    0x93, 0xff, 0x1b, 0xff, 0xcd, 0x19, 0x91, 0x2e,
    0x64, 0xe2, 0x67, 0x9, 0x19, 0xc2, 0x1, 0xff,
    0xc8,

    /* U+002C "," */
    0x3a, 0x46, 0x53, 0x53, 0x52, 0x62,

    /* U+002D "-" */
    0x0, 0xff, 0x4f, 0xff, 0xe4, 0x8c, 0xcf, 0xc8,

    /* U+002E "." */
    0x4a, 0x33, 0x2b, 0x0,

    /* U+002F "/" */
    0x0, 0xff, 0xe3, 0x61, 0x0, 0x7c, 0xcc, 0x20,
    0xf, 0xd, 0xd8, 0x3, 0xe8, 0xa1, 0x0, 0xf1,
    0x23, 0x80, 0x7d, 0x30, 0x1, 0xf2, 0x2, 0x80,
    0x7d, 0x32, 0x0, 0xf9, 0xd0, 0x80, 0x3c, 0x35,
    0x0, 0x1f, 0x45, 0x88, 0x7, 0x8d, 0x18, 0x3,
    0xef, 0x90, 0xf, 0x95, 0xd0, 0x3, 0xe6, 0x90,
    0xf, 0xc0,

    /* U+0030 "0" */
    0x0, 0xd, 0x77, 0xc8, 0x6, 0x1f, 0x57, 0x66,
    0x58, 0x5, 0x3, 0x73, 0x32, 0x20, 0x0, 0xc6,
    0x80, 0x6, 0x1e, 0x2, 0xb, 0x0, 0xca, 0xe0,
    0xc0, 0x40, 0x18, 0x4c, 0x2, 0x10, 0xc, 0x62,
    0x1, 0xfc, 0x20, 0xe0, 0x40, 0x18, 0xcc, 0x6,
    0x18, 0x1, 0x91, 0x80, 0x8, 0xa2, 0x0, 0x41,
    0xd0, 0x4, 0x6, 0x22, 0xd1, 0x30, 0x0, 0xec,
    0xee, 0x8f, 0x80, 0x32, 0x75, 0xe6, 0x98, 0x0,

    /* U+0031 "1" */
    0x0, 0x9f, 0xc0, 0xb, 0x0, 0x8, 0xa1, 0x3,
    0x6b, 0x40, 0x2f, 0x40, 0x0, 0x88, 0x3, 0xff,
    0xb4,

    /* U+0032 "2" */
    0x0, 0xff, 0x97, 0x7f, 0xd8, 0x60, 0x6, 0xa0,
    0x88, 0x16, 0x10, 0x42, 0x6b, 0xbb, 0x42, 0x86,
    0x64, 0x1, 0x18, 0x8, 0x9c, 0x80, 0x24, 0xf,
    0x0, 0xf7, 0x83, 0x80, 0x73, 0x24, 0x8, 0x6,
    0x29, 0x47, 0x0, 0xc3, 0xe5, 0x40, 0x1d, 0xa7,
    0xe2, 0x1, 0xb0, 0xf4, 0x80, 0x34, 0x9a, 0xb2,
    0xac, 0x80, 0xc0, 0xb5, 0x5a, 0x40,

    /* U+0033 "3" */
    0x0, 0xc6, 0x60, 0xe, 0x5f, 0xcc, 0x7b, 0x80,
    0x12, 0x9f, 0x74, 0x90, 0x81, 0x9, 0x4, 0x4a,
    0xd, 0xf, 0x90, 0x8, 0x40, 0x40, 0xc8, 0x2,
    0x80, 0xb0, 0xd, 0x3a, 0xf4, 0x60, 0x1c, 0x61,
    0xa0, 0x1d, 0x3c, 0xee, 0x60, 0xf, 0x40, 0xd0,
    0xc9, 0x80, 0x63, 0x1, 0x7f, 0x0, 0x8c, 0x90,
    0x2c, 0xf5, 0xe3, 0xa, 0x41, 0x6c, 0x61, 0x99,
    0x82,

    /* U+0034 "4" */
    0x0, 0xf6, 0x58, 0x7, 0xce, 0x60, 0x1f, 0x1c,
    0x0, 0x7e, 0xe3, 0x30, 0x7, 0xa4, 0xb8, 0x3,
    0xca, 0xd4, 0x40, 0x1c, 0x36, 0xaa, 0x0, 0xf5,
    0x1d, 0x0, 0x79, 0xd2, 0x40, 0x3e, 0xb0, 0xbf,
    0xf8, 0xd3, 0xe7, 0xb3, 0x38, 0xcd, 0x96, 0x46,
    0x7c, 0xe, 0x64, 0x1, 0xfe,

    /* U+0035 "5" */
    0x0, 0x77, 0xff, 0x28, 0x10, 0xbd, 0x56, 0x70,
    0x40, 0x95, 0x5c, 0x41, 0xe4, 0x20, 0x1e, 0x40,
    0xcf, 0xea, 0x20, 0x12, 0x22, 0xcb, 0xae, 0x8,
    0x46, 0xcb, 0x4d, 0xb, 0xb, 0x90, 0x4, 0xa3,
    0x60, 0x1f, 0x10, 0xad, 0x0, 0x71, 0xb1, 0xaa,
    0x80, 0x28, 0xd, 0x62, 0xaa, 0x46, 0x3a, 0x30,
    0x63, 0x23, 0x8c, 0x58, 0x0,

    /* U+0036 "6" */
    0x0, 0xed, 0xe0, 0xf, 0xa0, 0xa8, 0x3, 0xc6,
    0xec, 0x80, 0x1e, 0xe2, 0x90, 0xf, 0x49, 0x52,
    0x98, 0x6, 0x36, 0x8, 0xbc, 0xd2, 0x0, 0x40,
    0x4f, 0xf6, 0x1e, 0x0, 0xa2, 0x18, 0x0, 0x70,
    0x2a, 0x41, 0x80, 0x19, 0x40, 0x84, 0x3c, 0x3,
    0x30, 0x9, 0xa, 0x80, 0x6e, 0x4, 0xa, 0x2d,
    0x76, 0xc4, 0x72, 0x4, 0xc7, 0x99, 0xc, 0x40,
    0x0,

    /* U+0037 "7" */
    0x2f, 0xff, 0xc6, 0x55, 0x5e, 0x40, 0x20, 0x55,
    0xe4, 0x43, 0x88, 0x7, 0xac, 0x60, 0x3, 0xc4,
    0xb0, 0x1, 0xf4, 0xb, 0x0, 0x78, 0x56, 0x40,
    0x3e, 0x90, 0x60, 0xf, 0x99, 0x44, 0x3, 0xc8,
    0x3e, 0x1, 0xf7, 0x2, 0x80, 0x7c, 0x86, 0x1,
    0xf1, 0x8a, 0x0, 0x70,

    /* U+0038 "8" */
    0x0, 0x3e, 0xff, 0x59, 0x0, 0x1e, 0x12, 0x59,
    0x74, 0x82, 0x5a, 0x5a, 0x34, 0x14, 0x7, 0x80,
    0x22, 0xf, 0x3, 0x91, 0x0, 0x40, 0x58, 0x71,
    0xf6, 0xf3, 0x49, 0x83, 0x19, 0x22, 0x87, 0x80,
    0xda, 0x6c, 0xde, 0x34, 0xa0, 0x48, 0x4, 0x6a,
    0xe6, 0x1, 0xe1, 0x11, 0x5, 0x0, 0x46, 0x86,
    0x84, 0xdd, 0x79, 0x80, 0xf0, 0xc6, 0x4, 0x33,
    0x59, 0x80,

    /* U+0039 "9" */
    0x0, 0x36, 0x7f, 0x48, 0x80, 0x26, 0x40, 0xe8,
    0xde, 0x26, 0xcb, 0x91, 0x52, 0x31, 0x61, 0x20,
    0x13, 0x2, 0x88, 0x10, 0x7, 0x3f, 0x2, 0x80,
    0x48, 0x18, 0xc3, 0x26, 0x7, 0x40, 0xc3, 0x83,
    0x9f, 0x82, 0xe2, 0x5, 0x9d, 0xa2, 0x28, 0x0,
    0xc2, 0xa3, 0x60, 0x1c, 0x32, 0x6a, 0x1, 0xd0,
    0x3c, 0x1, 0xc6, 0xce, 0x40, 0x10,

    /* U+003A ":" */
    0x1f, 0xb1, 0x5c, 0xa, 0x70, 0xf, 0xfe, 0x0,
    0xd3, 0x82, 0xe0,

    /* U+003B ";" */
    0x1f, 0xb1, 0x5c, 0xa, 0x70, 0xf, 0xfe, 0x0,
    0xd3, 0x82, 0xe0, 0xbe, 0x2, 0x38,

    /* U+003C "<" */
    0x0, 0xf8, 0x60, 0x3, 0xe2, 0xc1, 0x0, 0xf1,
    0xe2, 0xc8, 0x7, 0x26, 0xc4, 0x0, 0x39, 0x6a,
    0x8c, 0x1, 0xcf, 0x7a, 0x80, 0x1d, 0x35, 0x86,
    0x1, 0xc2, 0x88, 0x20, 0xf, 0xe, 0x2d, 0x0,
    0x7c, 0x38, 0x38, 0x20, 0x1f, 0x5a, 0xe1, 0x0,
    0x7d, 0x35, 0x88, 0x1, 0xf3, 0xdd, 0x94, 0x3,
    0xe5, 0xc8, 0x0, 0xfc, 0x7a, 0x0,

    /* U+003D "=" */
    0x0, 0xff, 0x4f, 0xff, 0xe4, 0x8c, 0xcf, 0xc8,
    0x26, 0x7f, 0x80, 0x3f, 0xf9, 0x33, 0xff, 0xf9,
    0x23, 0x33, 0xf2, 0x0,

    /* U+003E ">" */
    0x18, 0x0, 0xfc, 0x27, 0x82, 0x1, 0xf5, 0xb6,
    0x8, 0x7, 0xd4, 0xbe, 0x40, 0x1f, 0x44, 0x31,
    0x0, 0x3e, 0x6a, 0xa2, 0x80, 0x7c, 0x9b, 0x6e,
    0x1, 0xf1, 0xad, 0x80, 0x78, 0x70, 0x70, 0x3,
    0x8b, 0x16, 0x80, 0x39, 0x32, 0xe4, 0x3, 0x96,
    0xec, 0xc0, 0x1d, 0x17, 0x8a, 0x1, 0xc4, 0x98,
    0x60, 0x1e, 0x2c, 0x20, 0xf, 0x80,

    /* U+003F "?" */
    0x3, 0xcf, 0xea, 0x20, 0x3c, 0x27, 0x72, 0xe0,
    0xc0, 0x64, 0x4b, 0x8a, 0x28, 0x90, 0x3, 0x80,
    0xb3, 0xc0, 0x2c, 0x3, 0x21, 0x0, 0x32, 0xa2,
    0x0, 0x25, 0x94, 0xb0, 0xd, 0x7, 0x60, 0x1c,
    0x54, 0x1, 0xef, 0x60, 0xf, 0xfe, 0x9, 0x6b,
    0x80, 0x78, 0xbc, 0x2,

    /* U+0040 "@" */
    0x0, 0xa2, 0xa6, 0x90, 0x2, 0x1b, 0xb5, 0x4d,
    0x72, 0x0, 0x2e, 0xe, 0x36, 0x8a, 0x0, 0x40,
    0xe0, 0xb5, 0x75, 0x89, 0xf0, 0x9e, 0xc0, 0xe,
    0x4f, 0xcb, 0x48, 0x26, 0x5, 0xc0, 0x20, 0x66,
    0x5, 0x30, 0x10, 0x9, 0xfc, 0x39, 0x43, 0x5f,
    0x9d, 0xb4, 0x14, 0x49, 0x88, 0xf2, 0x53, 0xe9,
    0xf3, 0xc1, 0x10, 0x7d, 0xef, 0xfc, 0x60, 0xf,
    0xa1, 0x0, 0xc, 0x0, 0x47, 0x10, 0x99, 0x44,
    0x80, 0x0,

    /* U+0041 "A" */
    0x0, 0xdf, 0xa0, 0x1f, 0x20, 0x11, 0x0, 0x3d,
    0xa0, 0x5, 0x0, 0xf3, 0xa0, 0xd8, 0x7, 0x18,
    0xe3, 0x98, 0x80, 0x6b, 0x4, 0xc0, 0x40, 0xc,
    0xa2, 0x68, 0x1e, 0x1, 0x9, 0x29, 0x18, 0xa0,
    0x4, 0xe0, 0x9b, 0xa1, 0x12, 0x0, 0x34, 0x26,
    0xa9, 0x1, 0x80, 0x4, 0x26, 0x55, 0x38, 0x28,
    0x28, 0x28, 0x6, 0x42, 0x26, 0x6, 0x0, 0x6d,
    0x5,

    /* U+0042 "B" */
    0x2f, 0xfe, 0xb3, 0x0, 0xc7, 0x10, 0x75, 0xc2,
    0x0, 0x99, 0xdd, 0x1a, 0x10, 0x1, 0xf1, 0x83,
    0x0, 0x7c, 0x40, 0xe0, 0x10, 0x91, 0xf, 0x83,
    0xc0, 0x24, 0xdd, 0x61, 0xd2, 0x0, 0x47, 0x54,
    0x93, 0xa6, 0x0, 0x99, 0x54, 0xd8, 0x52, 0x20,
    0x1f, 0x30, 0x10, 0x7, 0x85, 0x40, 0x80, 0xc,
    0xee, 0x8f, 0x15, 0x10, 0x1, 0xc4, 0x18, 0xa6,
    0x80,

    /* U+0043 "C" */
    0x0, 0xa3, 0xbf, 0x10, 0x3, 0x63, 0xa4, 0xd,
    0xa8, 0x1, 0xce, 0x29, 0xf4, 0x6c, 0x1, 0x40,
    0xe0, 0x12, 0x9, 0x9, 0x20, 0x6, 0xf4, 0x2,
    0x1, 0x0, 0xcb, 0x64, 0xe0, 0x60, 0x1f, 0xfc,
    0x21, 0x30, 0x60, 0x20, 0xd, 0x38, 0x64, 0xa,
    0x1, 0x88, 0x8, 0x14, 0x54, 0x0, 0x2a, 0x42,
    0x16, 0x35, 0x2f, 0xe1, 0x20, 0x1, 0xf6, 0x78,
    0x2b, 0x40,

    /* U+0044 "D" */
    0x2f, 0xfb, 0xad, 0x80, 0x38, 0xe1, 0x96, 0x68,
    0x3, 0x33, 0xc7, 0x1a, 0xa8, 0x3, 0xef, 0x9,
    0x0, 0xf8, 0xc4, 0xc0, 0x3f, 0x10, 0x8, 0x7,
    0xce, 0x6, 0x1, 0xf3, 0x81, 0x80, 0x7c, 0x40,
    0x20, 0x1e, 0x21, 0x40, 0xf, 0xa4, 0x38, 0x2,
    0x67, 0x8e, 0x46, 0x50, 0x8, 0xe1, 0x96, 0xe4,
    0x0,

    /* U+0045 "E" */
    0xef, 0xff, 0x50, 0x5, 0x11, 0xdc, 0x0, 0x17,
    0x7e, 0x40, 0xf, 0xfe, 0x49, 0x17, 0x0, 0x43,
    0xbb, 0xc6, 0x0, 0x1a, 0xae, 0x20, 0x9, 0x57,
    0x84, 0x3, 0xff, 0x90, 0x2e, 0xfe, 0x0, 0xa2,
    0x3c, 0x20,

    /* U+0046 "F" */
    0x1f, 0xff, 0xc4, 0x0, 0x28, 0x8f, 0x10, 0x1,
    0x9d, 0xfc, 0x1, 0xff, 0xcb, 0x72, 0x2c, 0x20,
    0x18, 0xf7, 0x74, 0x0, 0x62, 0xaa, 0xd6, 0x1,
    0x99, 0x57, 0x10, 0x7, 0xff, 0x78,

    /* U+0047 "G" */
    0x0, 0xd, 0x77, 0xd9, 0x80, 0x7, 0x15, 0x9d,
    0x70, 0x82, 0x4a, 0xa2, 0x1a, 0x16, 0xc, 0x2a,
    0x0, 0x31, 0x41, 0x12, 0x80, 0x6c, 0xf2, 0x2,
    0x0, 0x8, 0x8c, 0xce, 0x1, 0xf, 0x75, 0xe0,
    0x18, 0x6e, 0xc6, 0xe, 0x4, 0x0, 0x44, 0x30,
    0x18, 0x28, 0x6, 0x60, 0x2, 0x8a, 0x80, 0x8,
    0xc0, 0x16, 0x35, 0x31, 0x80, 0x10, 0xfa, 0xb3,
    0x1d, 0x80,

    /* U+0048 "H" */
    0x2f, 0xa0, 0xd, 0xdc, 0x0, 0xff, 0xed, 0x9,
    0x16, 0x0, 0xc9, 0xbb, 0x84, 0x2, 0x3a, 0xac,
    0x20, 0x13, 0x2a, 0xe0, 0xf, 0xfe, 0xd0,

    /* U+0049 "I" */
    0xf, 0xc0, 0xf, 0xfe, 0xc0,

    /* U+004A "J" */
    0x0, 0xf7, 0xe0, 0x7, 0xff, 0x90, 0x44, 0x1,
    0xee, 0xc0, 0xe, 0x71, 0x30, 0x8, 0x80, 0x54,
    0x4c, 0x0, 0xa1, 0xbe, 0x19, 0x57, 0x2, 0xc9,
    0x86, 0xa8, 0x8c, 0x10,

    /* U+004B "K" */
    0x2f, 0xa0, 0x9, 0x3f, 0x0, 0x3c, 0x54, 0x3a,
    0x1, 0xef, 0x1d, 0x10, 0xe, 0xa2, 0xa3, 0x0,
    0xe7, 0x57, 0x50, 0xe, 0x78, 0xc, 0x0, 0xf1,
    0x8, 0x48, 0x7, 0xda, 0xe4, 0xc0, 0x1c, 0xa7,
    0x23, 0x2, 0x1, 0xe1, 0x91, 0x90, 0xf, 0x9c,
    0x9c, 0x80, 0x3e, 0x80, 0x80, 0xf, 0x94, 0xd5,
    0x0,

    /* U+004C "L" */
    0x1f, 0xb0, 0xf, 0xff, 0xf8, 0x7, 0xff, 0x59,
    0x9d, 0xfc, 0x1, 0x14, 0x47, 0x84,

    /* U+004D "M" */
    0x4f, 0xf1, 0x80, 0x1b, 0xfc, 0x40, 0x12, 0x80,
    0x3c, 0x3, 0xde, 0x0, 0x50, 0xf, 0x20, 0x0,
    0xc0, 0x39, 0x48, 0x8, 0x14, 0x3, 0x68, 0x1a,
    0x6, 0x80, 0x63, 0x5, 0xf2, 0x10, 0xe, 0x2f,
    0x57, 0x0, 0xf2, 0x20, 0xf4, 0x3, 0xde, 0x40,
    0x60, 0x1e, 0x50, 0x2, 0x0, 0x78, 0xc0, 0x80,
    0x3f, 0x1b, 0x80, 0x60,

    /* U+004E "N" */
    0x3f, 0xe0, 0xd, 0xdc, 0x0, 0xb, 0x0, 0x7e,
    0xb0, 0xf, 0x84, 0x94, 0x3, 0xce, 0x32, 0x1,
    0xf4, 0x99, 0x80, 0x3c, 0xc1, 0x0, 0x1e, 0x17,
    0x42, 0x0, 0xf4, 0x85, 0x80, 0x78, 0x55, 0x84,
    0x3, 0xd2, 0x1, 0xf8, 0xd0, 0x3, 0xf7, 0x80,
    0x0,

    /* U+004F "O" */
    0x0, 0x1e, 0x7f, 0xac, 0x80, 0x24, 0xc2, 0x76,
    0x4c, 0x10, 0x4, 0x86, 0x44, 0xd0, 0xc0, 0x11,
    0x10, 0x80, 0xa, 0x2e, 0xe, 0x6, 0x1, 0x88,
    0x44, 0x61, 0xe0, 0x19, 0xc0, 0xc4, 0x4, 0x3,
    0x8, 0x8, 0x80, 0x40, 0x30, 0x80, 0x98, 0x78,
    0x6, 0x70, 0x37, 0x3, 0x0, 0xc4, 0x22, 0x23,
    0x42, 0x0, 0x28, 0xb8, 0x3, 0xc3, 0x22, 0x68,
    0x60, 0x0, 0x78, 0x4e, 0xcb, 0x82, 0x0,

    /* U+0050 "P" */
    0xff, 0xec, 0x50, 0x8, 0x62, 0xe, 0x54, 0xc0,
    0x3, 0x77, 0x47, 0x8c, 0x0, 0x78, 0x50, 0x48,
    0x3, 0xf0, 0x80, 0x79, 0xc0, 0xc0, 0x2, 0x23,
    0x92, 0x60, 0x1, 0x77, 0x31, 0x96, 0x40, 0x5,
    0x77, 0x75, 0x0, 0x64, 0x48, 0x40, 0x3f, 0xfa,
    0x40,

    /* U+0051 "Q" */
    0x0, 0x1e, 0x7f, 0xac, 0x80, 0x24, 0xc2, 0x76,
    0x4c, 0x10, 0x4, 0x86, 0x44, 0xd0, 0xc0, 0x11,
    0x10, 0x80, 0xa, 0x2e, 0xe, 0x6, 0x1, 0x88,
    0x44, 0x61, 0xe0, 0x19, 0xc0, 0xc4, 0x4, 0x3,
    0x8, 0x8, 0x80, 0x40, 0x2, 0x1, 0x9, 0x87,
    0x80, 0x35, 0x98, 0x6, 0xe0, 0x60, 0x1, 0x83,
    0x11, 0x11, 0xa1, 0x4, 0x88, 0x38, 0x3, 0xc3,
    0x23, 0x0, 0x14, 0x0, 0x3c, 0x27, 0x64, 0x4,
    0x0, 0x8f, 0x3f, 0xad, 0xdc, 0x0,

    /* U+0052 "R" */
    0x2f, 0xfd, 0xd6, 0x80, 0x18, 0xe2, 0xe, 0x96,
    0xa0, 0x13, 0x3b, 0xa7, 0x2, 0x0, 0x3e, 0x32,
    0x20, 0x7, 0xe2, 0x20, 0x4, 0x24, 0x43, 0xb0,
    0x50, 0x9, 0x37, 0x58, 0x8d, 0x0, 0x11, 0xd4,
    0x82, 0xc8, 0x6, 0x65, 0x64, 0x52, 0x0, 0xfa,
    0x2, 0xc0, 0x3e, 0x34, 0x62, 0x0, 0xfa, 0x2,
    0xc0, 0x3e, 0x34, 0x62,

    /* U+0053 "S" */
    0x0, 0x1d, 0xff, 0xac, 0x80, 0x25, 0xc5, 0x65,
    0x4c, 0x0, 0xa0, 0x3e, 0x6a, 0x45, 0xc0, 0x4,
    0x41, 0x0, 0x3a, 0x88, 0x1, 0x9, 0x40, 0x3,
    0x4c, 0x0, 0x91, 0xac, 0x60, 0xe, 0x2e, 0x82,
    0x9e, 0x40, 0xe, 0x7e, 0xa0, 0xb5, 0x0, 0x10,
    0x80, 0x17, 0x2, 0xc1, 0x36, 0x40, 0x22, 0x31,
    0x5, 0x5, 0x0, 0x84, 0xc8, 0x5, 0x8b, 0x5e,
    0x3c, 0x20, 0x1, 0x30, 0x10, 0xcb, 0x6a, 0x0,

    /* U+0054 "T" */
    0x2f, 0xff, 0xb8, 0xa2, 0x20, 0x18, 0x88, 0x1d,
    0xe0, 0x27, 0x73, 0x0, 0x7f, 0xff, 0xc0, 0x3f,
    0xf8, 0x60,

    /* U+0055 "U" */
    0x2f, 0xa0, 0xd, 0xbe, 0x1, 0xff, 0xfc, 0x30,
    0x10, 0xe, 0x11, 0x94, 0x40, 0x4, 0x50, 0x48,
    0xe3, 0xc6, 0x4, 0x3, 0xc0, 0x43, 0x95, 0x20,

    /* U+0056 "V" */
    0xbf, 0x20, 0xc, 0xfe, 0xda, 0xa, 0x1, 0xac,
    0x1d, 0xc1, 0x80, 0x18, 0xcc, 0x22, 0x34, 0x0,
    0x94, 0x2c, 0x1, 0x60, 0x80, 0xc, 0x5, 0x0,
    0x20, 0x60, 0x1, 0xc4, 0x80, 0x6, 0x2a, 0x4,
    0x2e, 0x1, 0x9c, 0x85, 0x3, 0x40, 0x36, 0x83,
    0xe8, 0x20, 0x6, 0x40, 0xd4, 0x50, 0xf, 0x22,
    0x3, 0xc0, 0x3d, 0xa0, 0x4, 0x0, 0xf3, 0x81,
    0x88, 0x4,

    /* U+0057 "W" */
    0xdd, 0x0, 0xfe, 0x1, 0x7c, 0x31, 0x1, 0x1,
    0x3, 0x7, 0x10, 0x1, 0x40, 0x40, 0x40, 0xb8,
    0xb, 0x88, 0xc, 0x81, 0x88, 0x18, 0x90, 0x5b,
    0x80, 0x98, 0x5, 0xb8, 0x8a, 0x10, 0x20, 0x23,
    0x33, 0x6b, 0xa8, 0x8, 0xb4, 0x1b, 0x58, 0x88,
    0x0, 0x25, 0x2, 0x21, 0x8f, 0x0, 0x18, 0x8,
    0x18, 0x0, 0x40, 0x2, 0x6, 0x3, 0x0, 0x30,
    0x3, 0x80, 0x80, 0x2, 0x4, 0x0, 0x20, 0xf0,
    0x2, 0x80, 0x80,

    /* U+0058 "X" */
    0x1f, 0xd0, 0x8, 0xbe, 0xc0, 0x5c, 0x90, 0x1,
    0x61, 0x0, 0x8, 0x18, 0x1, 0x65, 0x30, 0xa,
    0xd, 0x20, 0x20, 0x3, 0x31, 0x43, 0x30, 0x80,
    0x3a, 0xc, 0x20, 0x3, 0xcc, 0x2, 0x20, 0xf,
    0x40, 0xb, 0x0, 0x72, 0x22, 0x52, 0x0, 0x3a,
    0x5, 0xa0, 0x5c, 0x2, 0x53, 0x80, 0x34, 0x81,
    0x0, 0x40, 0xb0, 0x3, 0xc2, 0x1, 0x8a, 0x0,
    0x24, 0x36, 0x20,

    /* U+0059 "Y" */
    0x6f, 0x50, 0xd, 0x3e, 0x6c, 0x30, 0x1, 0xb,
    0x29, 0x84, 0x12, 0x80, 0x20, 0x20, 0x0, 0xc5,
    0x0, 0x2c, 0xa4, 0x1, 0x59, 0x2c, 0x4, 0x0,
    0x66, 0x28, 0x66, 0x10, 0x7, 0x41, 0x5, 0x80,
    0x79, 0x40, 0xc8, 0x3, 0xff, 0xd2,

    /* U+005A "Z" */
    0xd, 0xff, 0xf6, 0x80, 0x22, 0x39, 0xc1, 0x80,
    0xa, 0xef, 0x88, 0x24, 0x3, 0xc8, 0xae, 0x40,
    0x1e, 0x92, 0x80, 0xf, 0x41, 0x48, 0x7, 0x89,
    0xd5, 0x0, 0x3d, 0xc1, 0x60, 0x1e, 0x63, 0x91,
    0x0, 0xe1, 0x83, 0x60, 0xf, 0x58, 0xf0, 0x7,
    0x8d, 0x49, 0x5d, 0xf8, 0x1c, 0xa, 0x23, 0xc2,

    /* U+005B "[" */
    0x0, 0xf0, 0xff, 0xed, 0x0, 0x4e, 0x63, 0xc0,
    0xa, 0x66, 0x20, 0xf, 0xff, 0xf8, 0x7, 0x67,
    0xfb, 0x47, 0x33, 0x78,

    /* U+005C "\\" */
    0x72, 0x0, 0xf7, 0x48, 0x7, 0xad, 0x4, 0x3,
    0x89, 0x24, 0x3, 0xde, 0xc0, 0x1e, 0x43, 0x60,
    0xf, 0x55, 0x0, 0x3c, 0xc6, 0x60, 0xe, 0x16,
    0x90, 0xf, 0x5a, 0x88, 0x7, 0x11, 0xb0, 0x7,
    0xa6, 0x40, 0x1e, 0x50, 0x50, 0xf, 0x4c, 0x80,
    0x3c, 0xc6, 0x60, 0xe, 0x15, 0xa0,

    /* U+005D "]" */
    0x0, 0xf0, 0xff, 0xed, 0x1c, 0xc9, 0x80, 0x6,
    0x77, 0x0, 0x7f, 0xff, 0xc0, 0x30, 0xff, 0xd0,
    0x3, 0x99, 0xbc,

    /* U+005E "^" */
    0x0, 0x4f, 0xf9, 0x0, 0x28, 0x68, 0x5b, 0x30,
    0x66, 0x63, 0xd4, 0x69, 0x80,

    /* U+005F "_" */
    0xee, 0xfe, 0xc0,

    /* U+0060 "`" */
    0x28, 0x70, 0x8, 0x86, 0x1c, 0x2, 0x96, 0x82,
    0x0, 0xa5, 0x78, 0x0,

    /* U+0061 "a" */
    0x0, 0x26, 0x7f, 0x59, 0x0, 0x12, 0xc2, 0x61,
    0xb0, 0x0, 0x69, 0xac, 0xc9, 0x14, 0x7, 0xb0,
    0x47, 0x90, 0x10, 0x2c, 0xeb, 0xa6, 0x0, 0xbc,
    0xaf, 0xf6, 0x0, 0x2, 0x4e, 0x80, 0xb, 0x0,
    0x8, 0x9d, 0x52, 0x9c, 0xc, 0x35, 0x6a, 0xc6,
    0xc3, 0x40,

    /* U+0062 "b" */
    0x1f, 0x80, 0xf, 0xfe, 0xc4, 0x77, 0xd1, 0x0,
    0x4e, 0xb2, 0xeb, 0x82, 0x1, 0x63, 0xc4, 0x8b,
    0x0, 0x14, 0x40, 0xc, 0x18, 0x0, 0x20, 0xc,
    0x2e, 0x0, 0x10, 0xc, 0x20, 0x13, 0x88, 0x1,
    0x41, 0x0, 0x3, 0x8d, 0x14, 0x32, 0x0, 0x74,
    0x97, 0x4c, 0x10,

    /* U+0063 "c" */
    0x0, 0x1d, 0xff, 0x59, 0x80, 0x13, 0x1a, 0x25,
    0xb0, 0xc2, 0x87, 0x1d, 0xdc, 0x14, 0x62, 0xc2,
    0x0, 0x3f, 0x97, 0xf, 0x0, 0xf3, 0x87, 0x80,
    0x68, 0x81, 0x8b, 0x8, 0x0, 0x5c, 0xc2, 0x87,
    0x1d, 0xd8, 0x10, 0x9, 0x8d, 0x12, 0xda, 0x60,

    /* U+0064 "d" */
    0x0, 0xfb, 0xe4, 0x3, 0xff, 0xa2, 0xdb, 0xf8,
    0x60, 0x13, 0xc8, 0xca, 0xe0, 0x5, 0x3, 0x8d,
    0x2e, 0x0, 0x30, 0x60, 0xa, 0x40, 0xe, 0x1e,
    0x1, 0x8, 0x1, 0xc3, 0xc0, 0x21, 0x0, 0x18,
    0x20, 0x4, 0xe0, 0x14, 0x1d, 0x23, 0x48, 0x4,
    0xf2, 0xf7, 0x6a, 0x0, 0x0,

    /* U+0065 "e" */
    0x0, 0x1d, 0xff, 0x59, 0x80, 0x13, 0x2, 0xad,
    0xb0, 0x82, 0x4a, 0xd5, 0x5e, 0x16, 0x24, 0x4f,
    0xfb, 0x41, 0x48, 0x1b, 0x33, 0xb8, 0x80, 0xcf,
    0x80, 0x44, 0x48, 0x20, 0x1, 0xc9, 0x9, 0x1f,
    0x76, 0xc0, 0x90, 0x4c, 0x58, 0x83, 0x61, 0x80,

    /* U+0066 "f" */
    0x0, 0xcb, 0xbf, 0xea, 0x0, 0x8e, 0x9a, 0x64,
    0x60, 0x12, 0x5, 0x33, 0x24, 0x3, 0xf8, 0xbf,
    0xd0, 0x1d, 0xfe, 0x42, 0xcc, 0x30, 0x5e, 0x61,
    0x0, 0xcd, 0xc0, 0xa6, 0x60, 0xf, 0xff, 0x58,

    /* U+0067 "g" */
    0x0, 0xff, 0xe0, 0x26, 0x7e, 0xb5, 0x7a, 0x1,
    0xdb, 0x52, 0xc9, 0xda, 0x82, 0x5, 0xac, 0x9,
    0x20, 0x82, 0x3, 0xa, 0x9, 0x80, 0x46, 0x51,
    0xd6, 0xb0, 0x1, 0x4b, 0x7e, 0x75, 0x0, 0x65,
    0x10, 0x31, 0x0, 0xe5, 0x54, 0xb2, 0xa0, 0x80,
    0x54, 0xf, 0x35, 0x7d, 0x20, 0x58, 0xff, 0xdc,
    0xc3, 0x70, 0x28, 0x5e, 0xec, 0xda, 0x0,

    /* U+0068 "h" */
    0xea, 0x0, 0xff, 0xea, 0x15, 0xff, 0x48, 0x1,
    0xb3, 0x24, 0x67, 0x3, 0x97, 0x3a, 0x1c, 0x1,
    0x70, 0x8, 0xdc, 0x14, 0x3, 0xe1, 0x0, 0xff,
    0xe9, 0x0,

    /* U+0069 "i" */
    0xfa, 0x13, 0xe9, 0x0, 0x7d, 0x0, 0x7f, 0xf1,
    0x0,

    /* U+006A "j" */
    0x0, 0xcd, 0xe6, 0x1, 0x8c, 0x4, 0x3, 0x2f,
    0x90, 0x7, 0xfc, 0xde, 0x60, 0x1f, 0xfe, 0xb1,
    0x29, 0x66, 0x41, 0x10, 0x12, 0x64, 0xbe, 0x0,

    /* U+006B "k" */
    0xdb, 0x0, 0xff, 0xed, 0xe7, 0x10, 0x7, 0x61,
    0x61, 0x0, 0x6c, 0x2c, 0x20, 0x9, 0xec, 0xc8,
    0x80, 0x18, 0xd6, 0x4d, 0x80, 0x30, 0xe3, 0x2c,
    0x8, 0x4, 0xa4, 0x16, 0x36, 0x1, 0xe1, 0x75,
    0x30, 0xf, 0x40, 0xf0, 0x0,

    /* U+006C "l" */
    0xdb, 0x0, 0xff, 0xe6, 0x0,

    /* U+006D "m" */
    0xbe, 0x6e, 0xe2, 0x4f, 0xe0, 0x80, 0xed, 0x8d,
    0x84, 0x1b, 0x0, 0x29, 0x44, 0x52, 0xe1, 0xe0,
    0x22, 0x3, 0x50, 0xf, 0xff, 0x50,

    /* U+006E "n" */
    0xea, 0x3c, 0xfe, 0x90, 0x3, 0xec, 0xf4, 0xb3,
    0x81, 0x5a, 0x8b, 0x8e, 0x0, 0xa8, 0x4, 0x6e,
    0xa, 0x1, 0xf0, 0x80, 0x7f, 0xf4, 0x80,

    /* U+006F "o" */
    0x0, 0x1d, 0xff, 0xa8, 0x80, 0x24, 0xc5, 0x88,
    0x26, 0x10, 0x2, 0x47, 0xdd, 0xd8, 0x32, 0x4,
    0x47, 0x10, 0x1, 0x22, 0x1, 0x83, 0x80, 0x31,
    0x0, 0xb8, 0x70, 0x6, 0x20, 0x13, 0x17, 0x10,
    0x1, 0x22, 0x0, 0x14, 0x38, 0xee, 0xc1, 0x90,
    0x2, 0x63, 0x44, 0x13, 0x8, 0x0,

    /* U+0070 "p" */
    0x1f, 0x9a, 0xff, 0x59, 0x0, 0x4c, 0x37, 0x4b,
    0x82, 0x0, 0x1b, 0x45, 0xa1, 0x90, 0x3, 0x80,
    0x48, 0x6, 0x0, 0x10, 0xc, 0x2e, 0x0, 0x20,
    0xc, 0x2e, 0x0, 0x51, 0x0, 0x30, 0x60, 0x5,
    0x8d, 0x12, 0x2c, 0x0, 0x74, 0x87, 0x4c, 0x10,
    0xa, 0x7b, 0xec, 0x80, 0x3f, 0xc0,

    /* U+0071 "q" */
    0x0, 0x36, 0xfe, 0xa7, 0xc8, 0x3c, 0x8c, 0xa5,
    0x80, 0x50, 0x58, 0xd3, 0x0, 0x3, 0x5, 0x0,
    0x98, 0x0, 0xe1, 0xe0, 0x10, 0x80, 0x1c, 0x3c,
    0x2, 0x10, 0x1, 0x82, 0x80, 0x52, 0x1, 0x41,
    0x63, 0x4b, 0x80, 0x4f, 0x23, 0x29, 0x60, 0x19,
    0xb7, 0xf5, 0x0, 0x3f, 0xe0,

    /* U+0072 "r" */
    0xf9, 0x7, 0xdc, 0x0, 0x5c, 0x3d, 0x83, 0x3f,
    0x53, 0x80, 0x34, 0x40, 0x25, 0x10, 0xc, 0x60,
    0x1f, 0xfc, 0xa0,

    /* U+0073 "s" */
    0x4, 0xce, 0xe5, 0x98, 0x1d, 0xbd, 0xd9, 0xf0,
    0x50, 0x25, 0x55, 0xce, 0x66, 0xe, 0x52, 0x24,
    0x12, 0x48, 0xd6, 0xf3, 0x80, 0x1b, 0x7e, 0xd6,
    0x16, 0x70, 0x0, 0x94, 0x1b, 0xe7, 0x4a, 0xaa,
    0xc, 0x6a, 0x6b, 0xa7, 0xa4,

    /* U+0074 "t" */
    0x0, 0x99, 0x80, 0x1f, 0x55, 0x0, 0x3f, 0xf8,
    0x2f, 0xfe, 0x33, 0x7f, 0xc0, 0xd9, 0x82, 0x26,
    0x64, 0x2, 0x66, 0x11, 0x19, 0xc0, 0x1f, 0xfd,
    0x37, 0x10, 0xf, 0xb4, 0xa1, 0xa1, 0xc0, 0x26,
    0x85, 0x96, 0x10,

    /* U+0075 "u" */
    0xea, 0x0, 0xdb, 0x80, 0x1f, 0xfd, 0xa2, 0x3,
    0x60, 0xa, 0x0, 0x8, 0x6c, 0x2e, 0xc2, 0x10,
    0xb1, 0xd9, 0x83, 0x0,

    /* U+0076 "v" */
    0x1f, 0x80, 0xd, 0xb8, 0x26, 0xa0, 0x11, 0x12,
    0x82, 0x88, 0xc0, 0x14, 0xe, 0xc, 0x16, 0x0,
    0x54, 0x10, 0x2, 0xb0, 0x19, 0x70, 0x5, 0xc2,
    0x94, 0xa, 0x1, 0x20, 0xeb, 0xb0, 0x7, 0x3b,
    0xd, 0x0, 0x75, 0x0, 0x98, 0x0,

    /* U+0077 "w" */
    0xdc, 0x1, 0xfc, 0x1, 0xf7, 0x43, 0x5, 0x3,
    0x5, 0x3, 0xf0, 0x23, 0x40, 0x23, 0x5, 0x40,
    0x6d, 0x32, 0x7e, 0x21, 0x20, 0x37, 0xd7, 0xd5,
    0x70, 0x2, 0x69, 0x3e, 0x99, 0xb0, 0x0, 0x6a,
    0x4, 0x68, 0xa, 0x0, 0xc0, 0x30, 0x50, 0x1,
    0x80, 0x14, 0x14, 0x4, 0x46, 0x0,

    /* U+0078 "x" */
    0xb, 0xf2, 0x0, 0x37, 0xb0, 0x50, 0x48, 0xc,
    0xa3, 0x0, 0xca, 0x2d, 0x85, 0x0, 0x4c, 0x96,
    0xb2, 0x20, 0x1b, 0xc4, 0x4c, 0x1, 0xd2, 0x22,
    0x80, 0xd, 0x5, 0xae, 0xe3, 0x0, 0x23, 0xb8,
    0xe0, 0xb4, 0x6, 0x8a, 0x0, 0x1c, 0x34,

    /* U+0079 "y" */
    0x2f, 0x80, 0xd, 0xba, 0x2, 0x36, 0x0, 0x8c,
    0xa8, 0x1, 0x22, 0x80, 0xa, 0x6, 0x0, 0x28,
    0xf8, 0x1, 0xd4, 0x40, 0x27, 0x41, 0x51, 0x90,
    0xd, 0x60, 0xdc, 0x46, 0x1, 0x88, 0xe5, 0x28,
    0x3, 0xd2, 0x20, 0xc0, 0x1e, 0x50, 0x51, 0x0,
    0xc8, 0xf4, 0x12, 0x1, 0xc3, 0x9, 0x26, 0x1,
    0x80,

    /* U+007A "z" */
    0x9f, 0xff, 0x24, 0x66, 0x61, 0x12, 0x89, 0x9d,
    0x23, 0x42, 0x1, 0x3a, 0xca, 0x0, 0x49, 0xc,
    0xc0, 0x8, 0xa8, 0xe4, 0x3, 0x78, 0x68, 0x6,
    0xa2, 0x92, 0x33, 0x89, 0x2, 0x33, 0x34, 0x0,

    /* U+007B "{" */
    0x1, 0xbf, 0x80, 0x64, 0xc8, 0xf, 0x3, 0x0,
    0xff, 0xe5, 0x10, 0x80, 0x21, 0x58, 0x1, 0x26,
    0xa0, 0x1, 0x42, 0x0, 0xff, 0xe5, 0xf8, 0x18,
    0x1, 0x8f, 0x20,

    /* U+007C "|" */
    0xdb, 0x0, 0xff, 0xec, 0x0,

    /* U+007D "}" */
    0xce, 0x90, 0x6, 0x4b, 0x18, 0x0, 0xc1, 0xc0,
    0x3f, 0xf9, 0x4a, 0x6, 0x0, 0x13, 0x84, 0x1,
    0x36, 0x40, 0x50, 0xd0, 0xf, 0xfe, 0x51, 0x3,
    0x86, 0x42, 0x98, 0x0,

    /* U+007E "~" */
    0x3, 0x72, 0x0, 0x88, 0xb, 0x23, 0x54, 0xb,
    0x2, 0x1f, 0x9e, 0xb3, 0xc, 0x1f, 0x3, 0x14,
    0x49, 0x0,

    /* U+00B0 "°" */
    0x0, 0x84, 0x2, 0x9b, 0xa8, 0x4, 0xb, 0xb2,
    0x8, 0xc0, 0x19, 0x4e, 0x6d, 0x44, 0x2e, 0xd3,
    0x20,

    /* U+4E0D "不" */
    0x17, 0x66, 0xff, 0xe2, 0x1c, 0x4c, 0xff, 0xf0,
    0xe0, 0xbb, 0xff, 0xda, 0xd, 0xff, 0xf0, 0x8,
    0x7, 0xa4, 0x20, 0x3, 0xc2, 0x1, 0xf2, 0xa3,
    0x8, 0x7, 0xff, 0x4, 0x6c, 0x4, 0x4, 0x3,
    0xff, 0x81, 0xa2, 0x1, 0x6e, 0x0, 0x7f, 0xa8,
    0xe8, 0x2, 0xa3, 0xc1, 0x0, 0xfa, 0x96, 0x14,
    0x2, 0x69, 0x3c, 0x10, 0xe, 0xb5, 0x77, 0x0,
    0x73, 0x39, 0x60, 0x80, 0xf, 0x52, 0x20, 0x1,
    0xf4, 0x31, 0x68, 0xb6, 0x15, 0x38, 0x7, 0xf4,
    0xa1, 0xa3, 0x2e, 0xa8, 0x7, 0xfd, 0x74, 0xa1,
    0x44, 0x1, 0xff, 0xc1, 0x50, 0xf, 0xff, 0x0,
    0x80, 0x80, 0x7f, 0xf3, 0x80,

    /* U+4E0E "与" */
    0x0, 0x84, 0x80, 0x3f, 0xf8, 0x8d, 0xaa, 0x1,
    0xff, 0xc3, 0xf0, 0x70, 0xf, 0xfe, 0x18, 0x83,
    0xaa, 0xff, 0x33, 0x0, 0x31, 0x5, 0x57, 0xfa,
    0x64, 0x40, 0x13, 0x27, 0xff, 0xff, 0x0, 0x80,
    0x22, 0x20, 0x7, 0xff, 0xc, 0x83, 0x80, 0x3f,
    0xf8, 0x6c, 0x1c, 0xcd, 0xff, 0x20, 0x4, 0x22,
    0x78, 0x8f, 0xf4, 0xe8, 0x4, 0xbd, 0xdf, 0xf6,
    0x7, 0x0, 0x7f, 0xf0, 0xc4, 0x8, 0x9, 0xc,
    0xff, 0xc8, 0xc, 0xc, 0xb, 0x79, 0x9f, 0xeb,
    0x12, 0x2, 0x6, 0xcc, 0xff, 0xe0, 0xf, 0x0,
    0x80, 0x99, 0xff, 0xf0, 0x0, 0x88, 0x1, 0xff,
    0xc3, 0x24, 0x60, 0xf, 0xfe, 0x2, 0x77, 0x34,
    0x38, 0x3, 0xff, 0x80, 0x84, 0xad, 0x8a, 0x0,

    /* U+4E24 "两" */
    0x14, 0x33, 0xff, 0xe1, 0x21, 0xad, 0xe6, 0x7f,
    0xf0, 0xaf, 0xd3, 0xbf, 0xf3, 0xf, 0xfc, 0xf,
    0xff, 0xb4, 0x4, 0x3, 0x19, 0x80, 0x3f, 0x84,
    0x3, 0xc2, 0x20, 0xd, 0xe0, 0x1e, 0xdf, 0xfc,
    0x87, 0xff, 0x4, 0x7f, 0xdc, 0x1, 0x1c, 0xcc,
    0x9, 0x32, 0x70, 0x89, 0x92, 0x8, 0x4, 0xcd,
    0x20, 0x73, 0x33, 0x81, 0xd9, 0x84, 0x20, 0x1e,
    0x50, 0x10, 0x7, 0x90, 0x7, 0xfd, 0x41, 0x68,
    0xe, 0x4c, 0x1, 0xfc, 0xa5, 0x27, 0x6a, 0x25,
    0x30, 0x1, 0xf0, 0xd9, 0x37, 0x47, 0x86, 0x3b,
    0xa8, 0x3, 0xd6, 0x3c, 0x4, 0x8a, 0xc3, 0xd,
    0xa0, 0x1e, 0xaa, 0x18, 0x3, 0x82, 0x0, 0x12,
    0xe0, 0x1f, 0x28, 0x5, 0x12, 0x20, 0x1f, 0xfc,
    0x35, 0x60, 0xe, 0x20, 0x8, 0xc0, 0x3f, 0xcb,
    0xbc, 0x8a, 0x1, 0xff, 0xc1, 0x43, 0x26, 0xa0,

    /* U+4EAE "亮" */
    0x0, 0xfc, 0x60, 0x1f, 0xfc, 0x48, 0xc5, 0x0,
    0xfe, 0x76, 0x6e, 0x0, 0x4b, 0x37, 0x9c, 0x86,
    0x62, 0x17, 0x72, 0x90, 0xdd, 0xf4, 0x4b, 0xf,
    0x75, 0xbb, 0xff, 0x77, 0x10, 0x2, 0x9f, 0xff,
    0xf3, 0x0, 0x7e, 0xcd, 0xdf, 0x48, 0x7, 0xff,
    0x14, 0x40, 0x3f, 0xd9, 0xbb, 0xe8, 0x0, 0xfd,
    0x3f, 0xff, 0xe6, 0x0, 0xa7, 0xff, 0xff, 0x89,
    0x60, 0xa, 0xbb, 0xff, 0xe0, 0x80, 0x98, 0x2a,
    0x21, 0x59, 0xbc, 0x89, 0x84, 0x2b, 0xc0, 0x2d,
    0xdf, 0x84, 0x2, 0xea, 0x0, 0xe1, 0xf, 0xf9,
    0x80, 0x3f, 0xf8, 0x4, 0x60, 0x1f, 0xc4, 0x1,
    0xce, 0x16, 0x1, 0xfd, 0x92, 0x6, 0xd9, 0x6,
    0xe0, 0x10, 0x84, 0xa2, 0x18, 0x4c, 0x2e, 0x4d,
    0xf0, 0x3, 0x50, 0xbd, 0xda, 0x4a, 0x2, 0x27,
    0xa0, 0x3, 0x8b, 0xbf, 0xf6, 0x90,

    /* U+4F20 "传" */
    0x0, 0xff, 0x8c, 0x40, 0x3f, 0xc5, 0xcc, 0x1,
    0xb2, 0xc0, 0x3f, 0xd4, 0x22, 0x0, 0x88, 0x30,
    0x3, 0xfc, 0xa2, 0xe6, 0x72, 0x1, 0x9f, 0x80,
    0x32, 0x94, 0x86, 0x65, 0x21, 0x59, 0x9b, 0x80,
    0x34, 0x2, 0x87, 0x7f, 0x94, 0x7f, 0xf7, 0x60,
    0x4, 0xa4, 0x1, 0x8, 0x1, 0x94, 0x3, 0x8,
    0x80, 0x3, 0x60, 0x12, 0xae, 0x31, 0x55, 0xf2,
    0x5, 0x8b, 0x80, 0x2a, 0xb0, 0x2d, 0x57, 0xa4,
    0x95, 0xf4, 0x1, 0xff, 0x48, 0x77, 0xff, 0xb4,
    0xae, 0x0, 0x3d, 0xa4, 0x64, 0x5c, 0x1, 0x20,
    0x7, 0xc8, 0x5b, 0xbd, 0x80, 0x1f, 0xf6, 0xef,
    0x40, 0x48, 0x7, 0xfc, 0x45, 0xd8, 0xc, 0x1,
    0xff, 0xc0, 0xa3, 0x2, 0x46, 0x10, 0xf, 0xf8,
    0xd7, 0x2e, 0x2, 0xc0, 0x3f, 0xf8, 0x7, 0xcc,
    0x8a, 0x26, 0x1, 0xf8, 0x40, 0x30, 0xce, 0x18,
    0xf3, 0x0, 0x71, 0x0, 0x7e, 0x3c, 0x90, 0xf0,
    0xe, 0x7f, 0x30, 0xf, 0xcd, 0xb0, 0x0,

    /* U+4F4E "低" */
    0x0, 0xc4, 0x40, 0xf, 0xfe, 0x35, 0xe8, 0x80,
    0x7c, 0x2a, 0xa0, 0xf, 0x9d, 0x4, 0xd1, 0x5a,
    0x2b, 0x7a, 0xac, 0x40, 0x38, 0xc7, 0x83, 0x6e,
    0xe4, 0x56, 0xac, 0xf1, 0x0, 0xe9, 0x5, 0x3,
    0x6e, 0xdc, 0xd, 0x53, 0x10, 0xe, 0x15, 0x0,
    0xfe, 0x10, 0xf, 0xd2, 0x1, 0xfc, 0x20, 0x1f,
    0x85, 0xc4, 0x3, 0xf1, 0xf8, 0x7, 0xd4, 0xc,
    0x1, 0x9b, 0xfe, 0x27, 0xff, 0xc2, 0x2, 0xd1,
    0xe0, 0x19, 0x2e, 0xe4, 0x2b, 0xb5, 0x50, 0x40,
    0x71, 0xc0, 0x38, 0x91, 0x23, 0x32, 0x21, 0x54,
    0x1, 0x8, 0x7, 0xfb, 0x44, 0x3, 0xff, 0x8c,
    0xe0, 0x80, 0x1f, 0xfc, 0x37, 0x32, 0x1c, 0x0,
    0xff, 0xe1, 0x3c, 0x28, 0x3b, 0x0, 0x8, 0x3,
    0xfc, 0xf0, 0xec, 0x14, 0x2e, 0x17, 0x80, 0x1b,
    0xc0, 0x2, 0x43, 0x27, 0x60, 0x6b, 0x8, 0x87,
    0x0, 0xf8, 0x4e, 0x9b, 0xd2, 0x42, 0xca, 0xcb,
    0x80, 0x3c, 0x21, 0x8a, 0x8, 0xfe, 0x3, 0x8f,
    0xa, 0x0,

    /* U+4F9D "依" */
    0x0, 0xe1, 0x0, 0xff, 0xe2, 0xa7, 0x10, 0x4,
    0x7e, 0xe0, 0x1f, 0xee, 0x22, 0x0, 0x46, 0x36,
    0x1, 0xfc, 0x2b, 0x46, 0x7c, 0xa6, 0x7e, 0x10,
    0xa, 0x41, 0x77, 0x33, 0x20, 0x66, 0x72, 0x80,
    0x4c, 0x7, 0x9b, 0xb3, 0x6, 0x6e, 0xf2, 0x0,
    0x1c, 0x40, 0x4, 0x59, 0x48, 0xc8, 0xb8, 0x0,
    0x30, 0x1, 0xe2, 0x34, 0xa3, 0x0, 0x28, 0x80,
    0x2c, 0x1c, 0x3, 0xa0, 0x2d, 0x54, 0x5, 0x58,
    0x6, 0xaf, 0xc0, 0x18, 0x95, 0x8, 0xf0, 0xbc,
    0x24, 0xd, 0xe0, 0x3, 0xbc, 0x2, 0xb5, 0xc3,
    0xc4, 0x0, 0x40, 0x7, 0x51, 0x8, 0x1, 0x40,
    0xfc, 0xc0, 0x3f, 0x4a, 0xc1, 0x0, 0x8, 0xc0,
    0x40, 0x3f, 0x33, 0x4e, 0x1, 0xa4, 0x94, 0x3,
    0xf3, 0x44, 0x80, 0x72, 0x8d, 0x80, 0x7f, 0x38,
    0x6, 0x2d, 0x1b, 0x1a, 0x0, 0xff, 0xe0, 0x36,
    0x19, 0x95, 0x6b, 0x10, 0xf, 0xc4, 0x64, 0x4c,
    0x20, 0xa3, 0x42, 0x0, 0x84, 0xc, 0x0, 0x46,
    0xb8, 0x40, 0x16, 0x60, 0xc0, 0x27, 0xf2, 0x0,
    0xb6, 0x80, 0x3c, 0x60,

    /* U+503C "值" */
    0x0, 0xff, 0xe6, 0x1f, 0x30, 0x6, 0x9e, 0x50,
    0xf, 0xf5, 0x9, 0x80, 0x70, 0xb8, 0x7, 0xf9,
    0xc9, 0xff, 0xf3, 0x6, 0xff, 0xe4, 0x0, 0xcc,
    0x36, 0x55, 0x4b, 0xb1, 0x85, 0xdd, 0x54, 0x50,
    0xd, 0x0, 0xe0, 0xaa, 0x44, 0x1, 0x22, 0x4a,
    0xa1, 0x0, 0x9c, 0x40, 0x37, 0xfc, 0x65, 0xff,
    0x70, 0x6, 0x28, 0x0, 0xf3, 0x6e, 0xf3, 0x80,
    0x77, 0x83, 0x0, 0x71, 0x88, 0xf8, 0x3, 0x86,
    0x3c, 0x3, 0x97, 0x33, 0x98, 0x3, 0xb1, 0xc0,
    0x3c, 0xff, 0xfd, 0x0, 0x1f, 0xfc, 0x17, 0xee,
    0xe8, 0x0, 0xff, 0xe0, 0xad, 0x57, 0x30, 0x7,
    0xff, 0x4, 0xd9, 0xb8, 0x40, 0x3f, 0xf8, 0x2d,
    0xbb, 0xce, 0x1, 0xff, 0xc1, 0x7f, 0xfe, 0x70,
    0xf, 0xe3, 0x66, 0x1, 0xb3, 0x71, 0xb, 0x30,
    0x40, 0x21, 0x6, 0x88, 0xa, 0xc4, 0x72, 0xc,
    0x40, 0xc0, 0x39, 0xbb, 0xbf, 0xf8, 0x24,

    /* U+50CF "像" */
    0x0, 0xff, 0x10, 0x7, 0xff, 0x6, 0x70, 0xc0,
    0x9, 0xb2, 0x1, 0xff, 0xc0, 0x72, 0x30, 0x1a,
    0xd, 0x22, 0x84, 0x3, 0xe3, 0x19, 0x0, 0x50,
    0x85, 0xee, 0xce, 0x1, 0xf5, 0x3, 0x5, 0xa4,
    0xff, 0xcc, 0x4c, 0x1, 0xe1, 0x61, 0x16, 0x20,
    0x4f, 0xfc, 0xc5, 0xff, 0x8, 0x5, 0x0, 0x15,
    0x38, 0x66, 0xe0, 0x4e, 0xea, 0x0, 0x40, 0x6,
    0xc2, 0x0, 0x6c, 0x1, 0x35, 0x7, 0x33, 0x8,
    0x6, 0xe1, 0x90, 0x8, 0x43, 0x7a, 0x43, 0xba,
    0x90, 0x10, 0x4, 0x58, 0x80, 0x4b, 0xf8, 0x41,
    0xbf, 0xf6, 0x78, 0x80, 0x15, 0x40, 0x18, 0xeb,
    0x18, 0x28, 0x7, 0x30, 0x60, 0x1f, 0xa3, 0x1e,
    0xfc, 0x1e, 0x78, 0xa8, 0xc0, 0x3f, 0x4c, 0xb4,
    0xae, 0x15, 0x94, 0x14, 0x3, 0xf8, 0x56, 0xe6,
    0x95, 0x2, 0x41, 0xc0, 0x3f, 0xa7, 0x3, 0x43,
    0x54, 0x16, 0x20, 0x60, 0x1f, 0xa2, 0xa9, 0x14,
    0xf6, 0x20, 0xc7, 0x8a, 0x1, 0x84, 0x0, 0x7b,
    0xc9, 0x50, 0x2, 0x61, 0xa6, 0x40, 0x1f, 0x99,
    0x9e, 0x87, 0x20, 0xe0, 0x38, 0xe0, 0x1b, 0xc4,
    0xb, 0xa4, 0x4f, 0x1a, 0x8, 0x3, 0xf4, 0x78,
    0x7, 0x15, 0x73, 0x80, 0x78,

    /* U+5149 "光" */
    0x0, 0xfe, 0xbd, 0x0, 0xff, 0xe3, 0x30, 0x7,
    0xff, 0x9, 0xc4, 0x2, 0x10, 0xc, 0x3a, 0xc0,
    0x1e, 0x88, 0x58, 0x7, 0xe9, 0x2e, 0x0, 0xf4,
    0x12, 0xa8, 0x3, 0xc6, 0xe7, 0x0, 0x1f, 0x70,
    0x58, 0x7, 0xb8, 0x38, 0x3, 0xf1, 0xbd, 0x0,
    0x7b, 0xa8, 0x80, 0x39, 0x59, 0xae, 0x26, 0x60,
    0x9b, 0x31, 0x4d, 0x9b, 0x0, 0x22, 0x67, 0xe2,
    0x19, 0x9f, 0xa0, 0x1, 0xbf, 0xfc, 0xb, 0xfe,
    0x15, 0xff, 0xee, 0x0, 0xfe, 0x30, 0xf, 0xfe,
    0x2a, 0x7, 0x80, 0x7f, 0xf1, 0x78, 0x1c, 0x3,
    0xff, 0x88, 0x8a, 0xa1, 0x0, 0xfc, 0x80, 0x1e,
    0x5b, 0x1b, 0x0, 0xfe, 0xbc, 0x0, 0xa, 0xe5,
    0xe, 0x8, 0x6, 0x73, 0x22, 0x38, 0x28, 0xf,
    0xd1, 0xb7, 0x90, 0x6, 0x72, 0xcd, 0xd4, 0xc,
    0x0, 0xdb, 0xec, 0x88, 0x7, 0x4f, 0x6e, 0xee,
    0x10,

    /* U+5165 "入" */
    0x0, 0xff, 0xe7, 0x4b, 0x0, 0x7f, 0xf1, 0x4d,
    0xe6, 0x40, 0x1f, 0xfc, 0x43, 0xe4, 0x69, 0x0,
    0xff, 0xe2, 0xd9, 0xb3, 0x0, 0x3f, 0xf8, 0xba,
    0x32, 0x20, 0x1f, 0xfc, 0x41, 0x0, 0x48, 0x7,
    0xff, 0x11, 0x84, 0x4e, 0x1, 0xff, 0xc4, 0xb3,
    0xb0, 0x60, 0xf, 0xfe, 0x13, 0x14, 0xa8, 0xd8,
    0x7, 0xff, 0xa, 0x5, 0x41, 0x89, 0x40, 0x3f,
    0xf8, 0x12, 0x36, 0x0, 0x90, 0x80, 0xf, 0xf9,
    0x19, 0x14, 0x0, 0x2e, 0x52, 0x1, 0xfc, 0x56,
    0x32, 0x1, 0xa0, 0x59, 0x80, 0x1f, 0x16, 0x6,
    0x90, 0x7, 0x50, 0x4c, 0x0, 0x72, 0x60, 0xd1,
    0x80, 0x79, 0x24, 0x1f, 0x8, 0x1, 0x36, 0x32,
    0xa0, 0x1f, 0x9a, 0x40, 0xf8, 0x3, 0x5b, 0x0,
    0x7f, 0x9a, 0xcb, 0x40, 0x13, 0xa8, 0x1, 0xff,
    0xc0, 0x4d, 0x10,

    /* U+5173 "关" */
    0x0, 0xff, 0xe5, 0x1e, 0x8, 0x6, 0x8a, 0x20,
    0xf, 0xce, 0x74, 0x1, 0x95, 0x46, 0x1, 0xf9,
    0x19, 0x18, 0x0, 0x85, 0x2, 0x1, 0xfd, 0xa,
    0xe0, 0xe, 0x17, 0x0, 0xf2, 0x7f, 0xdc, 0xbd,
    0xfe, 0x51, 0xff, 0xc8, 0x0, 0x59, 0x9f, 0x2,
    0x4c, 0xf9, 0x80, 0x2, 0xcd, 0xe1, 0x26, 0x6f,
    0x10, 0x7, 0xff, 0x64, 0xbb, 0x77, 0xc2, 0xdf,
    0xff, 0x21, 0xcd, 0xdf, 0x28, 0x2, 0x26, 0x7a,
    0x18, 0x5d, 0x9b, 0x84, 0x1, 0x8c, 0xdc, 0xe4,
    0x1, 0xe3, 0x66, 0x4a, 0x48, 0x7, 0xfc, 0x7a,
    0x50, 0xca, 0xd6, 0x20, 0x1f, 0x9f, 0xf, 0xc4,
    0x29, 0x93, 0xa0, 0x40, 0x21, 0x6d, 0x85, 0xd2,
    0x0, 0xa6, 0x40, 0xfd, 0x88, 0x5d, 0x23, 0x74,
    0x1, 0xe6, 0xe6, 0x2, 0x52, 0xab, 0xc4, 0x0,
    0xfc, 0x33, 0xda, 0x20,

    /* U+51FA "出" */
    0x0, 0xff, 0xe5, 0xfc, 0x80, 0x7e, 0x31, 0x0,
    0xe1, 0x0, 0xc4, 0x20, 0x38, 0xc0, 0x1f, 0xed,
    0x80, 0x8, 0x40, 0x3f, 0xc2, 0x1, 0xff, 0xd8,
    0xe3, 0x3c, 0x2, 0x67, 0x84, 0x3, 0x3e, 0x66,
    0x6, 0xcc, 0xc0, 0x10, 0xf7, 0x78, 0x1b, 0xbb,
    0xa0, 0x10, 0x84, 0x78, 0x4, 0x78, 0x8, 0x6e,
    0x80, 0x3f, 0xe5, 0xc4, 0x10, 0xf, 0xfe, 0x3,
    0x80, 0x80, 0x7f, 0xf9, 0x5, 0xbb, 0xb8, 0x1f,
    0xbb, 0x60, 0x2, 0x65, 0x11, 0xd3, 0x28, 0x8c,
    0xe0, 0x6, 0x6f, 0xfe, 0xd, 0x80, 0x80,

    /* U+5207 "切" */
    0x0, 0x8e, 0x84, 0x3, 0xff, 0x88, 0xca, 0x1,
    0x1a, 0xa9, 0x13, 0xe1, 0x0, 0xfd, 0x75, 0x4b,
    0xbf, 0x90, 0x3, 0xf4, 0x7f, 0xb0, 0x2b, 0xfd,
    0x80, 0x20, 0x1f, 0xfc, 0x67, 0x0, 0xe4, 0x69,
    0x50, 0x3, 0x80, 0x80, 0x1c, 0x4, 0x5d, 0xf4,
    0x15, 0x28, 0x40, 0x1, 0x7, 0x0, 0x8, 0x0,
    0x5e, 0x18, 0x3b, 0xf5, 0xc0, 0x6, 0x2, 0x0,
    0x30, 0x30, 0x97, 0xc0, 0xf, 0xb8, 0x8, 0x0,
    0x20, 0x20, 0x1f, 0xf2, 0x10, 0x7, 0xff, 0x8,
    0x80, 0x4d, 0x0, 0x2f, 0x0, 0xfc, 0x5b, 0xc0,
    0xc1, 0xa0, 0x10, 0x88, 0x3, 0xd1, 0xa1, 0x1,
    0x42, 0x80, 0x11, 0x98, 0x3, 0x70, 0x33, 0xea,
    0x41, 0x40, 0x7, 0xfc, 0x59, 0x0, 0xce, 0x8c,
    0x1, 0x98, 0x40, 0x35, 0x69, 0x83, 0x49, 0x50,
    0x1, 0x1a, 0x4d, 0x80, 0x30, 0x80, 0x26, 0x45,
    0x82, 0x0, 0x29, 0x60, 0xe0, 0xf, 0xa1, 0xb0,
    0x40, 0x27, 0x75, 0x72, 0x0,

    /* U+5219 "则" */
    0x0, 0xff, 0xe2, 0x1b, 0x0, 0x48, 0x9f, 0x88,
    0x3, 0xaa, 0x44, 0x1, 0x77, 0xfa, 0x80, 0x38,
    0x40, 0x40, 0x25, 0xff, 0xdc, 0x1, 0xbe, 0x40,
    0x3f, 0x84, 0x3, 0x78, 0x7, 0xff, 0x6, 0xbc,
    0x80, 0x3f, 0xf8, 0x82, 0x4, 0x1, 0xff, 0xd8,
    0x10, 0xf, 0xfe, 0xc0, 0x98, 0x7, 0xff, 0x15,
    0x58, 0x2, 0xf0, 0xf, 0xf8, 0xc4, 0x46, 0x0,
    0x2f, 0x0, 0xff, 0x7c, 0xb0, 0x58, 0xe, 0xb8,
    0x7, 0xfc, 0x32, 0x44, 0xda, 0x0, 0xcf, 0x80,
    0x1f, 0x50, 0xc8, 0xa2, 0xe9, 0x0, 0x21, 0x40,
    0x38, 0xb1, 0x19, 0x2, 0x64, 0x58, 0x20, 0x18,
    0x40, 0x2f, 0x36, 0x90, 0x9, 0xaa, 0x4, 0x0,
    0x9a, 0xc0, 0x16, 0x54, 0x80, 0x72, 0xb0, 0x4,
    0xa4, 0x72, 0x0, 0x15, 0x0, 0xff, 0x87, 0xf1,
    0x80,

    /* U+5236 "制" */
    0x0, 0xff, 0xe6, 0x4f, 0x90, 0x7, 0xe7, 0xd1,
    0x0, 0x5b, 0x80, 0x46, 0x1, 0xfb, 0xc8, 0x0,
    0x69, 0xc0, 0x1f, 0x85, 0x8, 0x3c, 0x2, 0xb0,
    0x4c, 0x70, 0xdc, 0xc8, 0x4e, 0xd4, 0x3, 0xb,
    0x92, 0xa1, 0x2, 0x26, 0x3, 0x1, 0x0, 0xc6,
    0x69, 0x88, 0x28, 0x4c, 0x44, 0x20, 0x1f, 0xa1,
    0xcc, 0xe0, 0x53, 0x32, 0x10, 0x7, 0xc9, 0x79,
    0x92, 0x85, 0xe6, 0x2e, 0xc0, 0x1f, 0x37, 0xfe,
    0x60, 0xef, 0xfa, 0x40, 0x3f, 0xf9, 0xef, 0xdd,
    0x30, 0x7f, 0x74, 0x80, 0x1f, 0xc3, 0x10, 0x40,
    0x88, 0x38, 0x80, 0x7f, 0xce, 0xc4, 0xe, 0xd8,
    0xe, 0x60, 0x1f, 0xfc, 0x33, 0x0, 0x8c, 0xc0,
    0x1d, 0xe0, 0x1e, 0x7b, 0x1, 0x2c, 0x50, 0xf,
    0xfe, 0x7, 0x9b, 0x90, 0x6, 0xd0, 0xa, 0x38,
    0x40, 0x34, 0x74, 0x0, 0x4f, 0xea, 0x2, 0x0,
    0x10, 0xc, 0x60, 0x1e, 0x40, 0x3a, 0x0, 0xf4,
    0xf9, 0x0, 0x78, 0xff, 0x14, 0x0,

    /* U+52A8 "动" */
    0x0, 0xff, 0xe0, 0x98, 0x80, 0x7f, 0xf1, 0x72,
    0xc0, 0x3c, 0x22, 0x0, 0x84, 0x40, 0x1c, 0x60,
    0x1e, 0xee, 0x7f, 0xdd, 0xc4, 0x0, 0xc2, 0x1,
    0xea, 0xa5, 0xde, 0xa5, 0x0, 0xff, 0x95, 0x48,
    0x99, 0x53, 0xfe, 0x7, 0xff, 0xb0, 0x3, 0xf9,
    0xe6, 0x60, 0x49, 0x91, 0x0, 0x19, 0xbf, 0x23,
    0x34, 0x18, 0xcd, 0x38, 0xc4, 0x53, 0x28, 0x8a,
    0xc0, 0x2, 0x2, 0x0, 0x71, 0x17, 0x74, 0x2b,
    0xdd, 0x68, 0x0, 0xc0, 0x80, 0x2, 0x1, 0x8c,
    0x78, 0x4, 0x40, 0x13, 0x3, 0x0, 0xc, 0xc0,
    0x14, 0x92, 0x7, 0xc0, 0x4, 0x60, 0x40, 0x1,
    0x10, 0x0, 0x56, 0xc0, 0x12, 0xc4, 0x0, 0xd3,
    0x0, 0xde, 0x0, 0x81, 0x60, 0x2, 0x4, 0x80,
    0x15, 0x0, 0x3c, 0xcc, 0x3c, 0xef, 0xc0, 0x43,
    0x60, 0xa0, 0x0, 0x80, 0x81, 0x80, 0x16, 0x6f,
    0x74, 0x2b, 0xa, 0x40, 0x3, 0x3, 0x5, 0xed,
    0x97, 0x42, 0x27, 0xd0, 0x58, 0x4, 0x80, 0x20,
    0x1, 0x0, 0xe1, 0xd3, 0xa1, 0xb, 0xe9, 0x14,
    0x0, 0xfe, 0x78, 0x40, 0x6, 0xab, 0xe0, 0x7,
    0xf0, 0xdb, 0x80, 0x4d, 0x70, 0x40,

    /* U+52A9 "助" */
    0x0, 0xff, 0xe9, 0xc7, 0xb0, 0x7, 0x8d, 0x9b,
    0x90, 0x3, 0x88, 0x3, 0xd5, 0x37, 0x74, 0xf0,
    0x5, 0xe0, 0xc0, 0x1f, 0xe, 0xec, 0x20, 0x1f,
    0xfc, 0x9a, 0xba, 0x9, 0xbb, 0x94, 0x2, 0x13,
    0x38, 0x40, 0x4, 0x41, 0x2, 0x31, 0x43, 0x0,
    0xd9, 0x90, 0x5, 0x12, 0x81, 0x10, 0x90, 0x30,
    0x8, 0x7f, 0xe1, 0x0, 0xc2, 0x2, 0xe, 0x2,
    0x1, 0xff, 0xc0, 0x31, 0x0, 0x8, 0x38, 0x6,
    0x11, 0x80, 0x39, 0xc8, 0x0, 0x60, 0x20, 0x10,
    0xf7, 0x42, 0x1, 0x89, 0x80, 0x31, 0x80, 0x43,
    0xbb, 0x8, 0x4, 0x61, 0x80, 0x1, 0x1, 0x0,
    0xc4, 0x50, 0x6, 0xb0, 0x40, 0x7, 0x80, 0x7e,
    0x10, 0x76, 0x6, 0x32, 0x0, 0x84, 0x0, 0x46,
    0x35, 0xbc, 0x20, 0x8, 0x19, 0x0, 0x88, 0xc0,
    0x1a, 0xa0, 0xeb, 0x7f, 0xa6, 0xe8, 0xa1, 0x12,
    0x82, 0x0, 0x78, 0xdd, 0x42, 0x2, 0xd0, 0xd0,
    0x1, 0x58, 0x64, 0x1, 0xe, 0x40, 0x19, 0x6e,
    0x84, 0x1, 0xdb, 0xea, 0x0,

    /* U+538B "压" */
    0x0, 0xb, 0xbf, 0xff, 0xa, 0x0, 0x34, 0x47,
    0xff, 0x9, 0xc0, 0x21, 0x6, 0xff, 0xff, 0xe0,
    0x80, 0x7f, 0xd5, 0xe0, 0x1f, 0xfd, 0x91, 0x0,
    0xff, 0xe9, 0x8c, 0xc4, 0x4e, 0x31, 0x1c, 0x20,
    0x1c, 0x26, 0xce, 0xf1, 0x3, 0xbf, 0x18, 0x7,
    0x8b, 0xbf, 0xe5, 0x1f, 0xfd, 0xc4, 0x1, 0x8,
    0x78, 0x8, 0x7, 0x8a, 0x0, 0x40, 0x31, 0x0,
    0x80, 0x7e, 0x57, 0x60, 0xe, 0x50, 0x50, 0xf,
    0xce, 0x52, 0x40, 0x1b, 0xc0, 0xc0, 0x3f, 0xa1,
    0x0, 0x39, 0x90, 0x3, 0xfc, 0xb6, 0x40, 0x13,
    0x86, 0xa4, 0xc4, 0x67, 0x18, 0x8e, 0x93, 0x18,
    0x6, 0x26, 0x77, 0xc4, 0xe, 0xfc, 0xcc, 0x18,
    0x70, 0x6f, 0xff, 0xfe, 0xa, 0x83, 0xc0, 0x7,
    0xff, 0x10,

    /* U+53C2 "参" */
    0x0, 0xff, 0xe8, 0x5c, 0x0, 0x7f, 0xf1, 0x61,
    0x4, 0x9, 0xc0, 0x3f, 0xf8, 0x30, 0xf3, 0x20,
    0x58, 0xc1, 0x0, 0xfe, 0x2b, 0x7a, 0x72, 0x22,
    0xb9, 0xf9, 0x80, 0x7e, 0xf4, 0xa, 0xed, 0xd9,
    0x84, 0x58, 0x60, 0x1f, 0x75, 0xe5, 0x3, 0xff,
    0xbb, 0x9b, 0x6, 0x1, 0xbb, 0xfd, 0x97, 0x94,
    0xf, 0xff, 0xb6, 0x3f, 0xd0, 0x0, 0xba, 0xa5,
    0xd0, 0x84, 0xdd, 0xa8, 0x4a, 0xae, 0xd5, 0x40,
    0x2, 0xac, 0xf0, 0x18, 0xcb, 0xe1, 0xa5, 0xca,
    0x8a, 0x40, 0x11, 0x56, 0x37, 0x93, 0xf2, 0x69,
    0xe2, 0xf3, 0x88, 0x5, 0x7a, 0xf1, 0xb5, 0xd2,
    0xfd, 0x36, 0xde, 0x91, 0xd2, 0x0, 0x89, 0xd6,
    0x81, 0xae, 0x86, 0xe4, 0xd1, 0xba, 0x38, 0x0,
    0x1b, 0x0, 0xf5, 0x34, 0xf4, 0x37, 0x43, 0xe2,
    0xe0, 0x80, 0x74, 0xe7, 0xe2, 0x4f, 0x49, 0x64,
    0x9, 0x80, 0x7d, 0x8d, 0x3b, 0xa7, 0x2b, 0xc1,
    0xad, 0x30, 0xf, 0x96, 0x91, 0xe7, 0x71, 0xeb,
    0x54, 0x3, 0xf5, 0x6f, 0xed, 0x15, 0x6e, 0x28,
    0x7, 0xfb, 0x92, 0x73, 0xed, 0xc8, 0x3, 0xf8,

    /* U+53CD "反" */
    0x0, 0xff, 0xe0, 0x89, 0xba, 0x0, 0x70, 0xbb,
    0xe8, 0x9b, 0xce, 0xe6, 0x45, 0x0, 0x71, 0xc4,
    0xd5, 0x10, 0x85, 0x26, 0x57, 0x98, 0x0, 0xfa,
    0x37, 0x59, 0x75, 0xe, 0xc8, 0x64, 0x1, 0xc6,
    0x1, 0xff, 0xc8, 0x12, 0x2f, 0xf0, 0x80, 0x71,
    0x84, 0x6e, 0xff, 0xa4, 0x3, 0x84, 0x1d, 0x82,
    0xae, 0xf8, 0xc2, 0x80, 0x39, 0xc3, 0x2c, 0x9,
    0x13, 0x29, 0xa1, 0x0, 0x71, 0x3, 0x92, 0x48,
    0x6, 0x60, 0xf0, 0xf, 0x70, 0x10, 0x40, 0xb8,
    0x0, 0x61, 0x10, 0x1, 0xe4, 0x11, 0x1, 0xa4,
    0x10, 0x58, 0x40, 0x7, 0x84, 0xd0, 0x2, 0xa1,
    0xf8, 0x57, 0x30, 0xf, 0x30, 0x78, 0x4, 0x34,
    0x4e, 0x70, 0x1, 0xf5, 0xa, 0x80, 0x43, 0xc0,
    0x2, 0x60, 0xf, 0x31, 0x30, 0x0, 0xe7, 0x96,
    0x30, 0xe7, 0xa0, 0xc0, 0x2a, 0x19, 0x96, 0xe3,
    0x33, 0x9c, 0xf6, 0x4d, 0xf3, 0x88, 0x33, 0x44,
    0x6, 0x3a, 0x44, 0x2, 0x6d, 0xb6, 0x61, 0x0,
    0xc, 0x27, 0x1c, 0x40, 0x3e, 0x49, 0x80,

    /* U+53EF "可" */
    0x77, 0xff, 0xe2, 0xb4, 0xcf, 0xff, 0x6, 0x21,
    0x32, 0xae, 0xef, 0xfe, 0x8, 0x9f, 0x73, 0x0,
    0x3f, 0xf9, 0xb, 0xff, 0xf1, 0x0, 0x7f, 0xd1,
    0x33, 0x28, 0x18, 0x7, 0xfc, 0xac, 0xd6, 0x80,
    0x7f, 0xf9, 0x51, 0x56, 0xd0, 0xf, 0xfe, 0xc,
    0xd5, 0x4a, 0x1, 0xff, 0xc1, 0xdf, 0xfa, 0x0,
    0x3f, 0xf8, 0xa9, 0x22, 0x1, 0xfc, 0xbc, 0x40,
    0x11, 0xb0, 0x7, 0xfc, 0x20, 0x1f, 0xc2, 0x1,
    0xff, 0xc2, 0xac, 0xe0, 0x50, 0xf, 0xfe, 0x9,
    0x19, 0x9a, 0x0, 0x3f, 0xf8, 0x31, 0xfb, 0x22,
    0x1, 0x0,

    /* U+540E "后" */
    0x0, 0xff, 0xe0, 0x9, 0xb5, 0x28, 0x7, 0x1a,
    0xb3, 0xc4, 0xde, 0xff, 0x64, 0xac, 0x0, 0x74,
    0xd4, 0x52, 0xa8, 0x52, 0x2a, 0xf7, 0xf4, 0x3,
    0xc3, 0xdb, 0xac, 0xa9, 0x75, 0x42, 0x0, 0xff,
    0xe7, 0x8, 0xa2, 0x3f, 0xf8, 0x12, 0xc0, 0x1c,
    0xcd, 0xff, 0xc0, 0x7c, 0x0, 0xc5, 0xdd, 0xff,
    0xc1, 0xa0, 0x9, 0x84, 0x3, 0xff, 0x8a, 0x6e,
    0x13, 0xff, 0xfe, 0x10, 0xc, 0x24, 0x1, 0x4c,
    0xfc, 0xa0, 0x20, 0x11, 0x87, 0x0, 0x5, 0x9b,
    0xed, 0x0, 0xe5, 0x4, 0x0, 0xff, 0xe2, 0x60,
    0x18, 0x7, 0xff, 0xc, 0x95, 0x0, 0x31, 0x17,
    0xde, 0x1, 0xa4, 0x38, 0x2, 0x1d, 0xdf, 0x9c,
    0x3, 0x19, 0x28, 0x4, 0x3d, 0xdf, 0x40, 0x8,
    0x2, 0x34, 0x3, 0x84, 0x7e, 0x0, 0x18, 0x7,
    0xd1, 0x80, 0x1f, 0x3f, 0x90, 0x0,

    /* U+5411 "向" */
    0x0, 0xff, 0xe5, 0x76, 0x0, 0x7f, 0xf0, 0x88,
    0x58, 0x3, 0xff, 0x84, 0xa1, 0x20, 0x1f, 0xea,
    0xff, 0xa0, 0x33, 0xff, 0xf8, 0x80, 0x11, 0x1f,
    0xfc, 0x4, 0x3, 0x1, 0x77, 0xff, 0xe0, 0x60,
    0x7, 0xff, 0x2e, 0x7f, 0xfd, 0xc0, 0x1f, 0xf5,
    0xde, 0x31, 0x0, 0xff, 0x91, 0x33, 0x88, 0x7,
    0xff, 0x40, 0x47, 0x0, 0x80, 0x7f, 0x18, 0x77,
    0x64, 0x0, 0xff, 0x5e, 0x67, 0xb4, 0x3, 0xf8,
    0x4c, 0xfc, 0x40, 0x1f, 0xfc, 0x7f, 0x0, 0x8,
    0x7, 0xfd, 0x38, 0xe0, 0x22, 0x30, 0xf, 0xf7,
    0x91, 0xd0, 0x0,

    /* U+5668 "器" */
    0x0, 0x77, 0x78, 0xf, 0xbb, 0xc8, 0x1, 0x86,
    0x73, 0x10, 0x20, 0x1, 0xac, 0xc6, 0x88, 0x7,
    0x88, 0xb0, 0x0, 0x41, 0x88, 0xa0, 0x70, 0xe,
    0x23, 0x38, 0x0, 0x20, 0xe6, 0x65, 0x7, 0x0,
    0xc3, 0x3b, 0xa9, 0x10, 0x0, 0xde, 0xea, 0x84,
    0x3, 0xbb, 0xbd, 0xb5, 0xdc, 0x69, 0xee, 0x20,
    0x4, 0xaa, 0x44, 0xcc, 0x44, 0x44, 0xd, 0x2a,
    0x29, 0x80, 0xdd, 0xaa, 0xb4, 0x82, 0x5d, 0x39,
    0xdd, 0x5d, 0x80, 0x7b, 0xba, 0x1, 0x5c, 0x1b,
    0xbb, 0xa0, 0x3, 0x1b, 0xec, 0xbd, 0x44, 0xbf,
    0xdb, 0xaa, 0x20, 0x27, 0xfd, 0x92, 0x9b, 0x0,
    0x6, 0xd6, 0x58, 0xab, 0x90, 0xa5, 0x54, 0x6d,
    0x9, 0x80, 0xc, 0x6b, 0x69, 0xe2, 0x40, 0xe9,
    0x63, 0x33, 0x1, 0x66, 0x6a, 0x73, 0x40, 0xd,
    0x5f, 0xeb, 0x0, 0xdb, 0xfe, 0xe0, 0x70, 0xf,
    0xf8, 0xc0, 0x3f, 0xf8, 0x15, 0xfe, 0xb0, 0xd,
    0xbf, 0xee, 0x0, 0xfa, 0x77, 0x52, 0x0, 0x30,
    0xbd, 0xd6, 0x0, 0x7c, 0x64, 0x50, 0x6, 0x62,
    0x28, 0x1c, 0x3, 0x72, 0x80, 0x13, 0xc0, 0xbc,
    0x80, 0x3, 0xc8, 0x0,

    /* U+5757 "块" */
    0x0, 0xff, 0x84, 0x3, 0xfe, 0x6c, 0x0, 0xf7,
    0x50, 0x7, 0xfb, 0x8c, 0x3, 0xc2, 0x60, 0x1f,
    0xef, 0x10, 0xf, 0xfe, 0x51, 0x5d, 0x50, 0x52,
    0xab, 0x0, 0x7f, 0xc2, 0x64, 0x2, 0x44, 0x65,
    0x0, 0xdf, 0xe8, 0x1f, 0xf3, 0xd4, 0xc0, 0xac,
    0x41, 0x44, 0x3, 0x5d, 0x98, 0x32, 0xd0, 0x3,
    0xff, 0x82, 0x88, 0xe1, 0x34, 0x10, 0xf, 0xfe,
    0xd3, 0xff, 0xe1, 0x6f, 0xf3, 0xf, 0xf8, 0x40,
    0x3c, 0xb7, 0x98, 0xa0, 0x3, 0x66, 0x6b, 0x10,
    0xe, 0x14, 0xc3, 0x30, 0x1, 0x1c, 0x8c, 0xe4,
    0x0, 0x8f, 0x7, 0xa3, 0xc0, 0x12, 0x94, 0x32,
    0x1, 0xc5, 0xf8, 0x8b, 0x7c, 0xe0, 0xc7, 0x3,
    0xe, 0x80, 0x18, 0x96, 0x3a, 0x90, 0x0, 0x92,
    0xc6, 0xe, 0x76, 0x60, 0x1a, 0x9c, 0x40, 0x26,
    0xb4, 0x90, 0xb, 0x4b, 0x18, 0x3, 0xe1, 0xb9,
    0x4b, 0x0, 0xc3, 0x87, 0x38, 0x20, 0x1c, 0x20,
    0xf6, 0x1, 0xe1, 0xc6, 0xb1, 0x0, 0xf5, 0xc0,
    0x7, 0xf4, 0xb8, 0x0,

    /* U+5931 "失" */
    0x0, 0xfc, 0x20, 0x1f, 0xfc, 0x5e, 0xc0, 0xf,
    0xf9, 0xd8, 0x2, 0x16, 0x0, 0xff, 0xaa, 0xc0,
    0x3f, 0xf8, 0x66, 0x50, 0x1, 0x8c, 0x3, 0xfd,
    0x1, 0x5f, 0xf0, 0xb7, 0xff, 0x80, 0x24, 0x43,
    0x4c, 0xe0, 0x39, 0x9f, 0x0, 0x52, 0x52, 0xcd,
    0x81, 0x19, 0xbc, 0x0, 0x52, 0x90, 0xf, 0xfe,
    0x1a, 0xf2, 0x0, 0x61, 0xf, 0x0, 0xfd, 0xbd,
    0xff, 0xdc, 0x11, 0xff, 0xf1, 0x44, 0xcf, 0x90,
    0x0, 0xf3, 0x3e, 0x35, 0x66, 0xf2, 0x98, 0x9b,
    0x37, 0x84, 0x3, 0xd2, 0x3f, 0x69, 0x0, 0x1f,
    0xf4, 0x34, 0x1a, 0xbb, 0xa8, 0x40, 0x3e, 0x1b,
    0x76, 0x70, 0x4, 0x41, 0x7a, 0x4, 0x2, 0x17,
    0xe4, 0x89, 0x0, 0xcf, 0x84, 0xfd, 0x69, 0x1d,
    0x7, 0x8e, 0x1, 0xe3, 0xd9, 0x14, 0x6a, 0x3a,
    0xc3, 0x0, 0xfe, 0x6e, 0xc2,

    /* U+5B57 "字" */
    0x0, 0xfc, 0x40, 0x1f, 0xfc, 0x4c, 0xc0, 0x80,
    0x7f, 0xf0, 0xfc, 0x68, 0x3, 0xfb, 0xbf, 0xfb,
    0x1, 0x3f, 0xfe, 0x20, 0x2, 0x5d, 0xff, 0xf0,
    0x18, 0xc, 0x4, 0x91, 0x3f, 0xf8, 0x1e, 0x1,
    0x46, 0x9a, 0xaf, 0xf8, 0x92, 0x40, 0xe, 0x97,
    0x55, 0xff, 0x13, 0x8, 0x5, 0x1f, 0xfe, 0xe4,
    0x5, 0x90, 0xf, 0xfe, 0x3, 0x7b, 0x5d, 0x8,
    0x7, 0xfd, 0x52, 0xfa, 0x80, 0x1c, 0x6c, 0xdf,
    0x83, 0xd9, 0xbe, 0x49, 0x9f, 0x8c, 0x26, 0x7e,
    0x87, 0xff, 0xf9, 0x83, 0xbf, 0xfe, 0x0, 0xff,
    0xe2, 0x88, 0x7, 0xff, 0x40, 0x40, 0x3f, 0xf8,
    0x3, 0x74, 0xc0, 0x1f, 0xfc, 0x21, 0x65, 0x29,
    0x0, 0xff, 0xe1, 0x6f, 0xeb, 0x0, 0x7e,

    /* U+5BF9 "对" */
    0x0, 0xff, 0xe1, 0xf5, 0x0, 0x7f, 0xf1, 0x84,
    0x3, 0xc4, 0x23, 0xe0, 0xf, 0x8, 0x7, 0x2e,
    0xf7, 0x75, 0x0, 0x7f, 0xf0, 0x13, 0x37, 0x70,
    0x9a, 0xb3, 0x70, 0xb3, 0x42, 0x2, 0x64, 0x51,
    0x8e, 0xc4, 0x78, 0xe, 0x20, 0x40, 0xa, 0x40,
    0x2, 0x83, 0xef, 0x77, 0xa, 0xf7, 0xc, 0x0,
    0xd6, 0x61, 0x82, 0x40, 0x40, 0x1f, 0xf6, 0x9e,
    0x92, 0xb8, 0x1e, 0xa0, 0x7, 0xf8, 0x74, 0x30,
    0xb4, 0xc, 0xa0, 0x3, 0xfe, 0x1c, 0x10, 0x40,
    0x4, 0x1a, 0x80, 0x7f, 0xcc, 0x0, 0x70, 0x2,
    0x8c, 0x80, 0x7f, 0xd2, 0x6d, 0x6, 0x0, 0x8f,
    0x0, 0xff, 0x49, 0x7c, 0x8f, 0x0, 0x18, 0xc0,
    0x3f, 0x9d, 0xa4, 0xc2, 0x8a, 0x0, 0x3f, 0xe8,
    0x83, 0xb0, 0x1, 0x1e, 0x80, 0x38, 0x40, 0x30,
    0xa3, 0x40, 0x6, 0x82, 0x0, 0x14, 0xe0, 0x10,
    0x4, 0x39, 0x20, 0x1f, 0xc4, 0xc4, 0xd2, 0x1,
    0xff, 0xc4, 0xfe, 0x91, 0x0, 0x80,

    /* U+5C4F "屏" */
    0x0, 0xb7, 0xbb, 0xff, 0x82, 0x60, 0x18, 0xd2,
    0xab, 0xfd, 0x62, 0x1, 0xe2, 0x44, 0xff, 0x38,
    0x7, 0xc4, 0x67, 0xfe, 0x70, 0xf, 0x97, 0x33,
    0xfd, 0x40, 0x1f, 0x3f, 0xfd, 0x1d, 0xff, 0x9f,
    0xbc, 0xc0, 0x3f, 0x15, 0x50, 0x2, 0x57, 0x50,
    0xf, 0xf, 0x89, 0x4, 0xb9, 0x91, 0x25, 0x18,
    0x88, 0x1, 0xe6, 0xdd, 0x59, 0xe6, 0xe8, 0xd3,
    0x76, 0x0, 0x84, 0x5, 0xb7, 0x52, 0x1b, 0xb3,
    0x8e, 0xec, 0x1, 0x10, 0x10, 0x91, 0xc, 0x8,
    0xaf, 0x2, 0x28, 0x2, 0x60, 0x75, 0x5b, 0x41,
    0x56, 0xd1, 0x55, 0x90, 0x1, 0x80, 0x51, 0x13,
    0x4, 0x44, 0x81, 0x11, 0x70, 0x1, 0xc8, 0x77,
    0x66, 0x1d, 0xda, 0x47, 0x76, 0xa0, 0x41, 0x50,
    0xc, 0xa8, 0x1, 0xfe, 0x80, 0xa0, 0xa, 0xb,
    0x80, 0x3f, 0xcc, 0x84, 0x0, 0x97, 0x64, 0x0,
    0xbc, 0x40, 0x3a, 0xac, 0x0, 0x8e, 0xb2, 0x1,
    0xff, 0xc3, 0x4f, 0xa0, 0xe, 0x8f, 0x0, 0xc0,

    /* U+5DF2 "已" */
    0x0, 0xff, 0xe2, 0xe7, 0xff, 0xff, 0x6, 0x80,
    0x15, 0x11, 0xff, 0xc0, 0x0, 0xcc, 0xef, 0xff,
    0xc0, 0x3, 0x0, 0xff, 0xe4, 0x4b, 0x80, 0x7f,
    0xf0, 0xda, 0xc0, 0x3f, 0xf8, 0x82, 0xcd, 0xfe,
    0x0, 0xf1, 0x4c, 0xff, 0x80, 0xc0, 0x32, 0xff,
    0xff, 0x84, 0xc0, 0x3f, 0xf8, 0x7d, 0x20, 0x1f,
    0xfe, 0x62, 0xb3, 0x0, 0xff, 0xe1, 0x32, 0x40,
    0x1, 0xc0, 0x3f, 0xed, 0xc, 0x2, 0x26, 0x4c,
    0xff, 0x5b, 0x3, 0x7, 0x19, 0x3b, 0xff, 0x29,
    0x50, 0x80,

    /* U+5E26 "带" */
    0x0, 0xc4, 0x20, 0x2, 0x20, 0x4, 0x20, 0x1f,
    0xb5, 0x80, 0x13, 0xe0, 0x6, 0xe1, 0x0, 0xff,
    0xe2, 0x88, 0x5, 0x5f, 0xf0, 0x47, 0xf9, 0xb,
    0xfd, 0x21, 0xff, 0x4f, 0x4d, 0x50, 0x16, 0xa8,
    0x65, 0x54, 0x60, 0xaa, 0x4e, 0xa3, 0x2a, 0x83,
    0x55, 0x4e, 0xa, 0xaf, 0x4, 0x56, 0x40, 0xc,
    0xe6, 0x0, 0xf8, 0x0, 0x24, 0x88, 0x4, 0xfd,
    0xd3, 0x57, 0x72, 0xaf, 0xb9, 0x91, 0xdd, 0x38,
    0xc, 0x47, 0xff, 0x8, 0x43, 0xc5, 0x9b, 0xd1,
    0x4c, 0xde, 0x10, 0xe4, 0x0, 0xf1, 0xb8, 0x7,
    0x90, 0x9a, 0x97, 0xff, 0x89, 0x3f, 0xf9, 0x29,
    0x40, 0x33, 0xcc, 0xc2, 0x53, 0x33, 0x80, 0x78,
    0x43, 0x19, 0xa3, 0x66, 0xd8, 0x1, 0xff, 0xcc,
    0x10, 0xf, 0xf0, 0x83, 0x80, 0x7f, 0xf0, 0x4f,
    0x68, 0x8, 0x3, 0x25, 0xa8, 0x7, 0x8c, 0x12,
    0x84, 0x3, 0xa, 0x8, 0x4, 0x6e, 0x0, 0xdb,
    0x50, 0x8,

    /* U+5E2E "帮" */
    0x0, 0xe3, 0x10, 0xf, 0xfe, 0x18, 0xe3, 0x80,
    0x63, 0x3f, 0x10, 0x19, 0xca, 0x2, 0x66, 0x40,
    0xdc, 0xce, 0x70, 0xfd, 0xd5, 0x4, 0xee, 0xa8,
    0xd, 0xbf, 0xc6, 0x8a, 0x19, 0xdc, 0xf0, 0xbe,
    0xe8, 0x3, 0x29, 0xc8, 0x1, 0xbf, 0xdc, 0x15,
    0xfe, 0x80, 0xd, 0x24, 0x60, 0x7, 0xcd, 0xa0,
    0x9c, 0xc4, 0x80, 0x6d, 0x1d, 0x1, 0x31, 0x2,
    0x2, 0x11, 0x10, 0x6, 0x1d, 0x36, 0x66, 0xed,
    0x1, 0x7b, 0xac, 0x10, 0xc, 0x22, 0xf7, 0xff,
    0x58, 0x4f, 0xfe, 0x10, 0x0, 0xdf, 0xd, 0x0,
    0x16, 0xd1, 0x80, 0x9, 0x40, 0x60, 0x26, 0xdc,
    0x65, 0x74, 0x5c, 0x89, 0x6a, 0xaa, 0x7d, 0x33,
    0x2, 0x6, 0xf6, 0x55, 0x77, 0x30, 0x54, 0x4d,
    0xdc, 0x20, 0x38, 0x81, 0x1f, 0xf4, 0x87, 0xfe,
    0x90, 0x10, 0xf, 0xfe, 0xaf, 0x0, 0x7f, 0xf0,
    0xdf, 0x9d, 0x0, 0x39, 0x8c, 0x3, 0xe4, 0x7a,
    0xb0, 0xe, 0x94, 0x0, 0x84, 0x4, 0xe, 0x54,
    0x2,

    /* U+5E38 "常" */
    0x0, 0xfc, 0xca, 0x1, 0xff, 0x54, 0x0, 0x51,
    0xe0, 0x16, 0x50, 0x7, 0x89, 0xd4, 0x0, 0x60,
    0x12, 0x1e, 0x80, 0x7a, 0xc, 0x3, 0xe9, 0x47,
    0x0, 0x9b, 0xfe, 0x3a, 0xff, 0x12, 0xff, 0x89,
    0x3f, 0xe7, 0x0, 0x4d, 0xdf, 0xff, 0x2, 0x80,
    0x6, 0x8, 0x85, 0x5f, 0xf2, 0x28, 0x0, 0xc0,
    0x11, 0xdd, 0xfe, 0x80, 0x9, 0xb8, 0x80, 0x77,
    0x7f, 0x8, 0x3, 0xdc, 0x4, 0x2, 0x33, 0xfc,
    0x1e, 0x1, 0xf0, 0xf7, 0x7e, 0x1f, 0x0, 0xf4,
    0xee, 0xe2, 0x4d, 0xdd, 0x20, 0x1c, 0x8a, 0xcd,
    0x8c, 0x19, 0xb2, 0xa0, 0x80, 0xa, 0xef, 0xc2,
    0x97, 0x7e, 0x50, 0x1, 0x84, 0x7f, 0xe2, 0x5f,
    0xfd, 0x60, 0x1f, 0xfc, 0xa3, 0x0, 0xff, 0x2a,
    0xbc, 0x1c, 0x2, 0x21, 0x0, 0xc6, 0x1, 0x75,
    0x23, 0x18, 0x0, 0xb5, 0x80, 0x38, 0x40, 0x15,
    0xbf, 0x20, 0x0,

    /* U+5E55 "幕" */
    0x0, 0xf1, 0xa0, 0x4, 0x2a, 0x20, 0x1f, 0xfc,
    0x9, 0x90, 0x4, 0x54, 0x40, 0x1f, 0x17, 0x6e,
    0xc8, 0x5b, 0xb7, 0x7, 0x6e, 0xd8, 0x1, 0x15,
    0x77, 0x48, 0x5d, 0xd4, 0x4, 0x77, 0x5e, 0x1,
    0x90, 0xc4, 0x40, 0x1, 0x1c, 0x2, 0x22, 0x33,
    0x0, 0x71, 0x6e, 0x38, 0x7f, 0xd2, 0x53, 0xba,
    0x0, 0xf8, 0xc2, 0x73, 0x3f, 0x1b, 0x80, 0x7f,
    0x4e, 0x67, 0xe3, 0x0, 0xff, 0x4f, 0xff, 0xe3,
    0x0, 0xfe, 0x3b, 0xef, 0xdc, 0xee, 0xc0, 0x40,
    0x1c, 0x88, 0x58, 0x89, 0x82, 0xe2, 0x3b, 0x51,
    0x44, 0x1, 0xf1, 0x1a, 0xd0, 0xe6, 0x21, 0x75,
    0x11, 0x49, 0x80, 0x2f, 0x31, 0x20, 0x59, 0x85,
    0x56, 0x50, 0x37, 0xe6, 0x8, 0xa, 0x2f, 0xec,
    0xc3, 0xb5, 0x99, 0xb0, 0x6b, 0x9f, 0x92, 0x4,
    0x63, 0x96, 0x13, 0xfe, 0x44, 0x7f, 0xc2, 0xd4,
    0xb8, 0x0, 0xba, 0x30, 0x3, 0x11, 0x0, 0x4,
    0x51, 0x8a, 0xca, 0x80, 0x7f, 0xf0, 0x49, 0xcb,
    0xc0, 0x3f, 0x32, 0x98, 0x7, 0xc, 0x12, 0x80,
    0x7e, 0x3a, 0x10, 0x3, 0xb8, 0xf, 0xb4, 0x80,
    0x30,

    /* U+5E93 "库" */
    0x0, 0xff, 0x28, 0x7, 0xff, 0x16, 0x29, 0x40,
    0x3f, 0xf8, 0x92, 0x1e, 0x1, 0xfc, 0xbf, 0xfe,
    0xe0, 0x5f, 0xff, 0x50, 0x6, 0xac, 0xcd, 0x32,
    0xcc, 0xfa, 0x0, 0x2, 0xc, 0x67, 0xb6, 0x44,
    0xcf, 0xc4, 0x1, 0x9d, 0x54, 0x8a, 0x8a, 0xc8,
    0x99, 0x50, 0x3, 0x86, 0xed, 0x54, 0x4, 0xaa,
    0xeb, 0x80, 0xe, 0x7e, 0xe6, 0x85, 0x77, 0xfb,
    0xbb, 0x60, 0x4, 0x20, 0x1b, 0x91, 0x43, 0xa0,
    0x3, 0xfc, 0x61, 0x45, 0xe4, 0x40, 0x32, 0x28,
    0xc0, 0x31, 0x80, 0x9a, 0x85, 0xee, 0x81, 0x77,
    0x6c, 0x20, 0xb, 0x84, 0xe, 0xf7, 0xba, 0x16,
    0xee, 0xc4, 0x1, 0x11, 0x80, 0x10, 0x84, 0x60,
    0x0, 0x8e, 0x0, 0xce, 0xe6, 0x77, 0xf0, 0xab,
    0xbf, 0x28, 0x0, 0xb7, 0x55, 0x5e, 0x2, 0xaa,
    0xef, 0x6, 0x3, 0xbd, 0xdf, 0xb, 0xee, 0xf5,
    0x5, 0x8a, 0x0, 0x7f, 0xf1, 0x15, 0x80, 0x3f,
    0x8, 0x7, 0xc0,

    /* U+5E94 "应" */
    0x0, 0xfe, 0x28, 0x10, 0xf, 0xfe, 0x23, 0xb9,
    0x80, 0x3f, 0xf8, 0x8a, 0x14, 0x1, 0xfe, 0xdf,
    0xff, 0x1, 0x7f, 0xf9, 0x0, 0x23, 0x4b, 0xbf,
    0xf5, 0x54, 0xa0, 0x18, 0x91, 0x3f, 0xca, 0xb0,
    0x80, 0x7f, 0x33, 0x0, 0x31, 0xa0, 0x7, 0xfd,
    0xf2, 0x20, 0x15, 0xd9, 0x80, 0x3c, 0x96, 0x0,
    0xb0, 0x90, 0x9, 0x1, 0x80, 0x38, 0x41, 0x1c,
    0x9, 0x5c, 0x40, 0x4d, 0x80, 0x38, 0x7d, 0x11,
    0x2, 0x12, 0x12, 0xe, 0x14, 0x1, 0x84, 0x4,
    0x24, 0x24, 0xc, 0x94, 0x34, 0x8c, 0x3, 0x10,
    0x10, 0x12, 0xb8, 0x87, 0x68, 0xa5, 0x0, 0x72,
    0x83, 0x0, 0x24, 0x1c, 0xc, 0x1c, 0x18, 0x3,
    0xbc, 0x8, 0x0, 0x76, 0xc0, 0x15, 0xa8, 0x80,
    0x73, 0xa0, 0x6, 0x40, 0x9, 0xb, 0x80, 0x39,
    0x7, 0x16, 0xa9, 0x33, 0xe0, 0xd9, 0x95, 0x28,
    0x40, 0x31, 0x22, 0x1d, 0xf8, 0xc5, 0xde, 0x42,
    0x8, 0x71, 0x7e, 0xef, 0xfe, 0xb, 0x82, 0x40,
    0x7, 0xff, 0x10,

    /* U+5E95 "底" */
    0x0, 0xfe, 0x15, 0x0, 0xff, 0xe3, 0x45, 0x38,
    0x7, 0xfc, 0x46, 0x7d, 0x81, 0x26, 0x7c, 0x84,
    0x1, 0xa7, 0x33, 0xa8, 0x7, 0x33, 0xae, 0xc0,
    0x18, 0x45, 0xdd, 0xff, 0x6e, 0xa0, 0x3, 0xc2,
    0x38, 0x0, 0x6a, 0xf1, 0x96, 0x42, 0x1, 0xf3,
    0xff, 0xbb, 0x9b, 0x72, 0xc4, 0xe2, 0x1, 0xfe,
    0xbd, 0xe9, 0xc, 0xff, 0x70, 0x80, 0x78, 0xc0,
    0x41, 0x48, 0x48, 0x3, 0xfe, 0x10, 0xf, 0x98,
    0x18, 0x3, 0xf9, 0xc4, 0x2, 0x67, 0x72, 0x87,
    0xbb, 0xd0, 0x20, 0x18, 0x5c, 0x2, 0x99, 0xc0,
    0xb3, 0x33, 0x18, 0x6, 0x22, 0x0, 0x5f, 0xdd,
    0x22, 0x3b, 0xb1, 0x0, 0x46, 0x1e, 0x1, 0xf6,
    0x20, 0x7, 0xeb, 0x4, 0x0, 0xcd, 0xa0, 0xc0,
    0xc0, 0x1f, 0x30, 0x90, 0x8, 0x6c, 0x88, 0xa,
    0xc0, 0x84, 0xa0, 0x1, 0x85, 0x80, 0x18, 0x6,
    0xea, 0xa0, 0xb0, 0xd3, 0x6a, 0x0, 0x40, 0x50,
    0x3, 0x47, 0x25, 0xec, 0x45, 0x47, 0x80, 0xc0,
    0xa, 0x62, 0x0, 0x37, 0x98, 0xd1, 0x18, 0x26,
    0xaa, 0xa0, 0x0, 0x92, 0x1, 0x84, 0x0, 0x98,
    0x40, 0x2, 0xaa, 0x0, 0x0,

    /* U+5EA6 "度" */
    0x0, 0xff, 0x20, 0x7, 0xff, 0x1a, 0x2d, 0x0,
    0x3f, 0xe2, 0x2f, 0x60, 0x79, 0x17, 0x80, 0x31,
    0xee, 0xfa, 0xc1, 0x37, 0x7b, 0xc0, 0x3d, 0x5d,
    0xcc, 0xad, 0xee, 0xaa, 0x7b, 0x7c, 0x3, 0xc2,
    0x33, 0xd0, 0x8e, 0xc9, 0x12, 0x20, 0x7, 0xca,
    0xa3, 0x4, 0x4c, 0x40, 0x8a, 0xa0, 0xf, 0xae,
    0xd2, 0x13, 0x55, 0x20, 0x55, 0xc0, 0x7, 0xdd,
    0xca, 0xd, 0xee, 0x98, 0x7b, 0x9a, 0x1, 0x9c,
    0x1c, 0x3, 0x22, 0xac, 0x40, 0x1f, 0xe1, 0x0,
    0x86, 0x6e, 0xe5, 0x0, 0xfc, 0x20, 0x62, 0x6d,
    0x99, 0xf1, 0x0, 0x78, 0x80, 0x67, 0x37, 0x7f,
    0x78, 0x7, 0xb8, 0x82, 0x3f, 0x2, 0xbf, 0xe6,
    0xe, 0x0, 0xf2, 0x38, 0x4, 0x6f, 0x46, 0xa,
    0xd2, 0x60, 0x1c, 0x44, 0xc0, 0xd, 0x9, 0x93,
    0x50, 0xc0, 0x1e, 0xa0, 0x40, 0xe, 0xd0, 0x61,
    0x30, 0xf, 0x9d, 0x9, 0x16, 0x2f, 0xe5, 0x64,
    0xaf, 0xf6, 0xe5, 0xc0, 0x17, 0x1, 0xb4, 0x85,
    0x5f, 0x4d, 0x9d, 0x48, 0xee, 0x10, 0x2, 0x18,
    0x4f, 0xe4, 0xa8, 0x6, 0x15, 0x9c, 0xe6, 0x0,

    /* U+5F00 "开" */
    0x1, 0x55, 0xff, 0xe1, 0x80, 0x16, 0xab, 0xff,
    0x85, 0x60, 0x4, 0xde, 0xe8, 0x53, 0xba, 0x60,
    0xde, 0xdc, 0x0, 0x88, 0x46, 0x0, 0x8, 0xc0,
    0x3, 0x12, 0x20, 0x7, 0xff, 0xac, 0x8b, 0xc0,
    0xe4, 0x50, 0x0, 0x8b, 0xa7, 0x77, 0x84, 0xf7,
    0x66, 0xc, 0xdd, 0xb3, 0xea, 0xf3, 0x16, 0x9,
    0x99, 0x28, 0x5e, 0x5d, 0xc8, 0xa8, 0x66, 0x70,
    0xd3, 0x3c, 0xa, 0x68, 0x85, 0x0, 0xeb, 0x5,
    0x0, 0xff, 0xe1, 0xb0, 0x98, 0x7, 0xff, 0xa,
    0x5, 0x80, 0x3f, 0xf8, 0x48, 0xe3, 0x0, 0x1f,
    0xfc, 0x15, 0xb0, 0xa0, 0xf, 0xfe, 0xd, 0xd0,
    0x52, 0x0, 0x7f, 0xf0, 0x64, 0xed, 0x40, 0x3c,
    0x60, 0x60, 0x18,

    /* U+5F39 "弹" */
    0x0, 0xfe, 0x40, 0xc, 0x20, 0x11, 0x91, 0x61,
    0x0, 0x25, 0xa0, 0x1, 0xf9, 0x80, 0x19, 0xbb,
    0xa4, 0x0, 0x83, 0xc0, 0xa, 0x16, 0x0, 0x6f,
    0x74, 0x20, 0x1a, 0x7c, 0xc, 0xa4, 0x2, 0x21,
    0x18, 0x3c, 0x3f, 0xd1, 0x5f, 0x81, 0x1f, 0xe0,
    0xf, 0xe5, 0xcc, 0xa, 0xe6, 0x18, 0x0, 0xbf,
    0xf0, 0xf8, 0x0, 0x8c, 0xfd, 0xc2, 0x6, 0x11,
    0x15, 0x80, 0xd, 0x98, 0x64, 0xcc, 0xd0, 0x0,
    0x83, 0xbc, 0x60, 0x5, 0xbb, 0xa, 0x5d, 0x90,
    0x1, 0xe2, 0x1, 0xe6, 0xdd, 0x13, 0x6e, 0xa4,
    0x0, 0x43, 0xdd, 0x40, 0x0, 0x46, 0x0, 0x8,
    0xbc, 0x43, 0xa6, 0x20, 0x3e, 0x0, 0x6e, 0xe1,
    0x37, 0x71, 0xc0, 0x8, 0xcc, 0x70, 0x10, 0xdd,
    0xc4, 0xbb, 0xb8, 0x3, 0x18, 0x10, 0x11, 0x60,
    0x32, 0x2c, 0x1, 0x98, 0x1f, 0xff, 0x89, 0xbf,
    0xf8, 0x2, 0x20, 0x1a, 0xbc, 0xc8, 0x57, 0x33,
    0x58, 0xdd, 0xa4, 0x9, 0x50, 0xcf, 0xf9, 0x5,
    0x50, 0x24, 0x3, 0xc6, 0x1, 0xf6, 0xeb, 0xd8,
    0x3, 0xe3, 0x0, 0xe0,

    /* U+5F3A "强" */
    0x35, 0x44, 0xc0, 0x8, 0x99, 0xf9, 0x0, 0x13,
    0x75, 0x55, 0x90, 0x2a, 0x0, 0x73, 0x10, 0x2,
    0xbb, 0xa8, 0x0, 0x85, 0x26, 0x78, 0x3, 0xfc,
    0x60, 0x3, 0x11, 0xe0, 0xe, 0x22, 0x84, 0xc,
    0x5, 0x7b, 0xb8, 0x4, 0x2, 0xdd, 0xa0, 0x2,
    0xde, 0xe4, 0x7, 0x74, 0xe0, 0x19, 0xff, 0xe2,
    0x0, 0x8, 0x80, 0x2, 0x30, 0x7, 0x78, 0x6,
    0x7f, 0xfa, 0x3, 0xff, 0x10, 0x8, 0x8, 0x7,
    0xe, 0x61, 0xc3, 0x30, 0xe0, 0x60, 0x41, 0x3f,
    0xec, 0x0, 0x8c, 0xde, 0x6, 0x6e, 0x0, 0x8f,
    0x32, 0x26, 0x0, 0xff, 0xe1, 0x19, 0xc0, 0x61,
    0xe3, 0xfe, 0x80, 0xff, 0x48, 0x18, 0x7, 0x18,
    0x80, 0x7, 0x30, 0xc1, 0x99, 0x88, 0x3, 0x87,
    0xc2, 0x38, 0xcd, 0xc0, 0x66, 0xb4, 0x0, 0xf8,
    0x40, 0x3f, 0x11, 0xc1, 0x0, 0x65, 0x2, 0x2,
    0x46, 0x8a, 0xf, 0xd7, 0x1e, 0x0, 0x4f, 0xd0,
    0xa1, 0x6d, 0xca, 0xbc, 0xe7, 0xe4, 0x1a, 0x5,
    0x24, 0x78, 0x14, 0x57, 0x6d, 0x31, 0x80, 0x1a,
    0x90,

    /* U+6001 "态" */
    0x0, 0xfc, 0x62, 0x1, 0xff, 0xc5, 0x8e, 0x20,
    0xf, 0xfe, 0x23, 0x11, 0x0, 0x3f, 0x9e, 0x62,
    0x38, 0x82, 0x23, 0xe9, 0x0, 0x63, 0xb3, 0x67,
    0x3, 0x67, 0x66, 0xf0, 0x85, 0xf7, 0x71, 0x13,
    0xb8, 0x2f, 0xdd, 0xbc, 0x40, 0x3c, 0xe5, 0x0,
    0x6, 0x61, 0x0, 0x7f, 0x96, 0x11, 0xc0, 0x10,
    0x3e, 0x1, 0xfc, 0xb4, 0x27, 0xa8, 0x0, 0xd2,
    0xd2, 0x0, 0xf4, 0xd0, 0xe5, 0x15, 0xa0, 0x1d,
    0x96, 0xc1, 0x0, 0x1f, 0x98, 0xfc, 0x89, 0x82,
    0x20, 0x2, 0x69, 0xbe, 0xc0, 0x0, 0x5f, 0x4,
    0x0, 0x3c, 0xa0, 0x11, 0x65, 0x2c, 0x3, 0xec,
    0x0, 0x73, 0xd0, 0x7, 0x2d, 0x0, 0x4e, 0xe1,
    0xb, 0x80, 0x2, 0x98, 0x0, 0x76, 0x40, 0x37,
    0xc0, 0x1, 0xc, 0x1c, 0x68, 0x0, 0x28, 0xca,
    0x1, 0x2a, 0x8, 0x7, 0x64, 0x81, 0x4, 0x95,
    0x10, 0x30, 0x70, 0x7, 0x88, 0x1, 0x7c, 0x7c,
    0xa, 0x16, 0x2a, 0x0, 0x15, 0x87, 0x7a, 0x18,
    0xc, 0xd6, 0xe1, 0x9a, 0x1, 0x48, 0x34, 0xcc,
    0xc5, 0x40, 0x4, 0x0,

    /* U+603B "总" */
    0x0, 0xcc, 0x40, 0x1d, 0x2e, 0x1, 0xfd, 0x78,
    0x20, 0x19, 0xa8, 0x3, 0xfb, 0xc7, 0x40, 0x25,
    0x9, 0x0, 0xfc, 0x62, 0xca, 0x67, 0x49, 0x39,
    0x90, 0x7, 0x26, 0x61, 0x99, 0x99, 0x19, 0x66,
    0x34, 0x3, 0xed, 0xff, 0xfc, 0xc0, 0x1f, 0xfc,
    0x61, 0x0, 0xff, 0xe6, 0xd3, 0xbf, 0xe5, 0x10,
    0xf, 0xb, 0x4c, 0xfe, 0x21, 0x0, 0xe4, 0xee,
    0xff, 0xe0, 0x0, 0x7f, 0x93, 0x84, 0x3, 0x10,
    0x6, 0x5d, 0x16, 0xf1, 0x61, 0xd0, 0x9, 0x35,
    0x80, 0x2c, 0x31, 0x0, 0x8a, 0x8d, 0xc0, 0x8,
    0x89, 0x50, 0x3, 0xb8, 0x2, 0x10, 0x58, 0x60,
    0xa, 0xce, 0x91, 0x3, 0xa0, 0x60, 0x19, 0xc4,
    0x17, 0x4f, 0x44, 0xf8, 0x50, 0x2, 0x62, 0x2c,
    0x72, 0x42, 0x2f, 0x7a, 0xc0, 0x3, 0x8c, 0xee,
    0xec, 0x29, 0x20, 0x10, 0x1, 0x0, 0xb, 0xbf,
    0xfd, 0xcc, 0x1, 0x80,

    /* U+611F "感" */
    0x0, 0xff, 0x88, 0x0, 0x40, 0x1f, 0xfc, 0x31,
    0xd7, 0x3d, 0x80, 0xf, 0xfe, 0x10, 0x80, 0xe,
    0x84, 0x3, 0xc7, 0xff, 0xf8, 0x23, 0xe9, 0xbf,
    0xce, 0x1, 0xd3, 0x77, 0xe1, 0x4b, 0xbd, 0x4a,
    0x1, 0xc8, 0xef, 0xc8, 0xa2, 0x88, 0x37, 0x52,
    0x0, 0xf6, 0x67, 0x19, 0x9c, 0x1, 0x14, 0x1,
    0xf1, 0xff, 0xf1, 0xe1, 0xa, 0x85, 0x80, 0x73,
    0x81, 0xff, 0xf2, 0xa0, 0x34, 0x99, 0x0, 0x71,
    0x1, 0x86, 0x77, 0x4, 0x0, 0xd0, 0x70, 0x1,
    0xec, 0x20, 0xf, 0xd6, 0x2, 0x80, 0x84, 0x0,
    0x15, 0x40, 0x6, 0x77, 0x4, 0x7, 0xc4, 0x56,
    0x5f, 0x80, 0xb, 0xa, 0x1f, 0xfe, 0x6f, 0x3c,
    0xa5, 0xd4, 0x60, 0x1, 0xa1, 0x80, 0x61, 0xb2,
    0x7c, 0x25, 0xf8, 0x68, 0x0, 0x4d, 0xa0, 0xb,
    0x9a, 0xa4, 0x49, 0x0, 0x5, 0x64, 0x3, 0x25,
    0xa8, 0x42, 0xa3, 0xb1, 0x0, 0x4b, 0xaa, 0x1,
    0xbc, 0x54, 0x3, 0x45, 0x10, 0x3b, 0x29, 0xd1,
    0x0, 0xd, 0x24, 0x4, 0x31, 0x10, 0x28, 0xb3,
    0x1, 0xc1, 0x0, 0x3, 0x96, 0x0, 0x3a, 0xdd,
    0xea, 0x18, 0x2, 0xba, 0x0,

    /* U+6240 "所" */
    0x0, 0xf0, 0x90, 0x7, 0xe3, 0x0, 0x91, 0xa7,
    0x3b, 0x80, 0x4a, 0xd1, 0x59, 0xf8, 0x20, 0x37,
    0x6, 0x93, 0x0, 0x95, 0x68, 0xb, 0x14, 0x0,
    0x10, 0x9a, 0x86, 0x40, 0xb, 0x31, 0x52, 0xea,
    0x20, 0x1f, 0xc6, 0x1, 0xff, 0x63, 0xbc, 0x60,
    0x1f, 0xfc, 0x15, 0xbb, 0x42, 0x0, 0x4e, 0xcd,
    0xe0, 0xa, 0x73, 0x2, 0x0, 0x30, 0x88, 0xa6,
    0x51, 0x60, 0x1f, 0x8, 0x8, 0x77, 0x41, 0x1d,
    0xa0, 0x1f, 0xde, 0x1, 0xfc, 0x21, 0xac, 0xc1,
    0x0, 0x9, 0x0, 0x7e, 0x30, 0x59, 0x90, 0x8,
    0x13, 0x0, 0x7e, 0x10, 0xaf, 0xf9, 0xc1, 0x4c,
    0x3, 0xf2, 0x83, 0x0, 0x63, 0x1b, 0x0, 0xfd,
    0xe0, 0x60, 0x1a, 0x44, 0xc0, 0x3f, 0x3a, 0x80,
    0x63, 0x59, 0x0, 0xfc, 0xc3, 0xc0, 0x10, 0xe9,
    0x38, 0x7, 0x78, 0x0, 0x91, 0x0, 0x13, 0xf,
    0x0, 0x61, 0x0, 0xc9, 0x60, 0x19, 0xf4, 0xc0,
    0x30, 0xfc, 0x0, 0x0,

    /* U+62A5 "报" */
    0x0, 0xc6, 0xc0, 0x1f, 0xfc, 0x6b, 0x90, 0x9,
    0x15, 0x7e, 0x10, 0xf, 0xfa, 0xab, 0xf2, 0x80,
    0x7b, 0xc4, 0x2, 0x36, 0xff, 0xd6, 0x1, 0xff,
    0xc9, 0x70, 0xb, 0x3f, 0xd0, 0x3f, 0xe8, 0x0,
    0xf1, 0x81, 0x0, 0x53, 0x32, 0x84, 0xca, 0xc0,
    0x36, 0xfc, 0x20, 0x80, 0x4a, 0xcc, 0xd1, 0x66,
    0x18, 0x6, 0x88, 0x5d, 0x80, 0x3f, 0xc2, 0x40,
    0xdd, 0xcb, 0x9a, 0xec, 0x0, 0xf7, 0xe, 0x72,
    0x2, 0x19, 0xa6, 0x61, 0x60, 0x0, 0xb5, 0x73,
    0x3, 0x53, 0x1, 0x51, 0xbb, 0x8c, 0x3c, 0x0,
    0x30, 0xaa, 0x41, 0xa5, 0x0, 0x94, 0x54, 0x34,
    0x14, 0x2, 0xae, 0xbc, 0x0, 0xf1, 0x1c, 0xb,
    0xa8, 0x6, 0x41, 0x0, 0xfe, 0x82, 0xc1, 0x90,
    0xf, 0xfe, 0x1a, 0x20, 0x90, 0xc0, 0x3f, 0xf8,
    0x8e, 0x8, 0xa0, 0x1f, 0x78, 0x7, 0xd4, 0x72,
    0x54, 0xe0, 0x19, 0xa5, 0xc8, 0x2, 0x33, 0x62,
    0xcb, 0x61, 0x46, 0x10, 0x0, 0xd8, 0xfc, 0x3,
    0x18, 0x4b, 0x0, 0xea, 0xb9, 0x0, 0x17, 0xf0,
    0xc0, 0x2e, 0x9c, 0x60, 0xd, 0x56, 0x0,

    /* U+6362 "换" */
    0x0, 0x85, 0x4, 0x3, 0xff, 0x8a, 0x56, 0x40,
    0x19, 0xf8, 0x40, 0x3f, 0xc2, 0x2, 0x1, 0xa5,
    0x4, 0x3, 0xff, 0x89, 0x2, 0xbf, 0xf8, 0xc0,
    0x3f, 0xe3, 0x76, 0xdd, 0x60, 0x29, 0x80, 0x6e,
    0xdf, 0xf, 0xe4, 0xe2, 0x92, 0x25, 0x8d, 0x80,
    0x74, 0xd2, 0x82, 0xcd, 0x15, 0x99, 0x91, 0xdc,
    0x46, 0x20, 0x13, 0xba, 0x82, 0x9e, 0x8e, 0x73,
    0x16, 0xd, 0x98, 0x70, 0xf, 0xe4, 0xa1, 0xff,
    0x1a, 0xff, 0x84, 0x3, 0xf5, 0x70, 0x80, 0x61,
    0x30, 0xf, 0xc3, 0x60, 0xd0, 0x20, 0x18, 0xc0,
    0x3f, 0x5f, 0x38, 0x63, 0x1f, 0x1, 0x10, 0x40,
    0x88, 0x1c, 0x60, 0x2, 0x9d, 0x0, 0x1e, 0x38,
    0xee, 0x81, 0xb7, 0x42, 0xf8, 0x41, 0x2c, 0x20,
    0x3, 0xff, 0xd2, 0x0, 0xaf, 0xfb, 0x88, 0x3,
    0xfc, 0x30, 0xcb, 0x0, 0x10, 0x80, 0x7f, 0x8b,
    0x2, 0x2c, 0xf0, 0x3, 0xe1, 0x0, 0xcd, 0xa1,
    0x82, 0x2d, 0x3d, 0x40, 0x8, 0xaf, 0x80, 0x9b,
    0xa5, 0x74, 0x80, 0x7, 0x67, 0x76, 0x0, 0x10,
    0x3e, 0x2, 0x2e, 0x50, 0x7, 0x26, 0x24, 0x0,

    /* U+636E "据" */
    0x0, 0x87, 0x58, 0x3, 0xff, 0x88, 0x24, 0x1,
    0x6f, 0xff, 0xee, 0x0, 0xfe, 0x36, 0xcc, 0xf3,
    0x80, 0x7f, 0x8f, 0x8c, 0xfd, 0xc0, 0x15, 0xe5,
    0x85, 0xda, 0x83, 0x8c, 0xfd, 0xc0, 0x16, 0x21,
    0x83, 0x1e, 0x83, 0x66, 0x79, 0xc0, 0x27, 0x88,
    0x6, 0xc3, 0x84, 0x7f, 0xc2, 0xff, 0xee, 0x0,
    0xf9, 0xe4, 0x3, 0x8f, 0xc0, 0x3f, 0xa6, 0x58,
    0x71, 0xff, 0x14, 0x7f, 0xdc, 0x0, 0x5d, 0x5,
    0xe5, 0x16, 0xbb, 0x85, 0x6e, 0xd5, 0x61, 0xb4,
    0xc1, 0x80, 0x16, 0x22, 0x47, 0xa8, 0x85, 0x50,
    0x24, 0xd8, 0x4, 0x20, 0x26, 0x7b, 0x8c, 0xe0,
    0x4, 0xb0, 0x6, 0x50, 0x6c, 0xde, 0x34, 0xed,
    0xc0, 0xf, 0xd8, 0x24, 0x17, 0xbb, 0xac, 0x3,
    0xf8, 0xd0, 0x3, 0xff, 0x82, 0x20, 0x1, 0x4c,
    0x0, 0x6a, 0x26, 0xd0, 0xd, 0x5a, 0x5, 0x60,
    0xe0, 0x6, 0xaa, 0xcc, 0x1, 0x84, 0x21, 0x22,
    0x44, 0x41, 0x7d, 0xda, 0xc0, 0x35, 0xe3, 0x81,
    0x30, 0xf, 0x28, 0x6, 0x5f, 0x0,

    /* U+6545 "故" */
    0x0, 0xff, 0xe6, 0x12, 0x0, 0x7b, 0x20, 0x3,
    0xfd, 0x56, 0x1, 0xc2, 0x62, 0x1, 0xfe, 0xf0,
    0xf, 0x38, 0x58, 0x7, 0xff, 0x16, 0xc9, 0x91,
    0x38, 0x1, 0xe, 0xec, 0x7, 0x79, 0x54, 0x44,
    0xbb, 0xf0, 0x82, 0xdd, 0x94, 0x2e, 0xd5, 0xb0,
    0x9f, 0xf2, 0x17, 0xf8, 0x43, 0x73, 0x12, 0x19,
    0x8d, 0x2, 0x30, 0x9, 0xd8, 0x3, 0xfe, 0x17,
    0x57, 0x30, 0x1, 0x10, 0x3, 0xfe, 0x1c, 0xa1,
    0x50, 0x11, 0x78, 0x6, 0x2f, 0xf4, 0x7, 0xfa,
    0xc, 0x17, 0xc1, 0x41, 0x0, 0x3d, 0x19, 0x90,
    0x6, 0xd7, 0xc, 0x22, 0x0, 0x78, 0xcf, 0xf,
    0x80, 0x1c, 0x55, 0x94, 0x3, 0xff, 0x86, 0x2b,
    0x43, 0x20, 0x1f, 0x1a, 0x24, 0x20, 0x1b, 0xc0,
    0xc4, 0x3, 0xe8, 0xbb, 0x83, 0xc0, 0xb, 0x44,
    0x72, 0x1, 0xf5, 0xff, 0xc2, 0x3, 0x34, 0x9b,
    0x4d, 0x86, 0x1, 0x1a, 0xb0, 0x5, 0xdf, 0xcd,
    0x16, 0xb, 0x47, 0x92, 0x0, 0x1a, 0x20, 0xc,
    0x88, 0xd7, 0x0, 0x97, 0x92, 0xc0,

    /* U+6570 "数" */
    0x0, 0x20, 0x83, 0xf0, 0x1, 0xc0, 0x13, 0x20,
    0xf, 0xa3, 0x3, 0xc4, 0x1a, 0x4, 0x11, 0x40,
    0x3e, 0xd3, 0x6f, 0x0, 0x5b, 0x8, 0x8a, 0xc0,
    0x3c, 0x4f, 0x27, 0xa0, 0xaa, 0xe4, 0x40, 0x20,
    0x7, 0x92, 0x65, 0x4a, 0x16, 0xd3, 0xd8, 0x19,
    0xff, 0xa0, 0x1b, 0xfc, 0x20, 0xf, 0xce, 0xa7,
    0x4b, 0xb4, 0x4, 0xd0, 0x0, 0xb0, 0x9c, 0x27,
    0x9, 0x47, 0x11, 0x4, 0xe, 0x41, 0x1a, 0xdb,
    0xe1, 0x5, 0x3c, 0x1a, 0x0, 0x20, 0x10, 0x6,
    0x45, 0x9f, 0x40, 0x6f, 0x21, 0x20, 0x3, 0xc8,
    0x2, 0x46, 0x5, 0x64, 0x1, 0x12, 0x48, 0x90,
    0x1b, 0x80, 0x55, 0xdf, 0x1, 0x9f, 0xeb, 0xb2,
    0x2, 0x82, 0xe8, 0x5, 0x37, 0x1, 0x39, 0x81,
    0x50, 0x2, 0xd2, 0xa, 0x0, 0x46, 0x98, 0x6c,
    0x6e, 0x32, 0x0, 0x92, 0xa2, 0x30, 0xc, 0x2e,
    0x7d, 0x52, 0x86, 0x0, 0x34, 0x1b, 0x0, 0xe1,
    0xce, 0xb5, 0x24, 0xb2, 0x3, 0x40, 0xa1, 0x0,
    0xf2, 0xc0, 0xe5, 0x81, 0xbe, 0x25, 0x1e, 0x10,
    0x0, 0x9f, 0x6d, 0x3c, 0xd3, 0xb2, 0x1e, 0xd6,
    0x8b, 0x58, 0x1, 0x4b, 0xb2, 0x20, 0x2, 0x1c,
    0x80, 0x2, 0xe2, 0x38, 0x16, 0xc1, 0x0, 0x67,
    0xc3, 0x0, 0xc7, 0x62,

    /* U+6574 "整" */
    0x0, 0xff, 0xe6, 0xde, 0x80, 0x70, 0xf3, 0x0,
    0x78, 0xcf, 0x38, 0x19, 0xe0, 0x61, 0x40, 0xf,
    0x7e, 0xec, 0x65, 0xbb, 0x48, 0x50, 0xc5, 0x52,
    0xec, 0x0, 0xcc, 0xc8, 0x59, 0x95, 0x29, 0x46,
    0x61, 0x43, 0x40, 0xb, 0xbb, 0x21, 0x6e, 0xc9,
    0x60, 0xec, 0x41, 0xec, 0x0, 0x10, 0xdf, 0x43,
    0xfd, 0x2, 0x54, 0xa0, 0xe2, 0x40, 0x8, 0x43,
    0x7d, 0xf, 0xf4, 0x16, 0xe5, 0x2d, 0x64, 0x3,
    0x2e, 0xe1, 0x0, 0x6, 0xf4, 0xc0, 0x95, 0x9,
    0x40, 0x38, 0x78, 0xc, 0x8e, 0x84, 0x17, 0x15,
    0x8f, 0xa5, 0x0, 0x6b, 0x1f, 0x5c, 0x71, 0x48,
    0x60, 0x36, 0x7d, 0x58, 0x80, 0x4a, 0xb8, 0xf6,
    0xca, 0x8, 0x91, 0xe2, 0x65, 0xdc, 0x60, 0x4,
    0x2d, 0x6c, 0x4e, 0xeb, 0x31, 0x7b, 0xba, 0x80,
    0x3d, 0xdd, 0xe4, 0x47, 0x77, 0x84, 0x3, 0xc2,
    0x82, 0x1, 0x27, 0x77, 0x40, 0x7, 0xc5, 0x68,
    0x1, 0x1e, 0xee, 0xaa, 0x0, 0x7c, 0x20, 0x1c,
    0xe6, 0x79, 0x8, 0x3, 0x19, 0x89, 0x80, 0x8a,
    0x77, 0x11, 0x78, 0xcc, 0x0, 0xec, 0xc5, 0xc,
    0xe6, 0x8, 0x99, 0x9f, 0x70, 0x0,

    /* U+65B9 "方" */
    0x0, 0xfc, 0x60, 0x1f, 0xfc, 0x49, 0xc2, 0x0,
    0xff, 0xe1, 0xd0, 0x48, 0x7, 0xff, 0xc, 0xd1,
    0x84, 0x3, 0xe3, 0x65, 0x5f, 0x6c, 0x22, 0xaf,
    0xd5, 0x35, 0x5e, 0x9a, 0xaf, 0xd1, 0xe, 0xec,
    0xc1, 0xdd, 0xfe, 0xc1, 0x1e, 0x0, 0x8, 0xff,
    0xc0, 0x1c, 0x60, 0x1f, 0xfc, 0x51, 0xf, 0xff,
    0xd2, 0x1, 0xf3, 0x8c, 0x47, 0x9c, 0x38, 0x3,
    0xe3, 0x47, 0x7f, 0x58, 0x8, 0x7, 0x90, 0x30,
    0x3, 0xcc, 0x4, 0x1, 0xee, 0x7, 0x0, 0xf1,
    0x83, 0x80, 0x71, 0xaa, 0x84, 0x3, 0xdc, 0x4,
    0x1, 0x87, 0x82, 0x0, 0x3e, 0x20, 0x10, 0x8,
    0x74, 0xa8, 0x80, 0x3c, 0x8a, 0x40, 0x11, 0xe1,
    0xca, 0x80, 0x63, 0xff, 0x58, 0x58, 0x4, 0x22,
    0xa6, 0x0, 0xe3, 0x45, 0x8d, 0x60, 0x8, 0xb1,
    0x40, 0x3e, 0xba, 0x72, 0x0, 0xc0,

    /* U+65E0 "无" */
    0x0, 0xff, 0xe4, 0x57, 0xff, 0xff, 0x2, 0x40,
    0x37, 0x4c, 0xe3, 0x9, 0x9f, 0x50, 0x6, 0x46,
    0x6e, 0x16, 0x6f, 0x18, 0x7, 0xff, 0x3c, 0x4c,
    0x3, 0xff, 0x8a, 0x20, 0x1f, 0xc5, 0xff, 0xe4,
    0x3f, 0xff, 0xca, 0x53, 0x3e, 0x4, 0x90, 0x69,
    0x9e, 0x70, 0x66, 0xe4, 0xe, 0x70, 0xc6, 0x6e,
    0x20, 0xf, 0x28, 0x20, 0x7, 0xff, 0xe, 0x50,
    0x40, 0x3f, 0xf8, 0x4e, 0x3e, 0x1, 0xff, 0xc2,
    0x58, 0x44, 0x0, 0x7e, 0x72, 0x0, 0x96, 0x86,
    0x80, 0x3f, 0xa2, 0x40, 0x13, 0x43, 0x82, 0x0,
    0x10, 0xe5, 0x5a, 0x3, 0x17, 0x98, 0xfc, 0x80,
    0x33, 0xa5, 0x54, 0xe2, 0xca, 0x53, 0x82, 0x1,
    0xd1, 0xfd, 0xdc, 0x21, 0x8c, 0x1, 0xfc, 0x23,
    0x80, 0x0,

    /* U+65F6 "时" */
    0x0, 0xff, 0xe1, 0x22, 0x0, 0x3f, 0xf8, 0xb5,
    0x0, 0x11, 0x22, 0x71, 0x80, 0x7c, 0x6e, 0x1,
    0x55, 0xdf, 0x40, 0x7, 0xff, 0xb, 0xbf, 0xc2,
    0x20, 0xf, 0xfe, 0x3b, 0x7f, 0xf8, 0x93, 0xfc,
    0x60, 0x1f, 0x24, 0xcf, 0x84, 0xa6, 0x45, 0xe0,
    0x89, 0x8, 0x13, 0x37, 0x8d, 0x9a, 0x10, 0x5,
    0x5d, 0x80, 0x32, 0x8, 0x7, 0xfb, 0xbf, 0xc2,
    0x0, 0x3b, 0x80, 0xf, 0xfe, 0x21, 0xab, 0x10,
    0x7, 0xde, 0x1, 0xfa, 0x2, 0x40, 0x3f, 0x8c,
    0x44, 0x1, 0x8a, 0x20, 0x1, 0xfd, 0xbd, 0xc1,
    0x0, 0xce, 0x60, 0x1f, 0xd5, 0x76, 0x0, 0xff,
    0xe2, 0x22, 0x62, 0x0, 0xff, 0xe0, 0x79, 0x0,
    0x57, 0x0, 0x1f, 0x18, 0x6, 0x7d, 0x10, 0xf,
    0xc5, 0xde, 0x26, 0x1, 0xff, 0xc2, 0x26, 0x59,
    0x80, 0x8,

    /* U+663E "显" */
    0x0, 0x8d, 0x9b, 0xff, 0x80, 0x1, 0xeb, 0x99,
    0xff, 0xe0, 0x10, 0x7, 0xdd, 0xff, 0xfa, 0x0,
    0xc0, 0x3b, 0xc0, 0x3f, 0xde, 0x1, 0xfd, 0xdf,
    0xff, 0x9c, 0x3, 0xfa, 0x67, 0xf9, 0x40, 0x3e,
    0xf0, 0x76, 0x6f, 0xda, 0x1, 0xfd, 0xdf, 0xff,
    0xa0, 0xc, 0x3, 0xb2, 0x23, 0xff, 0x80, 0x60,
    0x1c, 0x8e, 0xe4, 0x6, 0x77, 0x9, 0x3b, 0xc2,
    0x1, 0xc2, 0x0, 0xb8, 0x0, 0xa2, 0x40, 0x3e,
    0x1d, 0xa0, 0xf, 0x8d, 0xc0, 0xb, 0xa8, 0x0,
    0x17, 0x44, 0x7, 0x80, 0x7e, 0x92, 0x60, 0xa,
    0xc2, 0x40, 0x3f, 0x94, 0xd8, 0x80, 0x21, 0x82,
    0x50, 0xf, 0xd6, 0x32, 0x1, 0xce, 0x8c, 0x1,
    0xf0, 0x95, 0x0, 0x67, 0x66, 0x6a, 0xe0, 0x33,
    0x46, 0xcf, 0x44, 0xce, 0x83, 0x13, 0x11, 0x28,
    0xcc, 0x40, 0xe, 0x23, 0xb8,

    /* U+6709 "有" */
    0x0, 0xff, 0xe7, 0xbf, 0xa0, 0x7, 0xff, 0x13,
    0x1, 0x40, 0x3f, 0xd0, 0xef, 0xc8, 0x2c, 0xef,
    0xf3, 0x0, 0x1a, 0x67, 0x40, 0x2, 0x67, 0xf5,
    0x0, 0x3b, 0xb8, 0x89, 0xdd, 0xfd, 0x80, 0x1e,
    0x82, 0x53, 0x3f, 0xc0, 0x1f, 0x23, 0x83, 0xe6,
    0x7e, 0x10, 0xe, 0x2b, 0xa, 0xff, 0xf9, 0xc0,
    0x40, 0x31, 0x60, 0x7, 0xff, 0x11, 0x34, 0x24,
    0x2b, 0xff, 0xe7, 0x0, 0xd3, 0x61, 0xa4, 0xf,
    0x77, 0xf2, 0x80, 0x6f, 0x1c, 0x30, 0x6, 0xa2,
    0x7c, 0x40, 0x19, 0xbc, 0xc0, 0x2c, 0x66, 0xf8,
    0xc0, 0x38, 0x40, 0x33, 0xc4, 0x7c, 0x80, 0x1f,
    0xeb, 0xee, 0xf9, 0xc0, 0x3f, 0xf8, 0xc2, 0x1,
    0xf8, 0x40, 0x3e, 0x7b, 0x61, 0x0, 0xff, 0xe1,
    0x92, 0x1d, 0x0, 0x7c, 0xbe, 0xa0, 0x1c, 0xbf,
    0x88, 0x0,

    /* U+67E5 "查" */
    0x0, 0xfd, 0x72, 0x1, 0xff, 0xc5, 0x63, 0x0,
    0xfe, 0x18, 0x77, 0xf1, 0xb3, 0xbf, 0xa0, 0x40,
    0xf, 0x33, 0xa2, 0x2, 0x71, 0x9, 0x9c, 0xc0,
    0x1, 0xfe, 0xea, 0x2, 0x8d, 0x64, 0x2b, 0xbb,
    0x8, 0x7, 0x34, 0xba, 0x80, 0x19, 0x97, 0x0,
    0x1f, 0xd, 0x4c, 0x40, 0x3, 0x4c, 0x3f, 0x41,
    0x0, 0xe, 0x79, 0x29, 0xc0, 0x3c, 0xf6, 0x4f,
    0xba, 0x15, 0x67, 0x75, 0x7f, 0xc6, 0xbf, 0xf5,
    0xa5, 0xac, 0x8b, 0x74, 0x70, 0x66, 0x7e, 0xf,
    0x4a, 0x40, 0x0, 0x80, 0x4e, 0xff, 0x80, 0x3f,
    0xea, 0xaf, 0xc0, 0x1f, 0xde, 0x1d, 0xdf, 0x83,
    0xc0, 0x3f, 0xbf, 0xff, 0x0, 0x7f, 0x55, 0xdf,
    0xfa, 0x80, 0x3e, 0x24, 0x4f, 0xf1, 0x0, 0x73,
    0x2a, 0xff, 0xf0, 0xd0, 0xa, 0x6a, 0xef, 0xff,
    0x81, 0x54, 0xf0,

    /* U+6846 "框" */
    0x0, 0x8e, 0x90, 0x3, 0xff, 0x8a, 0xea, 0x20,
    0xd, 0xff, 0xff, 0x8, 0x4, 0xc0, 0x1c, 0xdb,
    0xbf, 0xb0, 0x40, 0x3f, 0xc4, 0x5f, 0x8c, 0x0,
    0xec, 0xa1, 0x8c, 0x80, 0x3, 0x65, 0x5c, 0xce,
    0x20, 0xc, 0xaa, 0x2, 0x51, 0x80, 0x1e, 0xa6,
    0x2a, 0x6a, 0xc0, 0x2b, 0xc4, 0x8, 0xc7, 0x0,
    0x26, 0x62, 0xc3, 0x73, 0x2, 0x1, 0x9c, 0x0,
    0x40, 0x1f, 0xfc, 0x34, 0x10, 0xbf, 0x0, 0x8f,
    0xfd, 0x21, 0xdf, 0x80, 0x1a, 0x10, 0x18, 0x94,
    0x0, 0x7b, 0xa8, 0xc, 0xde, 0x0, 0x98, 0xf8,
    0x35, 0x0, 0x31, 0x10, 0x40, 0x8a, 0x0, 0x14,
    0xab, 0x80, 0x2d, 0x40, 0x3f, 0xf8, 0x4, 0xb0,
    0x1, 0xf4, 0xf7, 0x20, 0x3f, 0xb8, 0xc0, 0xa,
    0x20, 0xf, 0xaf, 0x76, 0xcd, 0xd5, 0x20, 0x7,
    0xfc, 0x46, 0x7e, 0x42, 0x0, 0xc2, 0x1, 0x8c,
    0xc4, 0x5f, 0x19, 0x80, 0x33, 0x80, 0x63, 0x4c,
    0xcf, 0xe2, 0x0, 0xe3, 0x0, 0x6f, 0x77, 0xef,
    0xf1, 0x0,

    /* U+68C0 "检" */
    0x0, 0xc2, 0x1, 0xff, 0xc6, 0x2e, 0x60, 0xe,
    0x7f, 0x40, 0xf, 0xe3, 0x3, 0x0, 0xea, 0xc,
    0x0, 0xff, 0xe2, 0x29, 0x3b, 0x8c, 0x3, 0xc4,
    0x6a, 0x4, 0x66, 0x0, 0x41, 0xc2, 0xe8, 0x80,
    0x74, 0x65, 0x84, 0x67, 0x84, 0x97, 0x85, 0x9f,
    0xa0, 0x6, 0x8d, 0x80, 0x9d, 0xe7, 0x68, 0x30,
    0x1f, 0xb, 0xa2, 0x0, 0x11, 0x34, 0xc, 0xaa,
    0xa, 0x3f, 0xed, 0xa4, 0x5c, 0x0, 0xca, 0x0,
    0x14, 0x3c, 0x9a, 0xac, 0xb7, 0x56, 0x1, 0x30,
    0x3, 0x27, 0x34, 0x59, 0xc5, 0x54, 0xa, 0xb0,
    0x5, 0x8, 0xa, 0xe6, 0x8e, 0x1f, 0x40, 0x4,
    0xa9, 0x0, 0x9c, 0x7c, 0x24, 0x6a, 0x64, 0x16,
    0x28, 0x18, 0x16, 0x0, 0x28, 0x45, 0x0, 0x64,
    0xc8, 0x55, 0x83, 0x41, 0x10, 0x40, 0x3, 0x34,
    0x0, 0x44, 0xa, 0x32, 0x8, 0xe6, 0x5c, 0x1,
    0xe, 0x18, 0x7, 0x9c, 0xca, 0x32, 0xc5, 0x40,
    0x3f, 0xf8, 0x15, 0x64, 0x64, 0xcc, 0x0, 0xff,
    0x95, 0x4c, 0x2a, 0xa8, 0x1f, 0x55, 0x20, 0x7,
    0xc3, 0x57, 0x7c, 0xc3, 0x37, 0x5e, 0x1, 0x8c,
    0xc, 0x7f, 0xbb, 0xfb, 0xec, 0x0,

    /* U+6A21 "模" */
    0x0, 0xc2, 0x1, 0xe1, 0x0, 0xff, 0x97, 0x90,
    0x3, 0x37, 0x0, 0x32, 0xc0, 0x3e, 0x10, 0x70,
    0x25, 0x57, 0x82, 0xa8, 0x5d, 0x54, 0x60, 0x1f,
    0x9a, 0x25, 0x2, 0x64, 0x44, 0x98, 0xb0, 0xf,
    0xc9, 0xb9, 0x61, 0x98, 0x34, 0xcd, 0x80, 0x4,
    0x57, 0x84, 0x52, 0xa, 0x15, 0x22, 0x2b, 0x10,
    0xc0, 0x2e, 0x20, 0x0, 0x9b, 0xad, 0xcc, 0x4c,
    0xae, 0xd5, 0xe0, 0x13, 0x41, 0x4, 0xc8, 0xc0,
    0x19, 0xbb, 0xcc, 0xe0, 0x1c, 0xe0, 0x88, 0x0,
    0xbb, 0xff, 0x9c, 0x3, 0x94, 0x42, 0xe8, 0x40,
    0x1b, 0xdd, 0xce, 0x1, 0xd0, 0x41, 0x1, 0x0,
    0x7, 0x55, 0xe2, 0x70, 0xa, 0xa, 0x1, 0xe4,
    0x40, 0xa2, 0x6e, 0xd3, 0x27, 0x60, 0x1, 0x3c,
    0x8, 0x1, 0xe1, 0x37, 0x63, 0x6d, 0xda, 0x80,
    0x5, 0xae, 0x1, 0x9b, 0xff, 0x1b, 0x7f, 0xee,
    0x0, 0x10, 0x7, 0x3e, 0xed, 0x0, 0x21, 0x9b,
    0xaa, 0x0, 0xfc, 0x24, 0x43, 0x93, 0xc0, 0xf2,
    0x22, 0x0, 0x7f, 0x8f, 0x3, 0x8a, 0x8f, 0x4,
    0x3, 0xf9, 0x6f, 0x3, 0x8, 0x16, 0x4f, 0x9c,
    0x40, 0x39, 0xc3, 0x96, 0x34, 0x80, 0x26, 0xc2,
    0xb1, 0x0, 0x93, 0xd0, 0x2f, 0x9c, 0x3, 0xc7,
    0xba, 0x0,

    /* U+6B63 "正" */
    0x4, 0x77, 0xff, 0xe1, 0x28, 0x3, 0x62, 0x3f,
    0xf8, 0x5e, 0x0, 0x9f, 0xff, 0x40, 0x77, 0xff,
    0x50, 0x7, 0xff, 0x73, 0x24, 0x3, 0xff, 0x88,
    0x64, 0x1, 0xc4, 0x5e, 0x0, 0xe1, 0x0, 0xf6,
    0x6e, 0xf2, 0x0, 0x7f, 0xd7, 0x99, 0xca, 0x1,
    0xff, 0x29, 0x9f, 0x8, 0x7, 0xff, 0xf5, 0xe1,
    0xc5, 0x9d, 0xec, 0x9, 0x77, 0xd1, 0x3, 0xa7,
    0x91, 0x39, 0x99, 0x45, 0xa6, 0x73, 0xb9, 0x80,

    /* U+6D41 "流" */
    0x0, 0xff, 0x8c, 0x3, 0xfc, 0x82, 0x1, 0xe6,
    0xc2, 0x0, 0xfc, 0x37, 0xcc, 0x1, 0xcc, 0x3c,
    0x1, 0xf8, 0x74, 0xa5, 0xf7, 0xff, 0x9, 0xff,
    0xf2, 0x0, 0x45, 0xac, 0xf1, 0x35, 0x21, 0x17,
    0x7a, 0xa8, 0xa0, 0x1d, 0x20, 0xac, 0xb8, 0x8,
    0x90, 0x22, 0xa8, 0x40, 0x10, 0xc0, 0x1c, 0xcb,
    0x46, 0xf, 0x6a, 0x1, 0xcb, 0x38, 0x40, 0x5,
    0x98, 0x50, 0x3, 0xad, 0x20, 0x6, 0xd6, 0x3c,
    0x6, 0xa0, 0x9e, 0xff, 0x94, 0x2c, 0x80, 0x34,
    0xca, 0xc1, 0x9, 0xa2, 0xf3, 0x7b, 0xf8, 0x24,
    0x3, 0x99, 0x40, 0xb6, 0x59, 0x4c, 0x84, 0x6,
    0x24, 0x3, 0xca, 0x1, 0x64, 0x17, 0x28, 0x6b,
    0xb8, 0x80, 0x38, 0xaa, 0x0, 0x4, 0x0, 0x10,
    0x1, 0x80, 0x7e, 0xb0, 0x90, 0x0, 0xf8, 0x7,
    0xff, 0x0, 0x99, 0x82, 0x2, 0x6, 0x1, 0xff,
    0xc0, 0x80, 0x80, 0x2, 0x2, 0x80, 0x7f, 0xc8,
    0xac, 0x20, 0x8, 0x31, 0x0, 0xf9, 0xe8, 0x1,
    0x41, 0x60, 0x36, 0x50, 0x1, 0xeb, 0x5b, 0x40,
    0x6, 0xc9, 0xf, 0xa5, 0x20, 0x4, 0x60, 0xc7,
    0x45, 0x0, 0x3, 0x60, 0x1a, 0xc5, 0x0, 0x17,
    0xb0, 0x47, 0xfb, 0x98, 0x0,

    /* U+6D4B "测" */
    0x0, 0xff, 0xe2, 0x88, 0x0, 0x70, 0xc0, 0x3f,
    0xf8, 0x5, 0xcc, 0x6, 0x58, 0xe1, 0xff, 0xe8,
    0x0, 0xe3, 0x2, 0xf4, 0xb0, 0x3, 0xdd, 0xc1,
    0xe1, 0x28, 0x1, 0xc3, 0x7a, 0x0, 0xd4, 0x48,
    0x40, 0xc, 0x40, 0x1f, 0x8, 0x4, 0xfc, 0x40,
    0x1f, 0xd5, 0x40, 0xe, 0x11, 0x18, 0x7, 0xf6,
    0xae, 0x8, 0x7, 0xff, 0xd, 0xe8, 0xdc, 0x3,
    0x84, 0x3, 0xfc, 0xb8, 0xc0, 0x1f, 0xfc, 0x53,
    0x0, 0xdc, 0x1, 0xff, 0xc1, 0x6d, 0x20, 0x1,
    0x10, 0x1, 0xe0, 0x1f, 0xd4, 0x66, 0x21, 0x47,
    0x5, 0xe0, 0xf, 0xc8, 0x70, 0x3a, 0xe3, 0x87,
    0x6c, 0x0, 0x10, 0xe, 0x81, 0x60, 0x5, 0x0,
    0x31, 0x80, 0x1a, 0xe0, 0x19, 0x8e, 0x0, 0x4,
    0xcd, 0x2c, 0xa0, 0x10, 0x6, 0x29, 0x16, 0x0,
    0x70, 0x40, 0x50, 0xd0, 0x80, 0xb8, 0x0, 0xa2,
    0x40, 0x14, 0x72, 0x20, 0xb, 0x23, 0xc, 0xa0,
    0x70, 0x77, 0x0, 0x2e, 0x58, 0x2, 0x5c, 0x20,
    0x88, 0x69, 0x0,

    /* U+6D88 "消" */
    0x0, 0xff, 0xe0, 0x19, 0x0, 0x7e, 0x42, 0x0,
    0x88, 0x40, 0x2c, 0xe0, 0x9, 0x0, 0x22, 0xbc,
    0x40, 0x2d, 0xd0, 0x6, 0x70, 0x2, 0x5d, 0x80,
    0x5, 0x83, 0x6a, 0x4c, 0x6e, 0x1, 0xe8, 0x19,
    0x0, 0x8f, 0x5, 0x82, 0x46, 0x40, 0x3a, 0xe,
    0xc8, 0x3, 0x1f, 0x18, 0x2, 0xb0, 0x3, 0xaa,
    0x14, 0x2, 0x40, 0xe, 0x32, 0x46, 0x60, 0x33,
    0x10, 0x58, 0x0, 0x37, 0xcc, 0x1, 0x5c, 0xce,
    0x2, 0x99, 0xc4, 0x3, 0x85, 0x36, 0x1, 0xbb,
    0xff, 0xcc, 0x6, 0x0, 0x3c, 0x78, 0x0, 0x78,
    0x7, 0xff, 0xe, 0xc, 0x3, 0x77, 0xff, 0x98,
    0x3, 0xc8, 0x80, 0xd, 0x33, 0xf2, 0x0, 0x7b,
    0x6c, 0x80, 0x27, 0x66, 0xf1, 0x0, 0x79, 0xcc,
    0x80, 0x27, 0x66, 0xf1, 0x0, 0x72, 0xc, 0x80,
    0x69, 0x9f, 0x90, 0x3, 0xbc, 0x14, 0x3, 0x77,
    0xff, 0x98, 0x3, 0x1a, 0x20, 0x2, 0xf0, 0xf,
    0xfe, 0xf, 0x6, 0x80, 0x7f, 0x8a, 0x5c, 0x4,
    0x1, 0xea, 0x80, 0x1f, 0xe2, 0x50, 0x90, 0x8,
    0xa8, 0x80, 0x28, 0xf1, 0x0, 0xec, 0xe6, 0x0,
    0x0,

    /* U+6E29 "温" */
    0x0, 0x39, 0x0, 0x4c, 0xdf, 0xc6, 0x1, 0x86,
    0xb5, 0x40, 0x13, 0x3f, 0xc8, 0x1, 0x87, 0x56,
    0x94, 0x0, 0xfd, 0xde, 0x10, 0xf, 0xaa, 0x54,
    0x0, 0x2a, 0xbe, 0x10, 0xe, 0x10, 0x3, 0x0,
    0x4d, 0x77, 0xe0, 0xf, 0x6e, 0x10, 0x6, 0x7e,
    0xef, 0x8, 0x7, 0x70, 0xea, 0x0, 0x42, 0x45,
    0xe1, 0x0, 0xe2, 0xc4, 0x0, 0xcd, 0x99, 0xe0,
    0xf, 0x86, 0xd0, 0x1, 0xdd, 0xfc, 0xe0, 0x1e,
    0x20, 0x8, 0x47, 0xf8, 0x3, 0xef, 0x80, 0xef,
    0xff, 0xf3, 0x80, 0x61, 0x2e, 0x0, 0x1d, 0x38,
    0x53, 0x85, 0x50, 0x4, 0x3, 0x38, 0x38, 0x1b,
    0x2e, 0x8a, 0xe8, 0x2a, 0x0, 0x7b, 0x4c, 0x40,
    0x3f, 0xf8, 0x82, 0x88, 0x0, 0xff, 0xe2, 0xb0,
    0x58, 0x7, 0xff, 0x16, 0x44, 0xd1, 0x4d, 0x97,
    0x45, 0x70, 0x15, 0x3, 0xd8, 0x0, 0xe8, 0x1f,
    0x42, 0x56, 0xc3, 0x6e, 0x37, 0x61, 0x69, 0x20,
    0x9a, 0xb, 0xff, 0x77, 0x7f, 0xbf, 0xc4,

    /* U+6E90 "源" */
    0x0, 0x4a, 0x80, 0xd, 0xdf, 0xfd, 0xc, 0x0,
    0x15, 0xa8, 0x4, 0x89, 0x9f, 0xe6, 0xa0, 0x0,
    0xe3, 0x3a, 0x0, 0x3b, 0xb3, 0xcf, 0x76, 0xc0,
    0xd, 0x36, 0x80, 0x1c, 0x4c, 0x1, 0xf8, 0x80,
    0x8, 0x1, 0x9f, 0xf4, 0x23, 0xfe, 0x90, 0xb,
    0xf9, 0x40, 0x3e, 0xab, 0xbc, 0x1, 0xdc, 0xb5,
    0x60, 0x18, 0x41, 0xd5, 0x70, 0x80, 0x63, 0xb8,
    0xd0, 0xf, 0x6f, 0x76, 0x10, 0xf, 0x3b, 0x7,
    0x80, 0x6b, 0xcc, 0xc2, 0x1, 0xe2, 0x0, 0x8,
    0x0, 0x40, 0x5d, 0xf0, 0x80, 0x7b, 0x24, 0x8,
    0x40, 0x2a, 0xbb, 0xc0, 0x1e, 0x21, 0x10, 0x39,
    0x3, 0xff, 0xb0, 0x2f, 0xfd, 0x20, 0x19, 0x42,
    0x80, 0xd4, 0x8, 0x40, 0x38, 0x80, 0x3a, 0xc8,
    0x88, 0x18, 0x13, 0xe2, 0x1, 0x2e, 0xa8, 0x4,
    0x66, 0x50, 0xe0, 0x55, 0x23, 0x8, 0x4, 0xa7,
    0x48, 0x0, 0x90, 0xb4, 0x55, 0x15, 0x1c, 0x0,
    0x76, 0x8d, 0x8, 0x38, 0x95, 0x4, 0x58, 0x70,
    0x24, 0x83, 0x80, 0xd4, 0x88, 0x6e, 0x86, 0xe0,
    0xa7, 0x48, 0xd, 0x50, 0xc0, 0x8, 0xe0, 0x11,
    0x82, 0xb8, 0x0, 0x80, 0xf, 0xb6, 0x1, 0xe0,

    /* U+7247 "片" */
    0x0, 0x84, 0x3, 0xe8, 0x50, 0xf, 0xdf, 0xa0,
    0x1e, 0x7f, 0x0, 0xfe, 0x10, 0xf, 0xfe, 0x21,
    0xb8, 0x7, 0xff, 0xa5, 0x3f, 0xfc, 0xb, 0xff,
    0x94, 0x2, 0x33, 0x5d, 0xff, 0xd4, 0x80, 0x19,
    0xd1, 0x3f, 0xe5, 0x10, 0x8, 0x44, 0x1, 0xff,
    0xc3, 0x10, 0x66, 0xff, 0x8, 0x7, 0x10, 0x1c,
    0xcf, 0xf2, 0x80, 0x72, 0x85, 0x7f, 0xfd, 0x40,
    0xe0, 0x1d, 0x80, 0xe0, 0x1f, 0xfc, 0x34, 0x22,
    0x0, 0x7f, 0xf0, 0x98, 0x54, 0x3, 0xf1, 0x80,
    0x7a, 0xc2, 0x40, 0x3f, 0xf8, 0x52, 0x4c, 0x20,
    0x1f, 0xfc, 0x2a, 0x48, 0x0, 0xff, 0x9c, 0x2,

    /* U+72B6 "状" */
    0x0, 0xe2, 0x30, 0xf, 0xfe, 0x34, 0xe0, 0x6,
    0x1d, 0xb0, 0xf, 0xf8, 0x44, 0x1, 0xc4, 0x0,
    0x93, 0x0, 0xc4, 0x20, 0x1f, 0x84, 0x8, 0xb,
    0xc, 0x2, 0xcd, 0x0, 0xff, 0xe0, 0x5a, 0x68,
    0x5, 0xa7, 0x40, 0x1f, 0xfc, 0xb, 0xa0, 0x8,
    0xe9, 0x48, 0x2, 0x55, 0xc0, 0x4a, 0xb0, 0xa0,
    0x4, 0xba, 0x40, 0x2, 0xaa, 0xc0, 0x95, 0x5b,
    0xc0, 0x31, 0x0, 0x45, 0xdf, 0xed, 0x2, 0xff,
    0xd6, 0x1, 0xc6, 0xa0, 0x1, 0x0, 0x30, 0x10,
    0x80, 0x7e, 0x2d, 0x0, 0xf1, 0x80, 0x10, 0x3,
    0xe1, 0xf3, 0x40, 0xe, 0xc4, 0x2c, 0x0, 0xf1,
    0x61, 0xf8, 0x80, 0x61, 0x4c, 0x47, 0x0, 0xf7,
    0x15, 0x10, 0x7, 0x48, 0x2d, 0xb, 0x0, 0x76,
    0xd2, 0x0, 0x70, 0xb2, 0x11, 0xa4, 0x90, 0x6,
    0x15, 0x0, 0xf5, 0x8c, 0x0, 0x24, 0x3c, 0x40,
    0x3f, 0x8, 0x32, 0xb1, 0x80, 0xa, 0xb, 0x8,
    0x3, 0xc2, 0xf, 0x25, 0x20, 0x19, 0xd4, 0xa4,
    0x3, 0xf2, 0x9f, 0x80, 0x7a, 0xa6, 0xc0,

    /* U+7535 "电" */
    0x0, 0xf1, 0x18, 0x7, 0xff, 0x12, 0x70, 0x3,
    0xff, 0x88, 0x22, 0x0, 0xff, 0xe8, 0x77, 0xff,
    0x28, 0xff, 0xf9, 0x0, 0x30, 0xd5, 0x63, 0xa,
    0xac, 0xe0, 0x1e, 0x35, 0x5c, 0xc2, 0xab, 0xb4,
    0x3, 0xff, 0x98, 0x5f, 0xf9, 0x47, 0xff, 0x50,
    0x7, 0x86, 0xef, 0x20, 0x5d, 0xe7, 0x0, 0xf1,
    0xa2, 0x61, 0x12, 0x26, 0xd0, 0xf, 0xfe, 0x61,
    0xb3, 0x70, 0xb3, 0x6c, 0x0, 0xf0, 0xcc, 0xe3,
    0x9, 0x9c, 0xc0, 0x1e, 0x2f, 0xfc, 0xa3, 0xff,
    0xe4, 0x0, 0xa2, 0x0, 0x1f, 0xfc, 0x16, 0x40,
    0x65, 0x0, 0xe1, 0x0, 0xfb, 0x6c, 0x80, 0x3c,
    0x41, 0x6c, 0xdd, 0x8, 0x64, 0x1, 0xe9, 0x45,
    0x88, 0xe6, 0x3f, 0x0,

    /* U+753B "画" */
    0x2, 0x11, 0xff, 0xe1, 0x10, 0x3, 0x7b, 0xbf,
    0xf8, 0x5a, 0x21, 0x99, 0x6e, 0xff, 0xb3, 0x21,
    0x3, 0x38, 0x8b, 0xfc, 0x67, 0x0, 0x73, 0xff,
    0xfe, 0x80, 0xe, 0x30, 0xd, 0x98, 0x60, 0xcc,
    0x0, 0x44, 0x80, 0x98, 0x80, 0x11, 0x9b, 0x84,
    0xcc, 0x3e, 0x15, 0x62, 0xe0, 0x1f, 0xfc, 0x2f,
    0x0, 0xfd, 0xfe, 0x81, 0xff, 0x8, 0x7, 0xfd,
    0x76, 0x50, 0xbb, 0x0, 0x7f, 0xf0, 0x11, 0x1a,
    0x28, 0x81, 0x0, 0xff, 0xe3, 0x78, 0x7, 0xef,
    0xf, 0xf4, 0xf, 0xf8, 0x40, 0x3f, 0xaa, 0xef,
    0xf5, 0x0, 0x7e, 0x24, 0x4f, 0xc4, 0x1, 0xea,
    0xdd, 0xff, 0xe0, 0x48, 0x0, 0xaa, 0xe2, 0x3f,
    0xf8, 0x8, 0x0, 0x15, 0x5f, 0xfe, 0x16, 0x81,
    0x80,

    /* U+754C "界" */
    0x0, 0xbb, 0xff, 0xff, 0x81, 0xc0, 0x1f, 0x26,
    0xee, 0x16, 0xdd, 0xc8, 0x1, 0xfc, 0x45, 0x80,
    0x4, 0x58, 0x40, 0x3f, 0x27, 0xfe, 0x16, 0xff,
    0xca, 0x1, 0xf9, 0x37, 0x70, 0xb6, 0xee, 0x50,
    0xf, 0xe3, 0x3c, 0x0, 0x33, 0xc0, 0x20, 0x1f,
    0x27, 0x76, 0x16, 0xee, 0xca, 0x1, 0xf7, 0x7f,
    0xee, 0x6d, 0xff, 0xf0, 0x7, 0xf8, 0xb1, 0xbc,
    0x40, 0x3f, 0xf8, 0x4f, 0xa7, 0x21, 0xee, 0x1,
    0xfe, 0x17, 0xe8, 0x7e, 0x6d, 0x78, 0xe9, 0x30,
    0xe, 0x7c, 0xe8, 0x78, 0x90, 0xa, 0x64, 0x2d,
    0x9d, 0x4e, 0x20, 0x41, 0x3d, 0x10, 0x70, 0xd,
    0xc1, 0x90, 0x4b, 0x82, 0xb, 0x8c, 0x26, 0xa,
    0x1, 0xbc, 0x9, 0xf3, 0xe8, 0x3, 0xc8, 0x6,
    0x1, 0xfe, 0x10, 0xe, 0x18, 0x50, 0xf, 0xfe,
    0x21, 0x60, 0x58, 0x7, 0x78, 0x7, 0xfa, 0xcf,
    0x4, 0x3, 0xe3, 0x0, 0xfd, 0x3e, 0x40, 0x1e,
    0x8f, 0x20, 0xe,

    /* U+7684 "的" */
    0x0, 0xff, 0xe4, 0xa6, 0xa8, 0x7, 0x7c, 0x0,
    0x7e, 0x32, 0x70, 0xc, 0x81, 0xe0, 0x1f, 0xb8,
    0x88, 0x1, 0xb0, 0x18, 0x3, 0xca, 0xa4, 0x65,
    0x58, 0x0, 0xc3, 0x75, 0x58, 0x42, 0xa8, 0x49,
    0x55, 0x2, 0x9, 0x33, 0x4e, 0xa6, 0x0, 0x8f,
    0xf9, 0xc0, 0x1e, 0x39, 0x9a, 0x0, 0xc0, 0x3f,
    0x1a, 0x40, 0x7, 0xff, 0xd, 0x9, 0x84, 0x2,
    0x30, 0x10, 0x7, 0x88, 0xe0, 0x7c, 0x7f, 0x0,
    0xfc, 0xfd, 0xd3, 0x0, 0x5, 0x5, 0xc0, 0x3e,
    0x6c, 0xc9, 0x40, 0x23, 0x34, 0x80, 0x4, 0x3,
    0x71, 0x9c, 0x40, 0x1a, 0x45, 0x43, 0xc4, 0x3,
    0xff, 0x80, 0xa8, 0xe0, 0x3, 0x0, 0xff, 0xe0,
    0xd9, 0x0, 0x88, 0x2, 0xc6, 0x68, 0xc0, 0x3f,
    0x13, 0x80, 0x49, 0x11, 0x20, 0x7, 0xe5, 0x10,
    0xa, 0x3b, 0xa7, 0x0, 0xc3, 0x76, 0xe1, 0xe0,
    0x4, 0xa0, 0x5, 0x56, 0x1, 0x8, 0x3b, 0x6a,
    0x0,

    /* U+77ED "短" */
    0x0, 0x8, 0x7, 0xff, 0x1e, 0x38, 0xc0, 0x3f,
    0xf8, 0xa8, 0x6, 0x1, 0xf, 0xff, 0xf2, 0x80,
    0x4, 0x90, 0x8b, 0x5, 0xe6, 0xef, 0xb1, 0x0,
    0xe, 0xb, 0xbb, 0x95, 0xc, 0x8b, 0xc6, 0x20,
    0xa, 0x2f, 0x90, 0xef, 0x43, 0xff, 0xfa, 0xc0,
    0x2, 0xf0, 0x1, 0xfa, 0x2a, 0xb1, 0x80, 0x43,
    0x6a, 0x2, 0x2, 0x1, 0x91, 0x57, 0x38, 0x6,
    0x10, 0xf, 0x84, 0x3, 0xfe, 0xff, 0xa0, 0x3f,
    0xd0, 0x20, 0x1f, 0xf5, 0xd5, 0x98, 0xdd, 0x58,
    0x3, 0x3f, 0xf2, 0x0, 0x65, 0x52, 0x9, 0x22,
    0x99, 0x5d, 0xf4, 0xd4, 0x0, 0x70, 0x90, 0x88,
    0x0, 0x3a, 0x48, 0x90, 0xc0, 0x7, 0x9c, 0xf,
    0xcc, 0x0, 0xf4, 0x1, 0x61, 0x10, 0x3, 0xa8,
    0xb0, 0x31, 0x1, 0xcc, 0x40, 0x8, 0xa2, 0x1,
    0x90, 0xe8, 0xb4, 0x24, 0x28, 0x18, 0x18, 0x24,
    0x3, 0xa4, 0x5c, 0xe, 0xb0, 0xd, 0x94, 0x28,
    0xcc, 0x1, 0xa8, 0xac, 0x2, 0x55, 0xd8, 0xec,
    0x6a, 0xb3, 0x0, 0x4a, 0xa0, 0xd, 0x15, 0x77,
    0x40, 0xbd, 0xd4, 0x88, 0x55, 0x0, 0x3b, 0x3f,
    0xbb, 0xef, 0xf0, 0x80,

    /* U+793A "示" */
    0x0, 0xff, 0xe4, 0xf, 0xff, 0xff, 0x2, 0x0,
    0x30, 0xcc, 0xff, 0xf0, 0x2c, 0x3, 0x99, 0xbf,
    0xf8, 0x6, 0x1, 0xff, 0xda, 0x36, 0x6f, 0xfe,
    0x22, 0x22, 0x67, 0xff, 0x89, 0xcf, 0xff, 0xf4,
    0x87, 0x7f, 0xfa, 0x80, 0x30, 0x80, 0x7f, 0xf1,
    0x73, 0x0, 0x1e, 0x9c, 0x0, 0xf9, 0xca, 0xc0,
    0x3d, 0xa7, 0x20, 0x1c, 0x32, 0x4e, 0x1, 0xe4,
    0x76, 0x60, 0x6, 0xb1, 0xe0, 0xf, 0xd0, 0x92,
    0x60, 0x6, 0x57, 0x30, 0xf, 0xea, 0x1d, 0x12,
    0x92, 0x80, 0xf, 0xf0, 0xd0, 0x11, 0x37, 0xc0,
    0x27, 0x8b, 0x0, 0xf2, 0x71, 0x81, 0x10, 0x3,
    0x39, 0xc8, 0x80, 0x7f, 0xf0, 0x5b, 0x79, 0x80,
    0x3f, 0x0,

    /* U+79D2 "秒" */
    0x0, 0xff, 0xe0, 0xa, 0x8, 0x7, 0xfc, 0x4a,
    0x1, 0x8a, 0xd4, 0x3, 0xe1, 0x47, 0xcd, 0xa3,
    0x0, 0xe7, 0x0, 0xf3, 0x75, 0xc9, 0xd6, 0x98,
    0x7, 0xff, 0x1, 0xaf, 0xa0, 0x14, 0x80, 0xa,
    0x20, 0x10, 0xc0, 0x7, 0x20, 0x80, 0x70, 0xd5,
    0x80, 0x52, 0xee, 0x0, 0x8c, 0xc4, 0x20, 0x66,
    0x15, 0xc, 0x0, 0xa0, 0xe0, 0xc0, 0x19, 0x8d,
    0x80, 0xcc, 0x31, 0x2, 0x0, 0x6d, 0xe, 0x0,
    0x66, 0xe8, 0x83, 0x71, 0xb0, 0x8, 0x3, 0xc,
    0xb8, 0x81, 0x90, 0x10, 0x11, 0x5, 0xc, 0x3,
    0xcd, 0x42, 0x1, 0x28, 0x1, 0x79, 0x4d, 0x0,
    0x3a, 0xf0, 0xc0, 0x34, 0x80, 0x10, 0x67, 0x60,
    0x3, 0xa, 0x9, 0x80, 0x52, 0x2a, 0x3, 0x24,
    0x20, 0x11, 0x85, 0x87, 0x0, 0x4a, 0xcb, 0xa0,
    0x7, 0xe1, 0x0, 0x1e, 0x3a, 0xb1, 0x80, 0x6,
    0x82, 0x0, 0x3f, 0x8e, 0xce, 0x40, 0x21, 0x9a,
    0x20, 0xf, 0xcd, 0x85, 0xa0, 0x1c, 0xca, 0x1,
    0xe2, 0x6d, 0x95, 0xd1, 0x0, 0xfd, 0xe0, 0x5,
    0xfd, 0x91, 0xba, 0x0, 0xff, 0x8, 0xa, 0x9b,
    0xe6, 0x10, 0x3, 0xe0,

    /* U+7B54 "答" */
    0x0, 0xc4, 0x1, 0xf1, 0x0, 0x7f, 0x8f, 0x60,
    0x3, 0xdf, 0xa0, 0x1f, 0xd2, 0x1c, 0x67, 0x20,
    0xa1, 0x21, 0x9e, 0x40, 0x8, 0xd4, 0x27, 0x32,
    0xb2, 0x80, 0x6c, 0xcd, 0x60, 0x17, 0xf, 0x48,
    0x77, 0xf9, 0xe, 0x7f, 0xc0, 0xff, 0xe0, 0x5,
    0x15, 0x8b, 0x84, 0x95, 0x72, 0xb0, 0x1, 0x5c,
    0x40, 0x29, 0x85, 0x1, 0x6e, 0xe2, 0x9d, 0x0,
    0x5e, 0xa6, 0x1, 0x1b, 0x80, 0x53, 0xe6, 0xeb,
    0x62, 0x0, 0x5a, 0x20, 0xf, 0xd2, 0xd5, 0x18,
    0xbc, 0xe0, 0x1f, 0xe4, 0xd6, 0x74, 0x12, 0xd2,
    0x8f, 0x94, 0x0, 0xe5, 0xcb, 0x4, 0x7e, 0xeb,
    0xa, 0x55, 0xaf, 0xf0, 0x7, 0xa8, 0x67, 0x6b,
    0x77, 0xb1, 0xab, 0xa0, 0xec, 0x6, 0xa9, 0xae,
    0x64, 0x23, 0xc0, 0x66, 0x7, 0xc7, 0x0, 0x22,
    0x84, 0xe6, 0x7f, 0x9c, 0x3, 0xfd, 0xdf, 0xfe,
    0xd0, 0xf, 0xf7, 0x80, 0x7e, 0x30, 0xf, 0xf7,
    0x87, 0xf7, 0x7b, 0xc0, 0x3f, 0xf8, 0x13, 0x11,
    0xe9, 0x0, 0xff, 0xe0, 0x33, 0x7e, 0x0, 0xf0,

    /* U+7EBF "线" */
    0x0, 0xff, 0xe6, 0x6c, 0x0, 0x66, 0xe7, 0x1,
    0x0, 0xfc, 0xa5, 0xe0, 0x18, 0xc4, 0x6f, 0x80,
    0xf, 0xa1, 0x1c, 0x3, 0x30, 0x18, 0xcb, 0x98,
    0x7, 0x29, 0x48, 0x39, 0x80, 0x79, 0xf0, 0x8c,
    0x2, 0x1b, 0x72, 0x38, 0xf0, 0xd, 0xaf, 0x5d,
    0xd0, 0x0, 0x70, 0xe8, 0xa0, 0x7e, 0x2f, 0x41,
    0xec, 0xee, 0xde, 0x0, 0x32, 0x26, 0xe9, 0x2c,
    0x98, 0x64, 0x27, 0x25, 0x90, 0x80, 0x5, 0x37,
    0xc8, 0x85, 0x1e, 0xa7, 0x1, 0x2, 0x59, 0xdb,
    0x0, 0x32, 0x2a, 0x48, 0x0, 0x91, 0xc2, 0x7f,
    0x69, 0x53, 0x80, 0x21, 0xa8, 0x20, 0x6, 0xdd,
    0x10, 0x56, 0xff, 0xa5, 0x40, 0x7, 0x80, 0x4c,
    0xe7, 0x9f, 0xb6, 0x2a, 0x53, 0x8e, 0x1, 0x59,
    0xd, 0x45, 0x1, 0x80, 0x14, 0x12, 0x19, 0x18,
    0x2, 0xaa, 0x6f, 0xf6, 0x98, 0x4, 0x63, 0x4e,
    0xb6, 0x20, 0x11, 0x29, 0x1, 0x34, 0x80, 0x42,
    0x42, 0x94, 0x1, 0xd1, 0x59, 0xfb, 0x4, 0x0,
    0x3c, 0x32, 0x51, 0x5, 0x81, 0x2, 0x56, 0x9d,
    0xeb, 0x2a, 0xc0, 0xdf, 0x1c, 0x3e, 0x73, 0xb,
    0xfa, 0x62, 0x5, 0xd5, 0x7d, 0x22, 0x61, 0xe2,
    0x31, 0x0, 0x80, 0x72, 0xc6, 0xc0, 0x4, 0x78,
    0xad, 0x20, 0x1f, 0xce, 0x40, 0x1c, 0x55, 0x20,
    0x0,

    /* U+7ED8 "绘" */
    0x0, 0xff, 0xe6, 0x30, 0x7, 0x87, 0xe4, 0x3,
    0xf9, 0x26, 0x80, 0x39, 0xc1, 0x40, 0x3f, 0xb8,
    0x2c, 0x3, 0xac, 0x8d, 0x40, 0x3e, 0x15, 0x61,
    0x0, 0xca, 0x53, 0x16, 0x20, 0x1e, 0x80, 0x80,
    0xa5, 0x0, 0x5a, 0x21, 0xcb, 0x4, 0x3, 0x23,
    0x40, 0x92, 0xe8, 0x50, 0xc8, 0x3, 0x8f, 0xd4,
    0x0, 0x56, 0x2, 0xd2, 0x50, 0xea, 0xc8, 0xcc,
    0x44, 0x5, 0x60, 0x90, 0xd, 0x5a, 0x4c, 0x44,
    0x13, 0x39, 0x7d, 0x14, 0x43, 0xfb, 0x1, 0x52,
    0x61, 0xe7, 0xff, 0x86, 0xe4, 0x3, 0x49, 0xd8,
    0xb, 0x8, 0xfe, 0x20, 0xc, 0xed, 0x60, 0x63,
    0x3d, 0xdf, 0xb4, 0x40, 0xb, 0x1, 0x7d, 0x8b,
    0x57, 0x8c, 0x13, 0x99, 0x58, 0x80, 0x15, 0x51,
    0x79, 0xa8, 0x48, 0x4e, 0xac, 0x2a, 0x68, 0x1,
    0xa9, 0xd4, 0xc8, 0x40, 0x10, 0x36, 0x15, 0x24,
    0x1, 0x8d, 0x5e, 0x6f, 0xd8, 0x15, 0xa8, 0x42,
    0x42, 0x0, 0x36, 0xd4, 0x21, 0x4b, 0x32, 0x88,
    0x19, 0xe4, 0x94, 0xc0, 0x2b, 0xae, 0xd9, 0x61,
    0x30, 0x28, 0xde, 0xa, 0x8, 0x0, 0x95, 0x42,
    0x1, 0x96, 0xff, 0x6e, 0x61, 0xdd, 0xc0, 0x0,

    /* U+7F6E "置" */
    0x0, 0x22, 0x7f, 0xf0, 0x84, 0x0, 0x57, 0x31,
    0xa, 0x98, 0x84, 0xdc, 0x45, 0x6e, 0x0, 0x30,
    0xbc, 0xc2, 0x56, 0x62, 0x8b, 0x31, 0xc0, 0x60,
    0x3, 0x9, 0xff, 0x2c, 0x7f, 0xa0, 0xbf, 0xda,
    0x6, 0x0, 0x2e, 0xef, 0x4c, 0xbb, 0xbc, 0xc0,
    0x5, 0x45, 0x5e, 0xa9, 0x45, 0x5c, 0x88, 0x0,
    0x5d, 0xaa, 0xb8, 0xc2, 0xea, 0xb5, 0xf8, 0x3,
    0xb9, 0xf9, 0x98, 0x1b, 0x33, 0x7f, 0x58, 0x6,
    0x9d, 0xdc, 0xd, 0xbb, 0xa0, 0x3, 0xde, 0x7f,
    0xff, 0x90, 0x3, 0xf1, 0xff, 0xfe, 0x41, 0x0,
    0xf8, 0xff, 0xff, 0x20, 0x7, 0xe3, 0xff, 0xfc,
    0x80, 0x1f, 0x8b, 0x33, 0xf1, 0x80, 0x7e, 0x2c,
    0xcf, 0xc6, 0x1, 0xf8, 0xff, 0xff, 0x20, 0x6,
    0xcf, 0xf4, 0x1f, 0xff, 0xe4, 0x7f, 0xf6, 0xeb,
    0xbb, 0xff, 0x89, 0x80,

    /* U+80CC "背" */
    0x0, 0xff, 0xe7, 0xfb, 0x80, 0x23, 0xc0, 0x3f,
    0x84, 0x78, 0x3, 0x84, 0x0, 0xb4, 0xc0, 0x11,
    0x77, 0x70, 0x6, 0xf1, 0xcf, 0xa6, 0x10, 0x8,
    0xb7, 0x5d, 0xd0, 0x7, 0xab, 0x7f, 0x1c, 0x3,
    0x11, 0x4, 0xd4, 0x3, 0x85, 0x88, 0x0, 0x82,
    0x0, 0xac, 0xef, 0xda, 0x0, 0xe1, 0x30, 0x0,
    0xcf, 0x80, 0x9, 0x63, 0x3f, 0x80, 0x32, 0x8e,
    0x7f, 0xb8, 0xac, 0x1, 0x12, 0xc6, 0x0, 0xf7,
    0x0, 0x17, 0x7f, 0xf2, 0x80, 0x77, 0x7f, 0xff,
    0xca, 0x1, 0xf9, 0x33, 0x3f, 0x50, 0x7, 0xf8,
    0x47, 0xfc, 0x1, 0xfc, 0x6b, 0xbb, 0xfa, 0xc0,
    0x3f, 0xcb, 0xff, 0xfb, 0x40, 0x3f, 0xcc, 0xab,
    0xfc, 0x1, 0xfe, 0x28, 0x8f, 0xd4, 0x1, 0xfc,
    0x69, 0xbb, 0xfb, 0xc0, 0x3f, 0xf8, 0xa7, 0x3c,
    0xc, 0x1, 0xff, 0xc3, 0x27, 0x75, 0x18, 0x4,

    /* U+81EA "自" */
    0x0, 0xe3, 0x0, 0xff, 0xe0, 0xe6, 0x80, 0x7f,
    0xc4, 0xa, 0x1, 0xf1, 0x19, 0xc8, 0x1c, 0x67,
    0xf5, 0xe6, 0x52, 0x13, 0x99, 0xf0, 0xe, 0xef,
    0xf9, 0x80, 0x22, 0x2f, 0xf0, 0x8, 0xa, 0x27,
    0xf8, 0x80, 0x2b, 0xbf, 0xf2, 0x0, 0x7, 0xff,
    0xfc, 0xc0, 0x1f, 0xfc, 0x41, 0x55, 0xff, 0x10,
    0x5, 0x77, 0xfe, 0x40, 0x0, 0xf7, 0x7f, 0x98,
    0x3, 0xff, 0x88, 0x28, 0x9f, 0xe2, 0x0, 0xae,
    0xff, 0xc8, 0x0, 0x1f, 0xff, 0xf3, 0x9, 0x80,
    0x7f, 0xf0, 0x40,

    /* U+8272 "色" */
    0x0, 0xf1, 0x0, 0x7f, 0xf1, 0x13, 0x68, 0x3,
    0xff, 0x87, 0x23, 0x60, 0x1f, 0xfc, 0x28, 0x21,
    0xef, 0xfe, 0x80, 0xf, 0x99, 0xda, 0xef, 0x48,
    0x1c, 0x0, 0x79, 0xe5, 0xa5, 0x13, 0x60, 0x70,
    0x7, 0x15, 0xc1, 0xd9, 0x16, 0x65, 0x60, 0x22,
    0x8, 0x2, 0x91, 0x4f, 0x77, 0xa4, 0x1b, 0x76,
    0x80, 0x4, 0x6d, 0x83, 0xf7, 0x4c, 0x1d, 0xd8,
    0x4, 0x2, 0x20, 0x7, 0x88, 0xe0, 0x11, 0xc0,
    0x1f, 0xfc, 0xe8, 0xff, 0x9c, 0x3f, 0xf0, 0x7,
    0xe6, 0xcc, 0xfe, 0x1, 0x0, 0xf7, 0x19, 0xff,
    0x55, 0x0, 0x3f, 0xf8, 0x8a, 0x60, 0x1f, 0xfc,
    0x62, 0x0, 0xee, 0x0, 0xff, 0x16, 0xb0, 0x0,
    0x44, 0xd0, 0xcd, 0xfd, 0xe0, 0x80, 0x15, 0x13,
    0x44, 0x7f, 0x36, 0x10,

    /* U+8B66 "警" */
    0x0, 0xc8, 0x40, 0x2a, 0x1, 0x94, 0x3, 0xfd,
    0x4a, 0xb, 0x40, 0x13, 0x52, 0x80, 0x7a, 0x3f,
    0xc3, 0x1f, 0x61, 0xfe, 0x49, 0x1c, 0x99, 0xa8,
    0x82, 0x3f, 0x86, 0x3f, 0xb, 0xf2, 0x8a, 0x3c,
    0x58, 0x74, 0xc0, 0x2a, 0x19, 0xcf, 0x1c, 0xb9,
    0x34, 0x6f, 0x8, 0x71, 0x1, 0xc6, 0xcd, 0xff,
    0x98, 0x9d, 0xb8, 0x29, 0x0, 0x21, 0xf3, 0x2d,
    0xda, 0xc, 0x80, 0x10, 0x3a, 0x50, 0x1, 0xc,
    0x31, 0x6e, 0x9c, 0x19, 0x86, 0x2, 0x84, 0x16,
    0x86, 0x0, 0x61, 0x2c, 0xc3, 0x3f, 0x3d, 0x5f,
    0x3c, 0x41, 0x6f, 0xc0, 0x28, 0xee, 0xd9, 0xb,
    0x3f, 0x5c, 0xee, 0xdd, 0x78, 0x17, 0xfb, 0xbb,
    0x7f, 0x8d, 0x6e, 0xbf, 0xf6, 0xe1, 0x13, 0x75,
    0xd7, 0x7f, 0xfc, 0xe, 0xdd, 0x10, 0x11, 0x6,
    0x2a, 0xbf, 0xe1, 0x22, 0x0, 0x75, 0x44, 0x7f,
    0xc0, 0x1f, 0x84, 0x7f, 0xf8, 0x0, 0x1f, 0x14,
    0x47, 0xff, 0x0, 0xc0, 0x3c, 0x61, 0x7d, 0xdf,
    0xb0, 0x4, 0x3, 0xf3, 0x88, 0xff, 0x0, 0x7e,
    0x30, 0xcf, 0xff, 0xda, 0x2, 0x1, 0x0,

    /* U+8BBE "设" */
    0x0, 0xff, 0xe5, 0x2e, 0x8, 0x4, 0x28, 0x9e,
    0x0, 0xf8, 0x4f, 0x40, 0x25, 0xbb, 0xf0, 0x80,
    0x79, 0x28, 0xec, 0x3, 0x67, 0xfa, 0x0, 0x3f,
    0x96, 0x4, 0x0, 0x40, 0x40, 0x1f, 0xfc, 0x17,
    0xa0, 0x6, 0x8, 0x80, 0x3f, 0xc6, 0x45, 0x0,
    0xd, 0x5c, 0x3, 0x9c, 0x8c, 0x80, 0xb3, 0x76,
    0x24, 0xd2, 0x90, 0x8, 0x82, 0x77, 0x14, 0xb,
    0x36, 0x0, 0xd1, 0xb0, 0x3, 0x2e, 0xe6, 0x4c,
    0x0, 0x32, 0x10, 0x9, 0xbb, 0xff, 0xb7, 0x28,
    0xc4, 0x3, 0xf5, 0x28, 0x55, 0xdc, 0xa1, 0x40,
    0x1f, 0xe4, 0x90, 0x14, 0x4c, 0x66, 0x0, 0xff,
    0x8c, 0xd0, 0x0, 0x61, 0x80, 0xf, 0xf5, 0x88,
    0x79, 0xb9, 0x4a, 0x20, 0x3, 0xfb, 0x51, 0x0,
    0x6d, 0x18, 0x34, 0x1, 0xf8, 0x40, 0xe1, 0x40,
    0x14, 0x2, 0xe2, 0x1, 0xfa, 0x82, 0x1c, 0x6,
    0x70, 0xd9, 0x9a, 0xe4, 0x1, 0xe8, 0x56, 0x65,
    0xf3, 0xd6, 0x4e, 0xbc, 0x6f, 0xd0, 0x6, 0x5a,
    0x1f, 0xa, 0xe5, 0x0, 0x15, 0x74, 0xac, 0x80,

    /* U+8BDD "话" */
    0x0, 0xff, 0xe5, 0xdb, 0x0, 0x7f, 0x12, 0xc8,
    0x7, 0x9e, 0x4c, 0x9, 0x5e, 0x2b, 0x3f, 0x69,
    0x98, 0x1, 0xda, 0x3a, 0x22, 0xa8, 0x51, 0x34,
    0xbe, 0xf6, 0x0, 0xe1, 0xa9, 0x13, 0xef, 0xdb,
    0x3, 0x41, 0x0, 0xfc, 0x8e, 0x0, 0x10, 0xf,
    0xfe, 0x29, 0x2a, 0xf0, 0x12, 0xaf, 0x0, 0xff,
    0xe0, 0x5a, 0xae, 0x5, 0xaa, 0xe1, 0x14, 0x4a,
    0x0, 0x1f, 0xff, 0x81, 0xff, 0xf8, 0x41, 0xd8,
    0x84, 0x3, 0xff, 0xbf, 0xbd, 0xd0, 0x3f, 0x74,
    0xa0, 0x1f, 0x84, 0x0, 0xb5, 0x4b, 0xb5, 0x58,
    0x80, 0x7f, 0x5c, 0x0, 0xa2, 0x73, 0x80, 0x7f,
    0x3a, 0xe8, 0x7, 0xff, 0x10, 0x62, 0xa, 0x1,
    0xff, 0xc3, 0x70, 0x57, 0x0, 0x2f, 0xff, 0x68,
    0x7, 0xd0, 0x54, 0x1, 0x26, 0x67, 0x50, 0x7,
    0xcd, 0x80, 0x11, 0x89, 0x9f, 0x38, 0x18, 0x0,

    /* U+8D56 "赖" */
    0x0, 0xff, 0xe6, 0x1f, 0x20, 0x7, 0x5e, 0x10,
    0x7, 0xf8, 0x40, 0x38, 0xd1, 0x88, 0x3, 0xc8,
    0xab, 0x1, 0xaa, 0x8c, 0x20, 0x1f, 0x32, 0x40,
    0xa, 0x2e, 0x20, 0x13, 0x17, 0x4c, 0x8d, 0x76,
    0x37, 0x40, 0xb, 0x3b, 0x70, 0x2b, 0x7b, 0x65,
    0x65, 0xb8, 0x68, 0x3, 0x9, 0x99, 0xc0, 0x8c,
    0xc2, 0x7c, 0x6a, 0xcc, 0x23, 0x10, 0x2, 0x66,
    0x28, 0x27, 0x30, 0x9, 0x79, 0x40, 0xf9, 0x84,
    0x0, 0x8, 0x7e, 0x85, 0xf8, 0x8, 0xf, 0xfe,
    0xd0, 0x10, 0xf, 0xfb, 0xc0, 0x11, 0x60, 0x1e,
    0x10, 0xfd, 0xb, 0xf0, 0x10, 0x8, 0x54, 0x3,
    0xc9, 0x98, 0x20, 0x9c, 0xc2, 0x0, 0x62, 0x0,
    0xf0, 0x9b, 0x90, 0x18, 0x18, 0xf8, 0x0, 0xdc,
    0x3, 0xf5, 0x10, 0x46, 0x20, 0x6, 0x62, 0x0,
    0xfa, 0xc2, 0x42, 0x52, 0xd2, 0xe0, 0x4f, 0xc0,
    0xc8, 0x2, 0xa4, 0xb6, 0x0, 0x5a, 0xb9, 0xb5,
    0x81, 0x6b, 0xea, 0x0, 0x4c, 0xa0, 0x1a, 0x8c,
    0x25, 0x65, 0x5a, 0x64, 0x1, 0x54, 0x80, 0x80,
    0x64, 0xd6, 0x86, 0x1b, 0x66, 0x58, 0x7, 0xf1,
    0xd0, 0x5b, 0x80, 0x52, 0xc2, 0x20, 0xc, 0x7e,
    0x80, 0x79, 0xa8, 0x1, 0xd3, 0x42,

    /* U+8D85 "超" */
    0x0, 0xe2, 0x10, 0xf, 0xfe, 0x36, 0xc8, 0x4,
    0x42, 0x3f, 0x0, 0x7f, 0xf0, 0x33, 0xbb, 0xe3,
    0x0, 0xa1, 0xdc, 0x6, 0xf0, 0x3b, 0x88, 0x3b,
    0xa8, 0x1, 0x0, 0x9a, 0x64, 0x9, 0x2c, 0x67,
    0x32, 0x11, 0x4, 0xc, 0x2, 0xee, 0x86, 0x3b,
    0x84, 0x8, 0x58, 0x0, 0x10, 0x10, 0xf, 0xf8,
    0x68, 0x58, 0x1, 0xa0, 0x1a, 0x3f, 0xb8, 0x31,
    0xdf, 0x98, 0x1a, 0x8, 0xe5, 0x50, 0x5, 0x73,
    0x76, 0x41, 0xb9, 0x93, 0x52, 0x6, 0x24, 0xd0,
    0x4, 0x6c, 0xaa, 0x30, 0x56, 0x5b, 0xeb, 0xb7,
    0x8e, 0xd8, 0x80, 0x55, 0xa2, 0x1, 0xe4, 0x71,
    0x19, 0xd0, 0x3, 0x9, 0x88, 0xf, 0xf9, 0x80,
    0x15, 0x5a, 0x40, 0x39, 0xc8, 0x0, 0x33, 0x24,
    0x0, 0xfc, 0x20, 0x11, 0x8, 0x4, 0xcc, 0x20,
    0xf, 0xf8, 0x44, 0x56, 0x20, 0x1e, 0x9f, 0xfa,
    0x80, 0x40, 0xa, 0x14, 0x8c, 0x1, 0xd3, 0x3f,
    0x8, 0x3, 0x85, 0x70, 0x45, 0x46, 0x0, 0x66,
    0xf8, 0x0, 0x4a, 0xe0, 0x7e, 0xaa, 0xcf, 0xcb,
    0xaa, 0xaf, 0x3b, 0x80, 0x53, 0x40, 0x1, 0xae,
    0x95, 0x15, 0x5c, 0x86, 0x2e, 0x0,

    /* U+8DEF "路" */
    0x0, 0xff, 0x84, 0x3, 0xff, 0x8f, 0x96, 0x1,
    0xfd, 0x7b, 0xbc, 0x20, 0x44, 0x33, 0xe2, 0x0,
    0xce, 0xd1, 0xa, 0x20, 0x4, 0x3, 0xe6, 0x6a,
    0x0, 0xe2, 0x55, 0x20, 0x0, 0x96, 0x3f, 0xe7,
    0x9, 0x0, 0xff, 0xb8, 0x24, 0x40, 0x5d, 0xc2,
    0x1, 0xc6, 0x88, 0x50, 0x73, 0xd2, 0xd0, 0x81,
    0x80, 0xf, 0x25, 0xda, 0x5, 0x34, 0xb4, 0x75,
    0xa8, 0x3, 0xd9, 0xd6, 0x1f, 0xc4, 0x40, 0x1a,
    0x21, 0x70, 0xf, 0xfe, 0x11, 0xdc, 0x41, 0x32,
    0x8c, 0x3, 0x7b, 0x80, 0x11, 0x5b, 0x70, 0x35,
    0xea, 0xdf, 0x34, 0x2, 0x11, 0x0, 0x2a, 0x84,
    0x2d, 0xa8, 0xcc, 0x2b, 0x9b, 0x0, 0xfb, 0xbd,
    0x39, 0xa2, 0xee, 0x89, 0x76, 0x0, 0xff, 0xe0,
    0x6e, 0xeb, 0x0, 0xff, 0x85, 0x8c, 0x3, 0xff,
    0x82, 0x26, 0x1b, 0xd4, 0x1, 0xff, 0xc, 0x8c,
    0x40, 0xaf, 0x70, 0x1, 0x9f, 0xf5, 0x0, 0x61,
    0x71, 0x7d, 0xd3, 0x90, 0x18, 0x56, 0xed, 0x20,
    0x1d, 0x9d, 0x4, 0x1, 0xe6, 0x22, 0x8c, 0xc,
    0x2, 0x20, 0xf, 0x8b, 0x8c, 0x2, 0x5f, 0x20,
    0x0,

    /* U+8F85 "辅" */
    0x0, 0xff, 0xe0, 0x12, 0x80, 0x4, 0x3, 0xd9,
    0x40, 0x1e, 0x4a, 0x1a, 0xc0, 0xf, 0x1e, 0x0,
    0x7f, 0x49, 0x20, 0x6, 0x40, 0x70, 0x0, 0xa1,
    0x9b, 0x81, 0x42, 0xdc, 0xc3, 0xb9, 0x61, 0xfd,
    0xc7, 0xbc, 0xc3, 0x85, 0xe5, 0xe6, 0x85, 0xd0,
    0x35, 0x52, 0xdb, 0xfe, 0xa0, 0xff, 0xdc, 0xa,
    0xe1, 0x6a, 0x8a, 0x2, 0x31, 0x80, 0x8e, 0x0,
    0xa8, 0xdf, 0x88, 0x13, 0xba, 0x90, 0xee, 0xc2,
    0x2, 0xd2, 0x20, 0x60, 0xe1, 0x7b, 0x1, 0x9b,
    0x0, 0x21, 0x81, 0x9c, 0x11, 0x2e, 0xc, 0x44,
    0x3, 0x21, 0x0, 0x91, 0x6, 0x20, 0x60, 0x16,
    0x6d, 0x86, 0xea, 0x0, 0x29, 0xba, 0xf0, 0xb9,
    0x70, 0x9b, 0x70, 0xbb, 0x38, 0x7, 0xff, 0x1,
    0x5b, 0x1, 0x99, 0xe0, 0x1f, 0xa6, 0xd0, 0x1c,
    0xc8, 0xc, 0xdc, 0x0, 0x1a, 0xce, 0xb0, 0x42,
    0x10, 0xac, 0x80, 0xcc, 0x38, 0x0, 0x59, 0xe6,
    0x41, 0xb2, 0xa1, 0xbf, 0x21, 0xdf, 0x20, 0x16,
    0x5b, 0x90, 0x7, 0xc6, 0x2, 0x1, 0xff, 0xc4,
    0x30, 0x15, 0xb1, 0x0, 0xe1, 0x3, 0x7, 0x0,
    0xf0, 0xb6, 0x80, 0x72, 0xe9, 0x2, 0x79, 0x3,
    0x78, 0xa5, 0x98, 0x0,

    /* U+8F93 "输" */
    0x0, 0x8c, 0x40, 0x3c, 0xae, 0x20, 0x1f, 0xdf,
    0xc0, 0x1e, 0x88, 0x30, 0x7, 0xf1, 0x28, 0x7,
    0x39, 0x3c, 0x20, 0x7, 0x9d, 0xc2, 0xc, 0xe2,
    0x5, 0x11, 0x35, 0xa8, 0x7, 0x54, 0x83, 0xdc,
    0x98, 0xfa, 0x38, 0x4a, 0x54, 0x0, 0x6d, 0x90,
    0xdd, 0x71, 0x69, 0xaf, 0xfc, 0x86, 0xfc, 0xe0,
    0x16, 0x20, 0x0, 0x70, 0xf6, 0xab, 0xb6, 0x6,
    0x44, 0x0, 0x9b, 0x8a, 0xc7, 0x2, 0xce, 0x8a,
    0xa1, 0x7c, 0xd1, 0x4, 0x7, 0x33, 0x3d, 0xc6,
    0xee, 0x3, 0x17, 0xc3, 0x0, 0x41, 0x98, 0x31,
    0x54, 0x13, 0xaa, 0xe1, 0x8c, 0x20, 0x11, 0x19,
    0xb4, 0x13, 0x44, 0x8, 0x86, 0x1, 0xf8, 0xa2,
    0xf8, 0x22, 0x0, 0xb, 0xf6, 0x0, 0xfe, 0x74,
    0x10, 0xe, 0x9d, 0x50, 0xf, 0xfe, 0xf, 0xc0,
    0x7, 0xff, 0x9, 0xeb, 0x41, 0x8c, 0x1, 0x3a,
    0xa0, 0x1f, 0xd4, 0xe8, 0x13, 0x60, 0xa, 0xe5,
    0x0, 0xfe, 0xcd, 0x90, 0xe, 0x11, 0x18, 0x0,
    0x84, 0x3, 0x84, 0x3, 0x84, 0x0, 0xc8, 0x0,
    0xd2, 0xc1, 0x0, 0xf8, 0x40, 0x31, 0x87, 0x80,
    0x39, 0xe0, 0x3, 0xde, 0xe0, 0x3e, 0x8b, 0xa8,
    0x0, 0xad, 0x60, 0x0,

    /* U+8FC7 "过" */
    0x0, 0x88, 0x3, 0xfd, 0xd2, 0x1, 0xe7, 0xd4,
    0x0, 0xfe, 0x13, 0x0, 0xf2, 0x85, 0x8, 0x7,
    0xff, 0x10, 0xa4, 0x6c, 0x19, 0xbe, 0x6, 0x69,
    0x0, 0x33, 0x27, 0x84, 0x4c, 0xf8, 0xe, 0x65,
    0xa0, 0x1d, 0x6a, 0x1d, 0xff, 0xe0, 0x5f, 0xf4,
    0x80, 0x4, 0x70, 0x4, 0x4c, 0x1, 0xff, 0x6f,
    0x75, 0x20, 0x9, 0x91, 0x0, 0x7f, 0xbe, 0xec,
    0x1, 0xbc, 0x2c, 0x3, 0xfc, 0x68, 0x80, 0x10,
    0x2, 0x13, 0x8, 0x7, 0xff, 0x16, 0xd8, 0x3,
    0xff, 0x8c, 0xd2, 0x20, 0x1f, 0xfc, 0xb3, 0x0,
    0xff, 0xe1, 0xad, 0x60, 0x8, 0x7, 0xd2, 0xa,
    0x40, 0x19, 0x94, 0xd2, 0x40, 0x3d, 0x6c, 0x44,
    0xd9, 0x20, 0x1, 0xf7, 0xd8, 0x80, 0x75, 0xa3,
    0x6f, 0x23, 0x6f, 0x5d, 0x44, 0xca, 0xaf, 0x78,
    0x1, 0x89, 0x20, 0x37, 0x8c, 0x4a, 0xa6, 0x69,
    0x50, 0x90, 0x0, 0xf6, 0x1, 0x8e, 0x73, 0xbf,
    0xfe, 0xa0,

    /* U+9009 "选" */
    0x0, 0xff, 0x9, 0x0, 0x7f, 0xf0, 0x9d, 0x1,
    0xf4, 0xc0, 0x3e, 0x4e, 0x50, 0x0, 0xc7, 0x0,
    0x42, 0x1, 0xf2, 0x4, 0x80, 0x10, 0x30, 0xc4,
    0x1c, 0xd1, 0x0, 0x1c, 0xc6, 0x41, 0xc1, 0x39,
    0x1, 0x59, 0x76, 0x10, 0xd, 0x28, 0x26, 0x91,
    0xfe, 0xa0, 0xdf, 0xf8, 0x40, 0x30, 0xd9, 0x8b,
    0x28, 0x7, 0xff, 0x10, 0x71, 0x91, 0x1a, 0x8,
    0x92, 0xa8, 0x1, 0xbf, 0xf1, 0xa5, 0x5d, 0xce,
    0x13, 0x76, 0xaa, 0x10, 0x4d, 0xb8, 0xb, 0xff,
    0xc0, 0xfe, 0x2d, 0xff, 0x10, 0x22, 0x34, 0x3,
    0x84, 0x38, 0x3, 0xff, 0x88, 0x80, 0xa0, 0x1f,
    0xfc, 0x4e, 0x13, 0x0, 0xe8, 0x20, 0xf, 0xcc,
    0x90, 0x1, 0x10, 0x1b, 0xa8, 0x7, 0xcd, 0x26,
    0xc0, 0x2, 0x4f, 0xc0, 0x50, 0xb, 0x42, 0x80,
    0x4b, 0x40, 0x2d, 0x87, 0x75, 0x90, 0x2, 0x1c,
    0x1f, 0xf, 0x44, 0x2, 0x17, 0x88, 0x20, 0x1,
    0x9c, 0xfa, 0x86, 0xfe, 0xe6, 0x1d, 0xe8, 0x9b,
    0xb0, 0x11, 0xe8, 0xae, 0xea, 0x45, 0x55, 0x32,
    0x87, 0x65, 0xd0, 0x4c, 0x10, 0x8, 0x9a, 0xb3,
    0x7b, 0x9f, 0xf7, 0x30, 0x0,

    /* U+91CD "重" */
    0x0, 0xff, 0x12, 0x35, 0x40, 0x6, 0x1a, 0xa5,
    0xdb, 0x3b, 0xfd, 0xb7, 0x28, 0x82, 0x0, 0x84,
    0xc0, 0xf2, 0xac, 0x13, 0x7b, 0xfb, 0x8, 0x0,
    0x44, 0x8b, 0x96, 0x74, 0x11, 0x18, 0x8, 0xe2,
    0x1f, 0xde, 0xef, 0xa, 0xf7, 0x7b, 0x6b, 0xf7,
    0x7e, 0x14, 0xdd, 0xfa, 0x48, 0xa7, 0x7e, 0x17,
    0x7f, 0x11, 0x40, 0x15, 0x57, 0x1, 0xd5, 0x70,
    0x80, 0x79, 0xff, 0xe1, 0x5f, 0xfa, 0x0, 0x40,
    0x3c, 0xff, 0xf0, 0xaf, 0xfd, 0x0, 0x1f, 0x9f,
    0xba, 0x15, 0xee, 0x98, 0x3, 0xf3, 0xf7, 0x42,
    0xbd, 0xd3, 0x0, 0x80, 0x75, 0xdf, 0x2, 0x5d,
    0xf0, 0x80, 0x64, 0x77, 0xe0, 0x3, 0xbe, 0x4,
    0x0, 0x86, 0xb7, 0x78, 0x13, 0x77, 0x55, 0x88,
    0x0, 0x7b, 0xbc, 0x2b, 0xdd, 0xde, 0x20, 0x68,
    0x9f, 0x8, 0x91, 0x3e, 0x39, 0xbb, 0x55, 0x70,
    0xad, 0x57, 0xae, 0x80,

    /* U+91CF "量" */
    0x0, 0x15, 0xdf, 0xff, 0x0, 0x80, 0x30, 0xa6,
    0xff, 0xfe, 0xd4, 0x10, 0xc, 0x21, 0x73, 0x3f,
    0xac, 0x4, 0x3, 0x8, 0x5f, 0x77, 0xeb, 0x1,
    0x0, 0xf5, 0xff, 0xfe, 0xb0, 0xf, 0x1e, 0xff,
    0x77, 0xef, 0xd3, 0x0, 0x7f, 0xbb, 0x33, 0xff,
    0x81, 0xdf, 0x79, 0x8d, 0xcc, 0xff, 0xe0, 0x6e,
    0x49, 0x99, 0xb7, 0x7f, 0xf8, 0xc, 0x64, 0x1,
    0xb3, 0xba, 0x44, 0x77, 0x58, 0x1, 0xfb, 0x3b,
    0xa4, 0x47, 0x75, 0x80, 0x1f, 0xb3, 0xba, 0x44,
    0x77, 0x58, 0x1, 0xe3, 0xc, 0xee, 0x91, 0x1d,
    0xd6, 0x1, 0x80, 0x66, 0xff, 0xe4, 0x47, 0xff,
    0x30, 0x6, 0xff, 0xf2, 0x23, 0xff, 0xb0, 0x3,
    0x66, 0xf7, 0x64, 0x47, 0x77, 0x68, 0x0, 0x48,
    0x86, 0x1, 0xff, 0xc0, 0x21, 0x9d, 0xff, 0xf2,
    0xab, 0xff, 0xdb, 0x20,

    /* U+95ED "闭" */
    0x0, 0x8c, 0x3, 0xff, 0x88, 0x99, 0x60, 0x1,
    0x76, 0x6f, 0xc6, 0x0, 0x46, 0x47, 0x2, 0x89,
    0x9f, 0xd6, 0x1, 0x49, 0x80, 0xf, 0xbf, 0xfd,
    0xc0, 0x1e, 0xc7, 0x0, 0x9, 0x74, 0x0, 0x77,
    0x87, 0x48, 0x7, 0x8c, 0x40, 0x3f, 0x8, 0x7,
    0xf7, 0x80, 0x7f, 0x27, 0xff, 0x70, 0x47, 0xf9,
    0xc0, 0x3c, 0xcf, 0x11, 0x28, 0x1, 0x22, 0x8,
    0x1, 0xe2, 0x87, 0x79, 0x84, 0x31, 0xdc, 0x60,
    0x1f, 0xe5, 0x39, 0x0, 0xff, 0xe1, 0x15, 0x1b,
    0x0, 0x7f, 0xf0, 0x4b, 0x3, 0x80, 0x3f, 0xf8,
    0x29, 0x83, 0x44, 0x1, 0xff, 0xc0, 0x9b, 0x1a,
    0x50, 0xf, 0xfe, 0xe, 0x96, 0x28, 0x0, 0x80,
    0x3f, 0xe4, 0xd3, 0x2, 0xcc, 0x1, 0x0, 0x46,
    0x1, 0xfc, 0x42, 0x70, 0xa0, 0xd9, 0x80, 0x21,
    0x0, 0xfb, 0x71, 0xc0, 0x8, 0x66, 0x65, 0x1f,
    0x90, 0xf, 0xf1, 0x7e, 0xc8, 0x0,

    /* U+969C "障" */
    0x0, 0xff, 0x94, 0x80, 0x3f, 0xf8, 0x85, 0x56,
    0x1, 0xe8, 0xdd, 0xe0, 0x33, 0x85, 0x78, 0xce,
    0x41, 0x1, 0x29, 0x90, 0x38, 0x7e, 0xec, 0x93,
    0xbb, 0x51, 0x0, 0x5, 0x14, 0xbc, 0x33, 0xd3,
    0x7b, 0x88, 0xbd, 0xc3, 0x0, 0xce, 0xa, 0x64,
    0x45, 0x92, 0x22, 0x9, 0x19, 0x80, 0x36, 0xa8,
    0x76, 0xe8, 0x53, 0x30, 0x9, 0x99, 0x10, 0x0,
    0x53, 0x3, 0x7f, 0xbb, 0xf7, 0xf8, 0x80, 0x2,
    0x76, 0x0, 0x9f, 0xff, 0xce, 0x1, 0xdc, 0x52,
    0x0, 0x1d, 0xdf, 0x0, 0x7c, 0x4e, 0xc2, 0x0,
    0x77, 0xf0, 0x7, 0xea, 0x4, 0x1, 0x88, 0xf0,
    0x7, 0xe1, 0x0, 0x87, 0xff, 0xc0, 0x1e, 0x1c,
    0xc1, 0xa0, 0xe, 0xef, 0x83, 0xc0, 0x30, 0xdd,
    0xb0, 0x67, 0xfe, 0x25, 0xff, 0xa0, 0x3, 0x9d,
    0xf, 0xff, 0x89, 0x7f, 0xf8, 0xc0, 0x38, 0xf3,
    0x1b, 0xb1, 0x26, 0xee, 0xc3, 0x0, 0xf1, 0x98,
    0x8a, 0x1, 0x22, 0xc6, 0x6, 0x1, 0xfe, 0x31,
    0x0, 0xf0,

    /* U+9762 "面" */
    0x32, 0x2f, 0xfe, 0x19, 0x8e, 0xef, 0xff, 0x13,
    0x1f, 0x73, 0x77, 0x8c, 0xb7, 0x7e, 0xc7, 0x33,
    0x11, 0x71, 0xd1, 0x17, 0xc6, 0x20, 0x24, 0x59,
    0xc0, 0xc8, 0xbe, 0x0, 0xa7, 0x77, 0x40, 0x5e,
    0xef, 0xc0, 0x1d, 0xdc, 0x90, 0xee, 0x9c, 0xbb,
    0x8e, 0x1, 0xbc, 0x4, 0x46, 0x2, 0x30, 0x0,
    0x44, 0x1, 0xff, 0x7f, 0xce, 0x1, 0xff, 0xc2,
    0xcc, 0x98, 0x3, 0xff, 0x84, 0x67, 0x8, 0x7,
    0xff, 0x8, 0xce, 0x10, 0xf, 0xfe, 0x16, 0x64,
    0xc0, 0x1f, 0xfc, 0x2f, 0xf9, 0xc0, 0x3f, 0xfa,
    0x1d, 0xca, 0xe, 0xe9, 0xcb, 0xb8, 0xe0, 0x1b,
    0xc2, 0xed, 0x54, 0xbb, 0xaa, 0x97, 0x65, 0x0,
    0xf2, 0xaf, 0xfc, 0x40, 0x10,

    /* U+9AD8 "高" */
    0x0, 0xfc, 0x22, 0x0, 0xff, 0xe1, 0xbf, 0x38,
    0x7, 0xe5, 0x52, 0x27, 0x8, 0x52, 0x27, 0x94,
    0xae, 0xae, 0xfa, 0x40, 0xee, 0xfd, 0x4b, 0xdf,
    0xff, 0xfc, 0x47, 0x0, 0xb3, 0xff, 0xfc, 0x40,
    0x1f, 0x1e, 0x67, 0xd0, 0x6, 0x1, 0xff, 0xcd,
    0x3c, 0xcf, 0xa0, 0xc, 0x3, 0xd9, 0xff, 0xfe,
    0x20, 0x9, 0x3f, 0xff, 0xf8, 0x80, 0x14, 0xe6,
    0x7f, 0xf0, 0x18, 0x3, 0x29, 0x98, 0x47, 0xf1,
    0x98, 0x40, 0x3c, 0x3b, 0xbf, 0x78, 0x7, 0xf0,
    0x85, 0xff, 0xe5, 0x10, 0xf, 0xe1, 0xb, 0xff,
    0xca, 0x20, 0x1f, 0xc3, 0xbb, 0xf7, 0x80, 0x7f,
    0x88, 0xbf, 0x1e, 0x38, 0x0, 0x40, 0x3f, 0xf8,
    0x6, 0x43, 0x0, 0xbe, 0x60, 0x1f, 0xf7, 0x71,
    0xc0,

    /* U+FF08 "（" */
    0x0, 0xd0, 0xa0, 0x14, 0xb8, 0x4, 0xed, 0x8a,
    0x7, 0x16, 0x60, 0xf, 0x64, 0x0, 0x19, 0xa0,
    0x2, 0xb3, 0x10, 0x8, 0xd4, 0x3, 0x84, 0x3,
    0x8, 0x80, 0x31, 0x28, 0x6, 0xc3, 0x10, 0x9,
    0xa, 0x0, 0x34, 0x32, 0x0, 0x4a, 0xab, 0x30,
    0xa, 0x93, 0x14, 0x2, 0xb7, 0x60,

    /* U+FF09 "）" */
    0x49, 0x0, 0xe7, 0xa0, 0x9, 0x31, 0x24, 0x2,
    0x2d, 0x64, 0x0, 0x8d, 0xe4, 0x3, 0x49, 0x28,
    0x4, 0x2b, 0x80, 0x18, 0x94, 0x3, 0x78, 0x7,
    0x78, 0x7, 0x1a, 0x80, 0x42, 0x98, 0x1, 0x48,
    0xa8, 0x0, 0xde, 0x0, 0x5, 0xa8, 0xc0, 0x98,
    0x56, 0x0, 0x67, 0xc0, 0x8
};


/*---------------------
 *  GLYPH DESCRIPTION
 *--------------------*/

static const lv_font_fmt_txt_glyph_dsc_t glyph_dsc[] = {
    {.bitmap_index = 0, .adv_w = 0, .box_w = 0, .box_h = 0, .ofs_x = 0, .ofs_y = 0} /* id = 0 reserved */,
    {.bitmap_index = 0, .adv_w = 160, .box_w = 0, .box_h = 0, .ofs_x = 0, .ofs_y = 0},
    {.bitmap_index = 0, .adv_w = 160, .box_w = 3, .box_h = 14, .ofs_x = 3, .ofs_y = 0},
    {.bitmap_index = 21, .adv_w = 160, .box_w = 6, .box_h = 4, .ofs_x = 2, .ofs_y = 9},
    {.bitmap_index = 34, .adv_w = 160, .box_w = 10, .box_h = 13, .ofs_x = 0, .ofs_y = 0},
    {.bitmap_index = 99, .adv_w = 160, .box_w = 8, .box_h = 17, .ofs_x = 1, .ofs_y = -2},
    {.bitmap_index = 162, .adv_w = 160, .box_w = 10, .box_h = 14, .ofs_x = 0, .ofs_y = 0},
    {.bitmap_index = 228, .adv_w = 160, .box_w = 10, .box_h = 13, .ofs_x = 0, .ofs_y = 0},
    {.bitmap_index = 289, .adv_w = 160, .box_w = 3, .box_h = 4, .ofs_x = 3, .ofs_y = 9},
    {.bitmap_index = 296, .adv_w = 160, .box_w = 6, .box_h = 18, .ofs_x = 4, .ofs_y = -2},
    {.bitmap_index = 343, .adv_w = 160, .box_w = 6, .box_h = 18, .ofs_x = 0, .ofs_y = -2},
    {.bitmap_index = 390, .adv_w = 160, .box_w = 10, .box_h = 10, .ofs_x = 0, .ofs_y = 3},
    {.bitmap_index = 437, .adv_w = 160, .box_w = 10, .box_h = 9, .ofs_x = 0, .ofs_y = 3},
    {.bitmap_index = 462, .adv_w = 160, .box_w = 3, .box_h = 4, .ofs_x = 1, .ofs_y = -2},
    {.bitmap_index = 468, .adv_w = 160, .box_w = 10, .box_h = 3, .ofs_x = 0, .ofs_y = 6},
    {.bitmap_index = 476, .adv_w = 160, .box_w = 3, .box_h = 2, .ofs_x = 1, .ofs_y = 0},
    {.bitmap_index = 480, .adv_w = 160, .box_w = 10, .box_h = 16, .ofs_x = 0, .ofs_y = -1},
    {.bitmap_index = 530, .adv_w = 160, .box_w = 10, .box_h = 14, .ofs_x = 0, .ofs_y = -1},
    {.bitmap_index = 594, .adv_w = 160, .box_w = 5, .box_h = 13, .ofs_x = 1, .ofs_y = 0},
    {.bitmap_index = 611, .adv_w = 160, .box_w = 9, .box_h = 14, .ofs_x = 0, .ofs_y = 0},
    {.bitmap_index = 665, .adv_w = 160, .box_w = 9, .box_h = 14, .ofs_x = 0, .ofs_y = 0},
    {.bitmap_index = 722, .adv_w = 160, .box_w = 10, .box_h = 13, .ofs_x = 0, .ofs_y = 0},
    {.bitmap_index = 767, .adv_w = 160, .box_w = 9, .box_h = 13, .ofs_x = 0, .ofs_y = 0},
    {.bitmap_index = 820, .adv_w = 160, .box_w = 10, .box_h = 13, .ofs_x = 0, .ofs_y = 0},
    {.bitmap_index = 877, .adv_w = 160, .box_w = 10, .box_h = 13, .ofs_x = 0, .ofs_y = 0},
    {.bitmap_index = 921, .adv_w = 160, .box_w = 9, .box_h = 13, .ofs_x = 0, .ofs_y = 0},
    {.bitmap_index = 979, .adv_w = 160, .box_w = 9, .box_h = 13, .ofs_x = 0, .ofs_y = 0},
    {.bitmap_index = 1033, .adv_w = 160, .box_w = 3, .box_h = 9, .ofs_x = 3, .ofs_y = 0},
    {.bitmap_index = 1044, .adv_w = 160, .box_w = 3, .box_h = 11, .ofs_x = 3, .ofs_y = -2},
    {.bitmap_index = 1058, .adv_w = 160, .box_w = 10, .box_h = 15, .ofs_x = 0, .ofs_y = -1},
    {.bitmap_index = 1112, .adv_w = 160, .box_w = 10, .box_h = 8, .ofs_x = 0, .ofs_y = 3},
    {.bitmap_index = 1132, .adv_w = 160, .box_w = 10, .box_h = 15, .ofs_x = 0, .ofs_y = -1},
    {.bitmap_index = 1186, .adv_w = 160, .box_w = 8, .box_h = 13, .ofs_x = 1, .ofs_y = 0},
    {.bitmap_index = 1230, .adv_w = 160, .box_w = 10, .box_h = 13, .ofs_x = 0, .ofs_y = 0},
    {.bitmap_index = 1296, .adv_w = 160, .box_w = 10, .box_h = 13, .ofs_x = 0, .ofs_y = 0},
    {.bitmap_index = 1353, .adv_w = 160, .box_w = 10, .box_h = 13, .ofs_x = 0, .ofs_y = 0},
    {.bitmap_index = 1410, .adv_w = 160, .box_w = 10, .box_h = 13, .ofs_x = 0, .ofs_y = 0},
    {.bitmap_index = 1468, .adv_w = 160, .box_w = 10, .box_h = 13, .ofs_x = 0, .ofs_y = 0},
    {.bitmap_index = 1517, .adv_w = 160, .box_w = 9, .box_h = 13, .ofs_x = 1, .ofs_y = 0},
    {.bitmap_index = 1551, .adv_w = 160, .box_w = 10, .box_h = 13, .ofs_x = 0, .ofs_y = 0},
    {.bitmap_index = 1581, .adv_w = 160, .box_w = 9, .box_h = 13, .ofs_x = 0, .ofs_y = 0},
    {.bitmap_index = 1639, .adv_w = 160, .box_w = 9, .box_h = 13, .ofs_x = 0, .ofs_y = 0},
    {.bitmap_index = 1662, .adv_w = 160, .box_w = 3, .box_h = 13, .ofs_x = 3, .ofs_y = 0},
    {.bitmap_index = 1667, .adv_w = 160, .box_w = 8, .box_h = 13, .ofs_x = 1, .ofs_y = 0},
    {.bitmap_index = 1695, .adv_w = 160, .box_w = 10, .box_h = 13, .ofs_x = 0, .ofs_y = 0},
    {.bitmap_index = 1744, .adv_w = 160, .box_w = 10, .box_h = 13, .ofs_x = 0, .ofs_y = 0},
    {.bitmap_index = 1758, .adv_w = 160, .box_w = 10, .box_h = 13, .ofs_x = 0, .ofs_y = 0},
    {.bitmap_index = 1810, .adv_w = 160, .box_w = 9, .box_h = 13, .ofs_x = 0, .ofs_y = 0},
    {.bitmap_index = 1851, .adv_w = 160, .box_w = 10, .box_h = 13, .ofs_x = 0, .ofs_y = 0},
    {.bitmap_index = 1914, .adv_w = 160, .box_w = 9, .box_h = 13, .ofs_x = 1, .ofs_y = 0},
    {.bitmap_index = 1955, .adv_w = 160, .box_w = 10, .box_h = 14, .ofs_x = 0, .ofs_y = -1},
    {.bitmap_index = 2025, .adv_w = 160, .box_w = 10, .box_h = 13, .ofs_x = 0, .ofs_y = 0},
    {.bitmap_index = 2077, .adv_w = 160, .box_w = 10, .box_h = 13, .ofs_x = 0, .ofs_y = 0},
    {.bitmap_index = 2141, .adv_w = 160, .box_w = 9, .box_h = 13, .ofs_x = 0, .ofs_y = 0},
    {.bitmap_index = 2159, .adv_w = 160, .box_w = 9, .box_h = 13, .ofs_x = 0, .ofs_y = 0},
    {.bitmap_index = 2183, .adv_w = 160, .box_w = 10, .box_h = 13, .ofs_x = 0, .ofs_y = 0},
    {.bitmap_index = 2241, .adv_w = 160, .box_w = 10, .box_h = 13, .ofs_x = 0, .ofs_y = 0},
    {.bitmap_index = 2308, .adv_w = 160, .box_w = 10, .box_h = 13, .ofs_x = 0, .ofs_y = 0},
    {.bitmap_index = 2367, .adv_w = 160, .box_w = 10, .box_h = 13, .ofs_x = 0, .ofs_y = 0},
    {.bitmap_index = 2405, .adv_w = 160, .box_w = 10, .box_h = 13, .ofs_x = 0, .ofs_y = 0},
    {.bitmap_index = 2453, .adv_w = 160, .box_w = 6, .box_h = 19, .ofs_x = 3, .ofs_y = -2},
    {.bitmap_index = 2473, .adv_w = 160, .box_w = 8, .box_h = 16, .ofs_x = 1, .ofs_y = -2},
    {.bitmap_index = 2519, .adv_w = 160, .box_w = 6, .box_h = 19, .ofs_x = 0, .ofs_y = -2},
    {.bitmap_index = 2538, .adv_w = 160, .box_w = 8, .box_h = 3, .ofs_x = 1, .ofs_y = 12},
    {.bitmap_index = 2551, .adv_w = 160, .box_w = 10, .box_h = 1, .ofs_x = 0, .ofs_y = -3},
    {.bitmap_index = 2554, .adv_w = 160, .box_w = 6, .box_h = 4, .ofs_x = 2, .ofs_y = 12},
    {.bitmap_index = 2566, .adv_w = 160, .box_w = 9, .box_h = 9, .ofs_x = 0, .ofs_y = 0},
    {.bitmap_index = 2608, .adv_w = 160, .box_w = 9, .box_h = 13, .ofs_x = 0, .ofs_y = 0},
    {.bitmap_index = 2651, .adv_w = 160, .box_w = 9, .box_h = 9, .ofs_x = 0, .ofs_y = 0},
    {.bitmap_index = 2691, .adv_w = 160, .box_w = 9, .box_h = 13, .ofs_x = 0, .ofs_y = 0},
    {.bitmap_index = 2736, .adv_w = 160, .box_w = 9, .box_h = 9, .ofs_x = 0, .ofs_y = 0},
    {.bitmap_index = 2776, .adv_w = 160, .box_w = 9, .box_h = 13, .ofs_x = 0, .ofs_y = 0},
    {.bitmap_index = 2808, .adv_w = 160, .box_w = 10, .box_h = 12, .ofs_x = 0, .ofs_y = -2},
    {.bitmap_index = 2863, .adv_w = 160, .box_w = 8, .box_h = 13, .ofs_x = 1, .ofs_y = 0},
    {.bitmap_index = 2889, .adv_w = 160, .box_w = 2, .box_h = 13, .ofs_x = 4, .ofs_y = 0},
    {.bitmap_index = 2898, .adv_w = 160, .box_w = 7, .box_h = 15, .ofs_x = 1, .ofs_y = -2},
    {.bitmap_index = 2922, .adv_w = 160, .box_w = 9, .box_h = 13, .ofs_x = 1, .ofs_y = 0},
    {.bitmap_index = 2959, .adv_w = 160, .box_w = 2, .box_h = 13, .ofs_x = 4, .ofs_y = 0},
    {.bitmap_index = 2964, .adv_w = 160, .box_w = 10, .box_h = 9, .ofs_x = 0, .ofs_y = 0},
    {.bitmap_index = 2986, .adv_w = 160, .box_w = 8, .box_h = 9, .ofs_x = 1, .ofs_y = 0},
    {.bitmap_index = 3009, .adv_w = 160, .box_w = 10, .box_h = 9, .ofs_x = 0, .ofs_y = 0},
    {.bitmap_index = 3055, .adv_w = 160, .box_w = 9, .box_h = 11, .ofs_x = 0, .ofs_y = -2},
    {.bitmap_index = 3101, .adv_w = 160, .box_w = 9, .box_h = 11, .ofs_x = 0, .ofs_y = -2},
    {.bitmap_index = 3146, .adv_w = 160, .box_w = 6, .box_h = 9, .ofs_x = 2, .ofs_y = 0},
    {.bitmap_index = 3165, .adv_w = 160, .box_w = 8, .box_h = 9, .ofs_x = 1, .ofs_y = 0},
    {.bitmap_index = 3202, .adv_w = 160, .box_w = 9, .box_h = 12, .ofs_x = 0, .ofs_y = 0},
    {.bitmap_index = 3237, .adv_w = 160, .box_w = 8, .box_h = 9, .ofs_x = 1, .ofs_y = 0},
    {.bitmap_index = 3257, .adv_w = 160, .box_w = 9, .box_h = 9, .ofs_x = 0, .ofs_y = 0},
    {.bitmap_index = 3295, .adv_w = 160, .box_w = 10, .box_h = 9, .ofs_x = 0, .ofs_y = 0},
    {.bitmap_index = 3341, .adv_w = 160, .box_w = 9, .box_h = 9, .ofs_x = 0, .ofs_y = 0},
    {.bitmap_index = 3380, .adv_w = 160, .box_w = 10, .box_h = 11, .ofs_x = 0, .ofs_y = -2},
    {.bitmap_index = 3429, .adv_w = 160, .box_w = 8, .box_h = 9, .ofs_x = 1, .ofs_y = 0},
    {.bitmap_index = 3461, .adv_w = 160, .box_w = 5, .box_h = 17, .ofs_x = 4, .ofs_y = -2},
    {.bitmap_index = 3488, .adv_w = 160, .box_w = 2, .box_h = 19, .ofs_x = 4, .ofs_y = -2},
    {.bitmap_index = 3493, .adv_w = 160, .box_w = 5, .box_h = 17, .ofs_x = 1, .ofs_y = -2},
    {.bitmap_index = 3521, .adv_w = 160, .box_w = 9, .box_h = 4, .ofs_x = 1, .ofs_y = 13},
    {.bitmap_index = 3539, .adv_w = 320, .box_w = 6, .box_h = 6, .ofs_x = 2, .ofs_y = 9},
    {.bitmap_index = 3556, .adv_w = 320, .box_w = 18, .box_h = 18, .ofs_x = 1, .ofs_y = -2},
    {.bitmap_index = 3649, .adv_w = 320, .box_w = 18, .box_h = 19, .ofs_x = 1, .ofs_y = -2},
    {.bitmap_index = 3753, .adv_w = 320, .box_w = 18, .box_h = 18, .ofs_x = 1, .ofs_y = -2},
    {.bitmap_index = 3873, .adv_w = 320, .box_w = 18, .box_h = 20, .ofs_x = 1, .ofs_y = -3},
    {.bitmap_index = 3991, .adv_w = 320, .box_w = 19, .box_h = 20, .ofs_x = 0, .ofs_y = -3},
    {.bitmap_index = 4126, .adv_w = 320, .box_w = 20, .box_h = 19, .ofs_x = 0, .ofs_y = -2},
    {.bitmap_index = 4264, .adv_w = 320, .box_w = 19, .box_h = 20, .ofs_x = 0, .ofs_y = -3},
    {.bitmap_index = 4412, .adv_w = 320, .box_w = 20, .box_h = 19, .ofs_x = 0, .ofs_y = -2},
    {.bitmap_index = 4539, .adv_w = 320, .box_w = 20, .box_h = 20, .ofs_x = 0, .ofs_y = -3},
    {.bitmap_index = 4704, .adv_w = 320, .box_w = 20, .box_h = 18, .ofs_x = 0, .ofs_y = -2},
    {.bitmap_index = 4825, .adv_w = 320, .box_w = 20, .box_h = 19, .ofs_x = 0, .ofs_y = -2},
    {.bitmap_index = 4940, .adv_w = 320, .box_w = 18, .box_h = 19, .ofs_x = 1, .ofs_y = -2},
    {.bitmap_index = 5056, .adv_w = 320, .box_w = 16, .box_h = 19, .ofs_x = 2, .ofs_y = -2},
    {.bitmap_index = 5135, .adv_w = 320, .box_w = 19, .box_h = 18, .ofs_x = 0, .ofs_y = -2},
    {.bitmap_index = 5268, .adv_w = 320, .box_w = 19, .box_h = 20, .ofs_x = 0, .ofs_y = -3},
    {.bitmap_index = 5381, .adv_w = 320, .box_w = 19, .box_h = 20, .ofs_x = 0, .ofs_y = -3},
    {.bitmap_index = 5515, .adv_w = 320, .box_w = 19, .box_h = 20, .ofs_x = 0, .ofs_y = -3},
    {.bitmap_index = 5673, .adv_w = 320, .box_w = 19, .box_h = 19, .ofs_x = 0, .ofs_y = -2},
    {.bitmap_index = 5814, .adv_w = 320, .box_w = 19, .box_h = 19, .ofs_x = 0, .ofs_y = -3},
    {.bitmap_index = 5920, .adv_w = 320, .box_w = 20, .box_h = 19, .ofs_x = 0, .ofs_y = -2},
    {.bitmap_index = 6072, .adv_w = 320, .box_w = 19, .box_h = 19, .ofs_x = 0, .ofs_y = -3},
    {.bitmap_index = 6215, .adv_w = 320, .box_w = 18, .box_h = 18, .ofs_x = 1, .ofs_y = -3},
    {.bitmap_index = 6297, .adv_w = 320, .box_w = 19, .box_h = 19, .ofs_x = 0, .ofs_y = -3},
    {.bitmap_index = 6415, .adv_w = 320, .box_w = 17, .box_h = 19, .ofs_x = 2, .ofs_y = -2},
    {.bitmap_index = 6498, .adv_w = 320, .box_w = 19, .box_h = 19, .ofs_x = 1, .ofs_y = -3},
    {.bitmap_index = 6654, .adv_w = 320, .box_w = 20, .box_h = 20, .ofs_x = 0, .ofs_y = -3},
    {.bitmap_index = 6794, .adv_w = 320, .box_w = 18, .box_h = 19, .ofs_x = 1, .ofs_y = -2},
    {.bitmap_index = 6911, .adv_w = 320, .box_w = 18, .box_h = 20, .ofs_x = 1, .ofs_y = -3},
    {.bitmap_index = 7014, .adv_w = 320, .box_w = 20, .box_h = 19, .ofs_x = 0, .ofs_y = -3},
    {.bitmap_index = 7148, .adv_w = 320, .box_w = 19, .box_h = 19, .ofs_x = 0, .ofs_y = -3},
    {.bitmap_index = 7284, .adv_w = 320, .box_w = 17, .box_h = 18, .ofs_x = 2, .ofs_y = -2},
    {.bitmap_index = 7358, .adv_w = 320, .box_w = 18, .box_h = 19, .ofs_x = 1, .ofs_y = -2},
    {.bitmap_index = 7488, .adv_w = 320, .box_w = 18, .box_h = 19, .ofs_x = 1, .ofs_y = -2},
    {.bitmap_index = 7625, .adv_w = 320, .box_w = 18, .box_h = 19, .ofs_x = 1, .ofs_y = -2},
    {.bitmap_index = 7748, .adv_w = 320, .box_w = 20, .box_h = 19, .ofs_x = 0, .ofs_y = -2},
    {.bitmap_index = 7901, .adv_w = 320, .box_w = 19, .box_h = 19, .ofs_x = 0, .ofs_y = -2},
    {.bitmap_index = 8032, .adv_w = 320, .box_w = 19, .box_h = 20, .ofs_x = 0, .ofs_y = -3},
    {.bitmap_index = 8171, .adv_w = 320, .box_w = 20, .box_h = 20, .ofs_x = 0, .ofs_y = -3},
    {.bitmap_index = 8328, .adv_w = 320, .box_w = 20, .box_h = 20, .ofs_x = 0, .ofs_y = -3},
    {.bitmap_index = 8480, .adv_w = 320, .box_w = 18, .box_h = 18, .ofs_x = 1, .ofs_y = -2},
    {.bitmap_index = 8579, .adv_w = 320, .box_w = 18, .box_h = 19, .ofs_x = 1, .ofs_y = -2},
    {.bitmap_index = 8727, .adv_w = 320, .box_w = 19, .box_h = 18, .ofs_x = 1, .ofs_y = -2},
    {.bitmap_index = 8872, .adv_w = 320, .box_w = 19, .box_h = 19, .ofs_x = 0, .ofs_y = -2},
    {.bitmap_index = 9020, .adv_w = 320, .box_w = 18, .box_h = 19, .ofs_x = 1, .ofs_y = -3},
    {.bitmap_index = 9144, .adv_w = 320, .box_w = 20, .box_h = 19, .ofs_x = 0, .ofs_y = -2},
    {.bitmap_index = 9301, .adv_w = 320, .box_w = 18, .box_h = 19, .ofs_x = 1, .ofs_y = -3},
    {.bitmap_index = 9433, .adv_w = 320, .box_w = 20, .box_h = 20, .ofs_x = 0, .ofs_y = -3},
    {.bitmap_index = 9584, .adv_w = 320, .box_w = 20, .box_h = 19, .ofs_x = 0, .ofs_y = -2},
    {.bitmap_index = 9736, .adv_w = 320, .box_w = 19, .box_h = 19, .ofs_x = 0, .ofs_y = -3},
    {.bitmap_index = 9878, .adv_w = 320, .box_w = 20, .box_h = 19, .ofs_x = 0, .ofs_y = -2},
    {.bitmap_index = 10020, .adv_w = 320, .box_w = 19, .box_h = 19, .ofs_x = 0, .ofs_y = -3},
    {.bitmap_index = 10192, .adv_w = 320, .box_w = 20, .box_h = 19, .ofs_x = 0, .ofs_y = -2},
    {.bitmap_index = 10350, .adv_w = 320, .box_w = 18, .box_h = 20, .ofs_x = 1, .ofs_y = -3},
    {.bitmap_index = 10468, .adv_w = 320, .box_w = 18, .box_h = 19, .ofs_x = 1, .ofs_y = -3},
    {.bitmap_index = 10574, .adv_w = 320, .box_w = 19, .box_h = 19, .ofs_x = 1, .ofs_y = -2},
    {.bitmap_index = 10688, .adv_w = 320, .box_w = 19, .box_h = 18, .ofs_x = 0, .ofs_y = -2},
    {.bitmap_index = 10805, .adv_w = 320, .box_w = 19, .box_h = 20, .ofs_x = 0, .ofs_y = -3},
    {.bitmap_index = 10919, .adv_w = 320, .box_w = 19, .box_h = 18, .ofs_x = 1, .ofs_y = -2},
    {.bitmap_index = 11034, .adv_w = 320, .box_w = 20, .box_h = 18, .ofs_x = 0, .ofs_y = -2},
    {.bitmap_index = 11172, .adv_w = 320, .box_w = 20, .box_h = 19, .ofs_x = 0, .ofs_y = -2},
    {.bitmap_index = 11330, .adv_w = 320, .box_w = 20, .box_h = 20, .ofs_x = 0, .ofs_y = -3},
    {.bitmap_index = 11500, .adv_w = 320, .box_w = 18, .box_h = 16, .ofs_x = 1, .ofs_y = -1},
    {.bitmap_index = 11564, .adv_w = 320, .box_w = 20, .box_h = 20, .ofs_x = 0, .ofs_y = -3},
    {.bitmap_index = 11729, .adv_w = 320, .box_w = 19, .box_h = 19, .ofs_x = 0, .ofs_y = -2},
    {.bitmap_index = 11868, .adv_w = 320, .box_w = 20, .box_h = 20, .ofs_x = 0, .ofs_y = -3},
    {.bitmap_index = 12021, .adv_w = 320, .box_w = 20, .box_h = 19, .ofs_x = 0, .ofs_y = -3},
    {.bitmap_index = 12156, .adv_w = 320, .box_w = 20, .box_h = 19, .ofs_x = 0, .ofs_y = -3},
    {.bitmap_index = 12316, .adv_w = 320, .box_w = 18, .box_h = 19, .ofs_x = 1, .ofs_y = -2},
    {.bitmap_index = 12404, .adv_w = 320, .box_w = 20, .box_h = 19, .ofs_x = 0, .ofs_y = -2},
    {.bitmap_index = 12547, .adv_w = 320, .box_w = 18, .box_h = 19, .ofs_x = 2, .ofs_y = -2},
    {.bitmap_index = 12647, .adv_w = 320, .box_w = 18, .box_h = 18, .ofs_x = 1, .ofs_y = -2},
    {.bitmap_index = 12752, .adv_w = 320, .box_w = 20, .box_h = 19, .ofs_x = 0, .ofs_y = -3},
    {.bitmap_index = 12883, .adv_w = 320, .box_w = 18, .box_h = 19, .ofs_x = 1, .ofs_y = -2},
    {.bitmap_index = 13012, .adv_w = 320, .box_w = 20, .box_h = 20, .ofs_x = 0, .ofs_y = -3},
    {.bitmap_index = 13168, .adv_w = 320, .box_w = 18, .box_h = 19, .ofs_x = 1, .ofs_y = -3},
    {.bitmap_index = 13266, .adv_w = 320, .box_w = 20, .box_h = 19, .ofs_x = 0, .ofs_y = -2},
    {.bitmap_index = 13422, .adv_w = 320, .box_w = 20, .box_h = 19, .ofs_x = 0, .ofs_y = -2},
    {.bitmap_index = 13566, .adv_w = 320, .box_w = 20, .box_h = 20, .ofs_x = 0, .ofs_y = -3},
    {.bitmap_index = 13743, .adv_w = 320, .box_w = 20, .box_h = 19, .ofs_x = 0, .ofs_y = -2},
    {.bitmap_index = 13903, .adv_w = 320, .box_w = 18, .box_h = 18, .ofs_x = 1, .ofs_y = -2},
    {.bitmap_index = 14019, .adv_w = 320, .box_w = 20, .box_h = 19, .ofs_x = 0, .ofs_y = -2},
    {.bitmap_index = 14139, .adv_w = 320, .box_w = 14, .box_h = 19, .ofs_x = 3, .ofs_y = -2},
    {.bitmap_index = 14214, .adv_w = 320, .box_w = 18, .box_h = 19, .ofs_x = 1, .ofs_y = -2},
    {.bitmap_index = 14322, .adv_w = 320, .box_w = 20, .box_h = 19, .ofs_x = 0, .ofs_y = -2},
    {.bitmap_index = 14473, .adv_w = 320, .box_w = 20, .box_h = 19, .ofs_x = 0, .ofs_y = -2},
    {.bitmap_index = 14617, .adv_w = 320, .box_w = 20, .box_h = 19, .ofs_x = 0, .ofs_y = -2},
    {.bitmap_index = 14737, .adv_w = 320, .box_w = 20, .box_h = 20, .ofs_x = 0, .ofs_y = -3},
    {.bitmap_index = 14903, .adv_w = 320, .box_w = 20, .box_h = 19, .ofs_x = 0, .ofs_y = -2},
    {.bitmap_index = 15061, .adv_w = 320, .box_w = 20, .box_h = 20, .ofs_x = 0, .ofs_y = -3},
    {.bitmap_index = 15214, .adv_w = 320, .box_w = 19, .box_h = 20, .ofs_x = 0, .ofs_y = -3},
    {.bitmap_index = 15378, .adv_w = 320, .box_w = 20, .box_h = 20, .ofs_x = 0, .ofs_y = -3},
    {.bitmap_index = 15542, .adv_w = 320, .box_w = 20, .box_h = 19, .ofs_x = 0, .ofs_y = -3},
    {.bitmap_index = 15672, .adv_w = 320, .box_w = 19, .box_h = 20, .ofs_x = 1, .ofs_y = -3},
    {.bitmap_index = 15829, .adv_w = 320, .box_w = 18, .box_h = 18, .ofs_x = 1, .ofs_y = -2},
    {.bitmap_index = 15953, .adv_w = 320, .box_w = 18, .box_h = 18, .ofs_x = 1, .ofs_y = -2},
    {.bitmap_index = 16069, .adv_w = 320, .box_w = 18, .box_h = 20, .ofs_x = 1, .ofs_y = -3},
    {.bitmap_index = 16195, .adv_w = 320, .box_w = 19, .box_h = 19, .ofs_x = 1, .ofs_y = -2},
    {.bitmap_index = 16333, .adv_w = 320, .box_w = 18, .box_h = 18, .ofs_x = 1, .ofs_y = -2},
    {.bitmap_index = 16434, .adv_w = 320, .box_w = 18, .box_h = 20, .ofs_x = 1, .ofs_y = -3},
    {.bitmap_index = 16539, .adv_w = 320, .box_w = 6, .box_h = 17, .ofs_x = 12, .ofs_y = -1},
    {.bitmap_index = 16585, .adv_w = 320, .box_w = 6, .box_h = 17, .ofs_x = 2, .ofs_y = -1}
};

/*---------------------
 *  CHARACTER MAPPING
 *--------------------*/

static const uint16_t unicode_list_1[] = {
    0x0, 0x4d5d, 0x4d5e, 0x4d74, 0x4dfe, 0x4e70, 0x4e9e, 0x4eed,
    0x4f8c, 0x501f, 0x5099, 0x50b5, 0x50c3, 0x514a, 0x5157, 0x5169,
    0x5186, 0x51f8, 0x51f9, 0x52db, 0x5312, 0x531d, 0x533f, 0x535e,
    0x5361, 0x55b8, 0x56a7, 0x5881, 0x5aa7, 0x5b49, 0x5b9f, 0x5d42,
    0x5d76, 0x5d7e, 0x5d88, 0x5da5, 0x5de3, 0x5de4, 0x5de5, 0x5df6,
    0x5e50, 0x5e89, 0x5e8a, 0x5f51, 0x5f8b, 0x606f, 0x6190, 0x61f5,
    0x62b2, 0x62be, 0x6495, 0x64c0, 0x64c4, 0x6509, 0x6530, 0x6546,
    0x658e, 0x6659, 0x6735, 0x6796, 0x6810, 0x6971, 0x6ab3, 0x6c91,
    0x6c9b, 0x6cd8, 0x6d79, 0x6de0, 0x7197, 0x7206, 0x7485, 0x748b,
    0x749c, 0x75d4, 0x773d, 0x788a, 0x7922, 0x7aa4, 0x7e0f, 0x7e28,
    0x7ebe, 0x801c, 0x813a, 0x81c2, 0x8ab6, 0x8b0e, 0x8b2d, 0x8ca6,
    0x8cd5, 0x8d3f, 0x8ed5, 0x8ee3, 0x8f17, 0x8f59, 0x911d, 0x911f,
    0x953d, 0x95ec, 0x96b2, 0x9a28, 0xfe58, 0xfe59
};

/*Collect the unicode lists and glyph_id offsets*/
static const lv_font_fmt_txt_cmap_t cmaps[] =
{
    {
        .range_start = 32, .range_length = 95, .glyph_id_start = 1,
        .unicode_list = NULL, .glyph_id_ofs_list = NULL, .list_length = 0, .type = LV_FONT_FMT_TXT_CMAP_FORMAT0_TINY
    },
    {
        .range_start = 176, .range_length = 65114, .glyph_id_start = 96,
        .unicode_list = unicode_list_1, .glyph_id_ofs_list = NULL, .list_length = 102, .type = LV_FONT_FMT_TXT_CMAP_SPARSE_TINY
    }
};



/*--------------------
 *  ALL CUSTOM DATA
 *--------------------*/

#if LVGL_VERSION_MAJOR == 8
/*Store all the custom data of the font*/
static  lv_font_fmt_txt_glyph_cache_t cache;
#endif

#if LVGL_VERSION_MAJOR >= 8
static const lv_font_fmt_txt_dsc_t font_dsc = {
#else
static lv_font_fmt_txt_dsc_t font_dsc = {
#endif
    .glyph_bitmap = glyph_bitmap,
    .glyph_dsc = glyph_dsc,
    .cmaps = cmaps,
    .kern_dsc = NULL,
    .kern_scale = 0,
    .cmap_num = 2,
    .bpp = 4,
    .kern_classes = 0,
    .bitmap_format = 1,
#if LVGL_VERSION_MAJOR == 8
    .cache = &cache
#endif
};



/*-----------------
 *  PUBLIC FONT
 *----------------*/

/*Initialize a public general font descriptor*/
#if LVGL_VERSION_MAJOR >= 8
const lv_font_t lv_font_ps_20 = {
#else
lv_font_t lv_font_ps_20 = {
#endif
    .get_glyph_dsc = lv_font_get_glyph_dsc_fmt_txt,    /*Function pointer to get glyph's data*/
    .get_glyph_bitmap = lv_font_get_bitmap_fmt_txt,    /*Function pointer to get glyph's bitmap*/
    .line_height = 20,          /*The maximum line height required by the font*/
    .base_line = 3,             /*Baseline measured from the bottom of the line*/
#if !(LVGL_VERSION_MAJOR == 6 && LVGL_VERSION_MINOR == 0)
    .subpx = LV_FONT_SUBPX_NONE,
#endif
#if LV_VERSION_CHECK(7, 4, 0) || LVGL_VERSION_MAJOR >= 8
    .underline_position = -2,
    .underline_thickness = 1,
#endif
    .dsc = &font_dsc,          /*The custom font data. Will be accessed by `get_glyph_bitmap/dsc` */
#if LV_VERSION_CHECK(8, 2, 0) || LVGL_VERSION_MAJOR >= 9
    .fallback = NULL,
#endif
    .user_data = NULL,
};



#endif /*#if LV_FONT_PS_20*/

