/*******************************************************************************
 * Size: 16 px
 * Bpp: 4
 * Opts: --font C:\WINDOWS\Fonts\simhei.ttf --size 16 --bpp 4 --format lvgl --range 0x20-0x7E --symbols °不与两亮传低依值像光入关出切则制动助压参反可后向器块失字对屏已带帮常幕库应底度开弹强态总感所报换据故数整方无时显有查框检模正流测消温源片状电画界的短示秒答线绘置背自色警设话赖超路辅输过选重量闭障面高（） --lv-font-name lv_font_ps_16 --lv-include lvgl.h --force-fast-kern-format -o H:\OpenKNX\OAM-SC8815PowerSupply\lib\OFM-PowerSupplyDisplay\src\fonts\lv_font_ps_16.c
 ******************************************************************************/

#ifdef LV_LVGL_H_INCLUDE_SIMPLE
#include "lvgl.h"
#else
#include "lvgl.h"
#endif

#ifndef LV_FONT_PS_16
#define LV_FONT_PS_16 1
#endif

#if LV_FONT_PS_16

/*-----------------
 *    BITMAPS
 *----------------*/

/*Store the image of the glyphs*/
static LV_ATTRIBUTE_LARGE_CONST const uint8_t glyph_bitmap[] = {
    /* U+0020 " " */

    /* U+0021 "!" */
    0xfb, 0x11, 0x0, 0xc, 0xc2, 0x27, 0xf1, 0x10,
    0x0, 0x8e, 0x17, 0xec, 0x1c,

    /* U+0022 "\"" */
    0xf6, 0x7e, 0x12, 0x12, 0x37, 0x37, 0xb2, 0x7e,

    /* U+0023 "#" */
    0x0, 0x3c, 0x3, 0x48, 0x5, 0xdc, 0xe, 0xe0,
    0x4, 0x66, 0x1, 0x10, 0x4, 0xc2, 0x4, 0x61,
    0x7e, 0x77, 0xe9, 0x51, 0x38, 0x19, 0x80, 0xb9,
    0x22, 0x9, 0x98, 0x10, 0x41, 0x48, 0xc, 0x80,
    0x17, 0x63, 0xfc, 0x2f, 0x89, 0x66, 0x63, 0xae,
    0x49, 0x7, 0x98, 0x69, 0x88, 0x11, 0x0, 0x88,
    0x0,

    /* U+0024 "$" */
    0x0, 0xa5, 0x40, 0x35, 0x35, 0x40, 0x2, 0x5d,
    0x15, 0xd0, 0x12, 0xcb, 0xcf, 0x40, 0x1c, 0x0,
    0xeb, 0x5, 0x74, 0x2, 0x20, 0x43, 0x17, 0x8,
    0x5, 0x2c, 0x9e, 0x20, 0x1a, 0x2, 0xb, 0x8c,
    0x9, 0xd4, 0x85, 0x40, 0x6, 0xe0, 0x96, 0x58,
    0xba, 0x14, 0xc8, 0xce, 0xc0, 0x36, 0xd5, 0x0,
    0x1b, 0x5c, 0x0,

    /* U+0025 "%" */
    0x1d, 0xc0, 0x0, 0xa0, 0x32, 0xb2, 0x83, 0x30,
    0x3b, 0x84, 0x40, 0xe2, 0x0, 0xe4, 0xd0, 0x7,
    0x70, 0x89, 0xa8, 0x0, 0x65, 0x66, 0x70, 0x4,
    0x3b, 0x96, 0x9b, 0x60, 0x1d, 0x74, 0x8, 0x0,
    0x6b, 0x22, 0xc0, 0xf, 0x30, 0xe, 0x3c, 0x2,
    0x2c, 0x8, 0xa1, 0x54, 0x4,

    /* U+0026 "&" */
    0x0, 0x47, 0x60, 0x80, 0x48, 0xf6, 0x12, 0x1,
    0x1a, 0x2a, 0x10, 0x4, 0x2e, 0x9, 0xa0, 0x12,
    0x1d, 0x3, 0x80, 0x44, 0x2d, 0x80, 0x1a, 0xcc,
    0xc2, 0xa, 0xc, 0xba, 0x76, 0x54, 0x1e, 0xa1,
    0xeb, 0x22, 0x1c, 0xc0, 0x72, 0x88, 0x5, 0x29,
    0x4c, 0x5, 0x62, 0xb4, 0xb6, 0xd8, 0x50,

    /* U+0027 "'" */
    0x3f, 0x21, 0x2, 0x30, 0x0, 0xc0, 0x0,

    /* U+0028 "(" */
    0x0, 0x88, 0x2, 0x1c, 0x30, 0x5, 0x41, 0x82,
    0xbb, 0x0, 0x26, 0x0, 0x2, 0x48, 0x0, 0x25,
    0x0, 0x98, 0x80, 0x3f, 0x31, 0x0, 0x46, 0xa0,
    0x19, 0x50, 0x2, 0xf9, 0x0, 0x91, 0xe0, 0x2,
    0xa5, 0x30, 0xb, 0xc,

    /* U+0029 ")" */
    0x11, 0x0, 0x4f, 0xa0, 0x13, 0x2c, 0x80, 0x52,
    0xe4, 0x1, 0x4d, 0x80, 0x4c, 0x80, 0x10, 0x98,
    0x6, 0x22, 0x0, 0x7e, 0x22, 0x0, 0x8, 0xc0,
    0x25, 0x50, 0x0, 0x66, 0x40, 0xa, 0x91, 0x6,
    0x7, 0x0, 0x35, 0x80, 0x40,

    /* U+002A "*" */
    0x0, 0xa6, 0x40, 0x10, 0x90, 0x6, 0x21, 0x6d,
    0x71, 0x13, 0xeb, 0x3d, 0x51, 0xdd, 0x54, 0x70,
    0x44, 0x0, 0x11, 0x0, 0xbe, 0xab, 0xbd, 0x5a,
    0x70, 0x89, 0x92, 0xc6, 0xe0, 0x22, 0x7, 0x30,
    0xb, 0x30, 0x1, 0x0,

    /* U+002B "+" */
    0x0, 0x99, 0x0, 0x3d, 0x86, 0x1, 0xff, 0xc7,
    0xaf, 0xf2, 0xc7, 0xf9, 0xef, 0x74, 0xaf, 0xba,
    0x61, 0x22, 0x7, 0x91, 0x4, 0x3, 0xf0,

    /* U+002C "," */
    0x55, 0x74, 0xc2, 0x5d, 0x0,

    /* U+002D "-" */
    0xaf, 0xff, 0x35, 0xee, 0xf9, 0x80,

    /* U+002E "." */
    0x55, 0x4f, 0x0,

    /* U+002F "/" */
    0x0, 0xf1, 0x10, 0x3, 0xd2, 0x1, 0xe3, 0x22,
    0x0, 0x74, 0x40, 0x3, 0x90, 0xc4, 0x3, 0xa2,
    0x40, 0x39, 0x50, 0x40, 0x3a, 0x60, 0x3, 0x96,
    0xc0, 0x3d, 0x2e, 0x1, 0xcd, 0x40, 0x1e, 0xa6,
    0x0, 0xe7, 0xa0, 0xf, 0x23, 0x0, 0x78,

    /* U+0030 "0" */
    0x0, 0x47, 0x71, 0x80, 0x27, 0x74, 0xcc, 0x80,
    0x8, 0x83, 0xb9, 0xbc, 0xc, 0x18, 0x1, 0xa8,
    0xa, 0x22, 0x0, 0x30, 0x8, 0x18, 0x4, 0x60,
    0x60, 0x1f, 0x8c, 0xc0, 0x11, 0x81, 0xb8, 0x90,
    0x1, 0xc0, 0x48, 0x94, 0x0, 0xe5, 0x0, 0x43,
    0xd5, 0xa4, 0x80, 0x16, 0xd8, 0x30, 0xc0, 0x24,
    0xcb, 0x30, 0x0,

    /* U+0031 "1" */
    0x0, 0x36, 0x1, 0xc8, 0x26, 0x18, 0x1d, 0xa0,
    0x3a, 0x0, 0x7f, 0xf4, 0x80,

    /* U+0032 "2" */
    0x0, 0xfe, 0x1b, 0xff, 0x50, 0x5, 0xab, 0x10,
    0x58, 0x4, 0x3c, 0x77, 0x94, 0x13, 0x48, 0x1,
    0xe0, 0x11, 0x0, 0x58, 0xe0, 0x1c, 0x69, 0x20,
    0x1d, 0xca, 0x60, 0x1a, 0xe, 0xc0, 0x32, 0x3d,
    0x8, 0x4, 0x54, 0xe8, 0x1, 0xbc, 0x2c, 0xce,
    0x2, 0x20, 0xe6, 0x61,

    /* U+0033 "3" */
    0x0, 0x2d, 0xd9, 0x80, 0x26, 0xbc, 0x39, 0x70,
    0x4, 0x53, 0xc3, 0xd0, 0x2, 0x90, 0x1, 0xc0,
    0x12, 0x0, 0x6, 0xd4, 0x3, 0x4f, 0x34, 0x0,
    0x6d, 0x64, 0x50, 0xc, 0x92, 0xf6, 0x0, 0x30,
    0xb, 0x4, 0xf, 0x8, 0x0, 0x62, 0x6, 0x6f,
    0x66, 0x44, 0x80, 0x35, 0xe6, 0x20, 0xe0,

    /* U+0034 "4" */
    0x0, 0xc3, 0xe6, 0x1, 0xd4, 0x1, 0xe5, 0x40,
    0xf, 0x5c, 0x80, 0x74, 0x93, 0x0, 0x63, 0x6e,
    0x0, 0xee, 0x82, 0x0, 0xce, 0xe, 0x1, 0xd6,
    0x5f, 0xf0, 0x65, 0x76, 0xee, 0xa, 0xb2, 0x2e,
    0x6, 0x10, 0xf, 0xc0,

    /* U+0035 "5" */
    0x5, 0xff, 0xd6, 0x0, 0xd4, 0xcc, 0xa4, 0x0,
    0x78, 0x67, 0x10, 0x1, 0x4c, 0x3, 0x84, 0x51,
    0xfd, 0x0, 0x5, 0x4, 0xb9, 0x77, 0x2, 0xec,
    0x23, 0xba, 0x40, 0x48, 0x2, 0xc1, 0x2, 0x20,
    0x7, 0xae, 0x40, 0x2e, 0x30, 0xa4, 0x95, 0xa5,
    0x90, 0x3a, 0x4a, 0x6b, 0x50,

    /* U+0036 "6" */
    0x0, 0xdd, 0x0, 0x1d, 0x1, 0x0, 0x18, 0x5e,
    0xc0, 0x3a, 0xcd, 0x40, 0x32, 0x2b, 0xd3, 0x80,
    0x50, 0xe, 0xd1, 0x80, 0x46, 0xf9, 0x8b, 0x35,
    0x70, 0x90, 0x2, 0x16, 0x80, 0x4, 0x2, 0x10,
    0x70, 0x30, 0x0, 0x9e, 0x92, 0x72, 0xa6, 0x92,
    0x85, 0xa5, 0xd8, 0x3c, 0x0,

    /* U+0037 "7" */
    0x5f, 0xff, 0x32, 0x66, 0x6a, 0x5, 0x13, 0x3d,
    0x88, 0x60, 0x18, 0x5a, 0x0, 0x39, 0x8c, 0xc0,
    0x1d, 0x32, 0x0, 0xe4, 0x15, 0x0, 0xee, 0x50,
    0xf, 0x27, 0x80, 0x72, 0xa, 0x80, 0x76, 0x10,
    0x7, 0x91, 0x0, 0x18,

    /* U+0038 "8" */
    0x1, 0xbf, 0xe8, 0x0, 0xb4, 0x6e, 0x1d, 0xc0,
    0x27, 0x48, 0xcf, 0x60, 0x60, 0x1b, 0xc0, 0x4,
    0x30, 0x3, 0x56, 0x0, 0xa7, 0xfe, 0x77, 0x0,
    0x25, 0x2a, 0x11, 0xc1, 0x8e, 0xd5, 0xea, 0x3,
    0x94, 0x2, 0x50, 0x2f, 0x50, 0x9, 0xc0, 0xd4,
    0x72, 0x2a, 0x54, 0x4a, 0xc1, 0xd5, 0x56, 0x0,

    /* U+0039 "9" */
    0x2, 0xbf, 0xe7, 0x0, 0xe, 0x3c, 0xb4, 0x38,
    0x30, 0x6b, 0x43, 0x48, 0x6a, 0x88, 0x3, 0x4,
    0x3, 0xc4, 0x21, 0x88, 0x60, 0x32, 0x80, 0xc7,
    0x98, 0xe1, 0x90, 0x6, 0x5d, 0x85, 0xc, 0x2,
    0x43, 0x18, 0x0, 0xef, 0x43, 0x0, 0xc6, 0x92,
    0x1, 0xd0, 0xa4, 0x1, 0x0,

    /* U+003A ":" */
    0xe9, 0x8d, 0x64, 0x0, 0xf3, 0x24, 0x68,

    /* U+003B ";" */
    0xe9, 0x8d, 0x64, 0x0, 0xf3, 0x24, 0x6c, 0x66,
    0x14,

    /* U+003C "<" */
    0x0, 0xff, 0xe0, 0x8e, 0x90, 0x6, 0x2c, 0x82,
    0x0, 0x8b, 0xe5, 0x40, 0x22, 0xf9, 0x40, 0x8,
    0xbe, 0x50, 0x2, 0x2f, 0x94, 0x0, 0xc6, 0x2,
    0x1, 0xc3, 0x92, 0xc0, 0x1c, 0x3b, 0x4c, 0x1,
    0xc3, 0x94, 0xe0, 0x1e, 0xcb, 0x80, 0xf, 0x61,
    0x90, 0x7, 0xac, 0x80,

    /* U+003D "=" */
    0xaf, 0xff, 0x35, 0xee, 0xf9, 0x84, 0x8b, 0xc0,
    0x1f, 0xd5, 0xff, 0xe6, 0xbd, 0xdf, 0x30,

    /* U+003E ">" */
    0x0, 0xfc, 0x98, 0x20, 0x1c, 0x95, 0xa2, 0x1,
    0xcd, 0x5a, 0x20, 0x1c, 0xd5, 0xa2, 0x1, 0xcd,
    0x3a, 0x20, 0x1c, 0xb3, 0x82, 0x1, 0xc4, 0x22,
    0x0, 0xcf, 0x98, 0x0, 0xd1, 0x96, 0x1, 0xa4,
    0xac, 0x3, 0x49, 0xd0, 0x6, 0x43, 0xa0, 0xe,
    0x4a, 0x0, 0xf0,

    /* U+003F "?" */
    0x0, 0x4f, 0x72, 0x0, 0x12, 0xf1, 0x2e, 0xc0,
    0xd2, 0xce, 0x7a, 0x24, 0x80, 0x13, 0x8e, 0x98,
    0x11, 0xd8, 0x6, 0xf3, 0x70, 0xa, 0xf, 0x40,
    0x32, 0x40, 0x80, 0x68, 0x70, 0xe, 0x41, 0x0,
    0xe9, 0x40, 0xe, 0x63, 0x0, 0x0,

    /* U+0040 "@" */
    0x0, 0x34, 0xc4, 0x88, 0x1, 0x8e, 0x62, 0x20,
    0x7, 0xab, 0xdd, 0x9, 0x2e, 0xae, 0xcb, 0x63,
    0xea, 0xcc, 0x33, 0xb1, 0x8, 0x11, 0x5a, 0x1,
    0x11, 0x3, 0xc9, 0x88, 0x4, 0x85, 0x7, 0x53,
    0x81, 0xf2, 0xa9, 0xe2, 0x8b, 0x3a, 0xfc, 0xc0,
    0x7c, 0x40, 0x4, 0x30, 0x4, 0xd4, 0x40, 0x8c,
    0x0,

    /* U+0041 "A" */
    0x0, 0xb6, 0xc0, 0x38, 0x49, 0x0, 0x39, 0x0,
    0x6, 0x1, 0xb1, 0x49, 0x0, 0x32, 0x6a, 0x60,
    0x4, 0x24, 0x98, 0x80, 0x13, 0x81, 0xb8, 0x20,
    0x3, 0x3, 0xf4, 0x30, 0x0, 0x8d, 0x98, 0x54,
    0x2, 0x1d, 0x33, 0x61, 0x82, 0x2, 0x0, 0x10,
    0x13, 0xc, 0x2, 0x21, 0xc0,

    /* U+0042 "B" */
    0x5f, 0xfb, 0xa4, 0x3, 0x55, 0xc3, 0xd0, 0x4,
    0xe8, 0xd2, 0xa0, 0x1f, 0xfc, 0x12, 0xa4, 0x0,
    0xb7, 0xf4, 0x28, 0x2, 0xac, 0x93, 0xa0, 0x9,
    0xcd, 0xa9, 0xc, 0x3, 0x98, 0x18, 0x3, 0x9c,
    0x4, 0x0, 0xe8, 0xd6, 0x28, 0x0, 0xab, 0x84,
    0xc0,

    /* U+0043 "C" */
    0x0, 0x36, 0xfd, 0x8, 0x1, 0x65, 0x69, 0xe8,
    0x1, 0xb, 0xb, 0x28, 0x45, 0x70, 0x1, 0x41,
    0x9c, 0x18, 0x0, 0x34, 0xa6, 0x6, 0x1, 0x28,
    0x80, 0x7f, 0xf0, 0xb1, 0x54, 0xa, 0x0, 0x13,
    0x3, 0xd, 0x0, 0x20, 0x20, 0x43, 0x43, 0x5a,
    0x88, 0x3c, 0x34, 0xa5, 0x0,

    /* U+0044 "D" */
    0x5f, 0xfa, 0xcc, 0x3, 0x55, 0x1f, 0x10, 0x2,
    0x75, 0xc2, 0x80, 0xf, 0x51, 0x88, 0x7, 0x18,
    0x10, 0x7, 0x38, 0x38, 0x7, 0xff, 0x5, 0xc1,
    0xc0, 0x38, 0xc0, 0x80, 0x3a, 0x90, 0x40, 0xe,
    0xb8, 0x50, 0x1, 0x55, 0x1f, 0x4c, 0x0,

    /* U+0045 "E" */
    0x2f, 0xff, 0x0, 0x4f, 0x77, 0x80, 0x2d, 0x44,
    0xc0, 0x1f, 0xfc, 0x7a, 0xff, 0xa4, 0x2, 0x8c,
    0xca, 0x0, 0x22, 0x33, 0x84, 0x3, 0xff, 0x8e,
    0x48, 0x98, 0x40, 0x11, 0x77, 0x94,

    /* U+0046 "F" */
    0x4f, 0xff, 0x28, 0x2, 0x6e, 0xf2, 0x0, 0x15,
    0x13, 0x8, 0x7, 0xff, 0x3b, 0x3f, 0xe1, 0x0,
    0xa7, 0x32, 0x10, 0x9, 0x4c, 0xe0, 0xf, 0xfe,
    0x70,

    /* U+0047 "G" */
    0x0, 0x3f, 0x7c, 0x80, 0x4d, 0x13, 0x26, 0x70,
    0x4, 0x3b, 0x99, 0xe4, 0x8, 0x70, 0x1, 0x82,
    0xe, 0xc, 0x0, 0x4d, 0x3, 0x3, 0x0, 0x88,
    0x3, 0xf, 0xfc, 0x40, 0x10, 0xe5, 0x0, 0x8,
    0x14, 0xd, 0xc0, 0x8, 0x1a, 0x0, 0x70, 0xa,
    0x1a, 0x1a, 0xc0, 0x27, 0x73, 0x44, 0x80, 0x0,

    /* U+0048 "H" */
    0x5f, 0x20, 0x2, 0xf9, 0x0, 0x7f, 0xf5, 0xb7,
    0xfd, 0x40, 0x1a, 0xb3, 0x10, 0x1, 0x9c, 0xcc,
    0x40, 0x1f, 0xfd, 0x60,

    /* U+0049 "I" */
    0xda, 0x0, 0xff, 0xe5, 0x0,

    /* U+004A "J" */
    0x0, 0xe7, 0xf0, 0xf, 0xfe, 0xf1, 0x51, 0x0,
    0x72, 0xb0, 0x6, 0x20, 0x30, 0x6, 0x90, 0x2c,
    0x3c, 0xad, 0x5, 0x34, 0xbb, 0xc0,

    /* U+004B "K" */
    0x5f, 0x20, 0x5, 0x70, 0x80, 0x65, 0x55, 0x88,
    0x4, 0x36, 0xca, 0x1, 0xa8, 0xe4, 0x3, 0x52,
    0x48, 0x7, 0x38, 0x18, 0x7, 0x1a, 0xc8, 0x7,
    0x7c, 0xb, 0x0, 0x61, 0x24, 0x80, 0xf, 0x40,
    0xb0, 0x7, 0x1a, 0x58, 0x7, 0xa0, 0x98,

    /* U+004C "L" */
    0x4f, 0x30, 0xf, 0xff, 0xf8, 0x6, 0x54, 0x4c,
    0x20, 0x9, 0xbb, 0xca,

    /* U+004D "M" */
    0x7f, 0x90, 0x5, 0xfa, 0x80, 0x14, 0x0, 0xa0,
    0x18, 0x80, 0x2, 0x1, 0x8, 0xc6, 0x20, 0x11,
    0x92, 0xac, 0x1, 0x9c, 0xb8, 0xc0, 0x31, 0x79,
    0xf0, 0x6, 0xd5, 0x58, 0x3, 0x39, 0x89, 0x80,
    0x62, 0x2, 0x0, 0xf1, 0x30, 0x7, 0x9c, 0xc0,
    0x20,

    /* U+004E "N" */
    0x6f, 0x60, 0x2, 0xf9, 0x0, 0x28, 0x3, 0xe3,
    0x20, 0xf, 0x15, 0x80, 0x7a, 0x9c, 0x3, 0xcc,
    0x2a, 0x1, 0xe6, 0x90, 0xf, 0x51, 0x90, 0x7,
    0x19, 0x50, 0x7, 0xac, 0x80, 0x3c, 0xe0, 0x1f,
    0xa, 0x80, 0x0,

    /* U+004F "O" */
    0x0, 0x4f, 0xf4, 0x0, 0x54, 0xd3, 0x27, 0x80,
    0x25, 0x96, 0x76, 0x60, 0x38, 0x38, 0x3, 0x44,
    0x88, 0x2, 0x0, 0x60, 0x6f, 0x0, 0xf0, 0x80,
    0x7e, 0xf0, 0xf, 0x9, 0x0, 0x80, 0x18, 0x19,
    0x1, 0xc0, 0x1a, 0x24, 0x2b, 0x2c, 0xed, 0x20,
    0xa, 0x69, 0x93, 0xb8, 0x0,

    /* U+0050 "P" */
    0x3f, 0xfb, 0xa8, 0x40, 0x28, 0xb8, 0x7d, 0x0,
    0x8d, 0x1a, 0x4c, 0xc0, 0x1c, 0xa0, 0xc0, 0x1c,
    0x40, 0xc0, 0x18, 0xa0, 0x4c, 0x1, 0x7f, 0xab,
    0xa0, 0x14, 0xe6, 0xf1, 0x80, 0x44, 0x64, 0x1,
    0xff, 0xcf,

    /* U+0051 "Q" */
    0x0, 0x4f, 0xf4, 0x0, 0x54, 0xd3, 0x27, 0x80,
    0x25, 0x96, 0x76, 0x60, 0x38, 0x38, 0x3, 0x44,
    0x88, 0x2, 0x0, 0x60, 0x6f, 0x0, 0xf0, 0x80,
    0x7e, 0xf0, 0x9, 0xc4, 0x4, 0x80, 0x42, 0x20,
    0xc, 0x80, 0xe0, 0xe8, 0x24, 0x2b, 0x2c, 0x0,
    0x70, 0x5, 0x34, 0xb1, 0x28, 0x5, 0x3f, 0xdf,
    0xe0,

    /* U+0052 "R" */
    0x5f, 0xfb, 0xa4, 0x3, 0x55, 0xcb, 0x58, 0x4,
    0xe8, 0xf0, 0x82, 0x1, 0xc6, 0x6, 0x1, 0xc4,
    0x6, 0x1, 0x8e, 0xcc, 0x40, 0x1b, 0xf8, 0x1c,
    0x1, 0x55, 0x84, 0x10, 0x4, 0xe8, 0xb0, 0x1,
    0xe8, 0x24, 0x0, 0xe2, 0x48, 0x0, 0xf4, 0x1a,
    0x0,

    /* U+0053 "S" */
    0x0, 0x4f, 0x72, 0x40, 0x2a, 0x78, 0x66, 0x80,
    0xb, 0x6d, 0xb, 0x40, 0x40, 0x1a, 0x24, 0x8,
    0x96, 0x80, 0x4a, 0x0, 0xf2, 0xbc, 0x30, 0x8,
    0xb2, 0x87, 0x14, 0x3, 0x2e, 0xa5, 0x2, 0xe8,
    0x5, 0xe0, 0x62, 0x46, 0x0, 0x10, 0x24, 0x2e,
    0x56, 0xb4, 0x10, 0xf6, 0xb8, 0x7a, 0x0,

    /* U+0054 "T" */
    0x5f, 0xff, 0x12, 0x5d, 0x89, 0x2e, 0xc4, 0x28,
    0x80, 0x14, 0x40, 0x7, 0xff, 0xf4,

    /* U+0055 "U" */
    0x5f, 0x20, 0x2, 0x79, 0x80, 0x7f, 0xfb, 0x4,
    0x3, 0xc2, 0xc0, 0xc0, 0x3, 0x2, 0x21, 0xd2,
    0xb4, 0xa8, 0x3, 0x56, 0xe1, 0x2c, 0x0,

    /* U+0056 "V" */
    0xbb, 0x0, 0x6f, 0x7c, 0x40, 0x8, 0xc1, 0x10,
    0x6, 0x0, 0x40, 0x33, 0x2, 0x0, 0x31, 0x0,
    0x9, 0x80, 0x4, 0xc0, 0x6, 0x28, 0x18, 0x20,
    0x1, 0x44, 0x94, 0x4c, 0x0, 0x42, 0x98, 0x80,
    0x19, 0x31, 0x30, 0x3, 0x62, 0x8a, 0x0, 0x64,
    0x1, 0x20, 0xc, 0x42, 0x80, 0x10,

    /* U+0057 "W" */
    0xe7, 0xe, 0x90, 0xba, 0x2e, 0x1, 0x20, 0x62,
    0x63, 0x10, 0x60, 0x3e, 0x21, 0x23, 0x20, 0x12,
    0xe6, 0x68, 0x4c, 0x18, 0x8c, 0x8a, 0x50, 0x27,
    0x1d, 0xe6, 0xf0, 0x1, 0x3, 0x91, 0x10, 0x80,
    0x40, 0x9b, 0x89, 0x80, 0x4, 0x4, 0x40, 0x20,
    0x3, 0x8, 0x30, 0x70, 0x0, 0x88, 0x4, 0x4,
    0x0,

    /* U+0058 "X" */
    0x3f, 0x40, 0x4, 0x70, 0x1a, 0x70, 0x1, 0xa4,
    0x1, 0xea, 0x2a, 0x2c, 0x0, 0x42, 0x99, 0x30,
    0x80, 0x50, 0xe7, 0x60, 0x19, 0x45, 0x8, 0x3,
    0x18, 0xa8, 0x7, 0x4a, 0x3, 0x0, 0x44, 0xbe,
    0xd6, 0x1, 0x59, 0x24, 0x92, 0x80, 0xb5, 0x80,
    0xac, 0x84, 0x8b, 0x0, 0x24, 0xd0,

    /* U+0059 "Y" */
    0x8e, 0x0, 0x87, 0xd6, 0x45, 0x40, 0x12, 0x2a,
    0x2b, 0x20, 0x6, 0x90, 0x4, 0x99, 0x28, 0xb8,
    0x0, 0xd2, 0xe5, 0xc0, 0x37, 0xb1, 0xd0, 0x6,
    0x41, 0x42, 0x0, 0xe3, 0x10, 0xf, 0xfe, 0xb8,

    /* U+005A "Z" */
    0x1f, 0xff, 0x8, 0xae, 0xf2, 0x8, 0x81, 0x12,
    0x54, 0x80, 0xe, 0x82, 0x60, 0xc, 0x4d, 0x0,
    0x1d, 0x6, 0xa0, 0x18, 0x96, 0x0, 0x3a, 0x51,
    0x0, 0x18, 0xd2, 0x0, 0x3b, 0xd4, 0xc0, 0x32,
    0x1e, 0x22, 0x61, 0x30, 0x9b, 0xbc, 0xa0,

    /* U+005B "[" */
    0xdf, 0xf8, 0xe, 0xf7, 0x40, 0x7, 0x22, 0x0,
    0x7f, 0xfb, 0x73, 0xfc, 0x1f, 0xbb, 0x0,

    /* U+005C "\\" */
    0xe, 0x0, 0xf9, 0x14, 0x3, 0xdd, 0xc0, 0xf,
    0x23, 0x10, 0x7, 0x95, 0x40, 0x1e, 0xaa, 0x0,
    0x78, 0x84, 0xc0, 0x3d, 0x54, 0x0, 0xf3, 0x38,
    0x7, 0xc8, 0xa0, 0x1e, 0xee, 0x0, 0x79, 0x18,
    0x80, 0x3c, 0xaa, 0x0, 0xf5, 0x50, 0x0,

    /* U+005D "]" */
    0x3f, 0xfa, 0x8f, 0x75, 0x2, 0x4, 0x41, 0x0,
    0xff, 0xf6, 0x1f, 0xfa, 0x40, 0xf7, 0x6a,

    /* U+005E "^" */
    0x0, 0x27, 0xf0, 0x80, 0x6, 0x9d, 0x68, 0x1,
    0x4d, 0x16, 0xe,

    /* U+005F "_" */
    0xcc, 0xfa, 0xc0,

    /* U+0060 "`" */
    0x9f, 0x30, 0x95, 0xf0, 0x5, 0x3, 0x0,

    /* U+0061 "a" */
    0x1, 0xae, 0xe4, 0x80, 0x56, 0xf5, 0x47, 0x70,
    0x3, 0x39, 0x10, 0xba, 0x0, 0x65, 0xbe, 0x41,
    0x0, 0x6d, 0x9d, 0xb0, 0x1, 0xb, 0xe1, 0x4c,
    0x0, 0xc0, 0xe3, 0xa, 0x0, 0x28, 0xbf, 0x26,
    0x50,

    /* U+0062 "b" */
    0x4f, 0x0, 0xff, 0xea, 0x2f, 0x7c, 0x0, 0x68,
    0xa9, 0x76, 0x0, 0xa5, 0x19, 0x96, 0x1, 0x20,
    0x3, 0x8, 0x3, 0xfe, 0x40, 0x6, 0x90, 0x5,
    0x28, 0xcf, 0x40, 0x15, 0xd4, 0x3b, 0x80,

    /* U+0063 "c" */
    0x0, 0x57, 0xf4, 0x80, 0x56, 0xf5, 0x6f, 0x20,
    0x69, 0xca, 0xab, 0x0, 0x30, 0x18, 0x1, 0x64,
    0x3, 0xc2, 0x60, 0xc0, 0x60, 0x7, 0xc0, 0x34,
    0xe5, 0x55, 0xb0, 0x2, 0xde, 0xad, 0x24, 0x0,

    /* U+0064 "d" */
    0x0, 0xe6, 0xe0, 0xf, 0xfe, 0x51, 0x5f, 0xe7,
    0x0, 0x39, 0xae, 0xce, 0x6, 0x6e, 0x47, 0x50,
    0x60, 0x30, 0x6, 0x81, 0x80, 0x61, 0x5, 0x2,
    0x0, 0x78, 0x19, 0x49, 0x2b, 0x0, 0x3c, 0x36,
    0x58, 0x0,

    /* U+0065 "e" */
    0x0, 0x4f, 0x72, 0x0, 0x2a, 0x4d, 0xa6, 0x80,
    0x25, 0x93, 0x46, 0x60, 0x30, 0x5f, 0xf9, 0xc4,
    0x2, 0xdd, 0xe0, 0x60, 0x12, 0x20, 0xc0, 0x12,
    0xf2, 0xa7, 0x8, 0x2, 0x92, 0xe9, 0x28, 0x0,

    /* U+0066 "f" */
    0x0, 0x93, 0x7f, 0x44, 0x2, 0xb5, 0xbb, 0x0,
    0x44, 0x12, 0x8c, 0x20, 0x1, 0x0, 0xe5, 0xfc,
    0xe, 0xfa, 0x5, 0xec, 0xe, 0xe5, 0x0, 0x4,
    0x2, 0x10, 0xf, 0xfe, 0xf0,

    /* U+0067 "g" */
    0x0, 0xff, 0x57, 0xeb, 0xeb, 0x4, 0x36, 0x2c,
    0x7b, 0x82, 0x59, 0xc8, 0x0, 0x41, 0x70, 0x1c,
    0x8, 0x1, 0x89, 0xf3, 0x40, 0x15, 0x76, 0xfa,
    0x80, 0x43, 0x2, 0x62, 0x1, 0x33, 0x33, 0x1d,
    0x60, 0x8d, 0xdf, 0xeb, 0x41, 0x47, 0xff, 0x74,
    0x48, 0x80,

    /* U+0068 "h" */
    0x2f, 0x20, 0xf, 0xfe, 0x78, 0xdf, 0xe9, 0x80,
    0x3b, 0x35, 0xbc, 0x0, 0x8e, 0x5e, 0x60, 0xd,
    0x0, 0xf3, 0x0, 0x7f, 0xf3, 0x40,

    /* U+0069 "i" */
    0xc8, 0x5e, 0x96, 0x0, 0x64, 0x0, 0x7f, 0xf0,
    0x80,

    /* U+006A "j" */
    0x0, 0xa3, 0x0, 0x2e, 0x50, 0x9, 0xa4, 0x3,
    0xf4, 0x60, 0x7, 0xff, 0x59, 0xd5, 0x48, 0xa6,
    0x6a, 0xb7, 0x80,

    /* U+006B "k" */
    0x1f, 0x30, 0xf, 0xfe, 0xa9, 0x7b, 0x0, 0x61,
    0xc7, 0x60, 0xd, 0x89, 0x0, 0x1b, 0x8d, 0xc0,
    0x38, 0x7c, 0xd8, 0x3, 0x78, 0xc4, 0x0, 0x3c,
    0xc0, 0xe0, 0x1e, 0x88, 0x8,

    /* U+006C "l" */
    0xb9, 0x0, 0xff, 0xe5, 0x0,

    /* U+006D "m" */
    0xc9, 0xde, 0x5d, 0xe3, 0x7, 0x93, 0xa9, 0x2a,
    0x7, 0x46, 0x54, 0x63, 0x1, 0x0, 0x18, 0x7,
    0xff, 0x5c,

    /* U+006E "n" */
    0x2f, 0x3b, 0xfd, 0x30, 0x6, 0xf7, 0xbf, 0x80,
    0x19, 0x43, 0x8c, 0x1, 0x60, 0x1e, 0x10, 0xf,
    0xfe, 0x68,

    /* U+006F "o" */
    0x0, 0x4f, 0xf4, 0x0, 0x54, 0xf5, 0x6d, 0x0,
    0x4b, 0x4a, 0xa8, 0x71, 0x70, 0x40, 0x2, 0x1,
    0x0, 0x7e, 0x70, 0x30, 0x3, 0x81, 0x11, 0x79,
    0x55, 0x6e, 0x21, 0x49, 0x56, 0xd0, 0x0,

    /* U+0070 "p" */
    0x4f, 0x7e, 0xe4, 0x0, 0x6b, 0xca, 0x67, 0x0,
    0xbc, 0x91, 0xa8, 0x2, 0x30, 0x6, 0x90, 0x4,
    0x20, 0x1f, 0x28, 0x3, 0x8, 0x2, 0x94, 0x66,
    0x58, 0x5, 0x15, 0x2e, 0xc0, 0x12, 0xf7, 0xc0,
    0x7, 0xf8,

    /* U+0071 "q" */
    0x1, 0xbf, 0xc8, 0xe0, 0xc7, 0xbb, 0x38, 0x19,
    0x72, 0x3a, 0x82, 0x81, 0x0, 0x30, 0xc, 0x3,
    0xcc, 0x6, 0x0, 0xc0, 0x33, 0x7a, 0x3a, 0x80,
    0x38, 0x2e, 0xce, 0x0, 0x2c, 0xfc, 0xe0, 0xf,
    0xc0,

    /* U+0072 "r" */
    0x6e, 0x8, 0xe3, 0x0, 0x59, 0xc1, 0x0, 0x8a,
    0xd8, 0x40, 0x16, 0x1, 0x84, 0x40, 0x1f, 0xfc,
    0x90,

    /* U+0073 "s" */
    0x1a, 0xee, 0x50, 0x5b, 0x6d, 0x3c, 0x32, 0x9a,
    0x7d, 0x51, 0xb2, 0x18, 0x9b, 0x6c, 0xed, 0xe0,
    0x1e, 0xde, 0x8e, 0x4c, 0xc8, 0xd4, 0x3b, 0x8f,
    0x40,

    /* U+0074 "t" */
    0x0, 0x1b, 0x0, 0x72, 0x58, 0x7, 0xfa, 0x7e,
    0xb, 0xfc, 0xd3, 0xd0, 0x5d, 0xc6, 0x1, 0x0,
    0x8, 0x80, 0x3f, 0xf8, 0xa2, 0x1, 0xe5, 0x25,
    0x46, 0x0, 0x1c, 0xdd, 0xb4,

    /* U+0075 "u" */
    0x2f, 0x20, 0x2, 0x78, 0x7, 0xff, 0x38, 0x40,
    0xc0, 0x37, 0x80, 0x8a, 0x81, 0x90, 0x1, 0x4d,
    0xf9, 0x60,

    /* U+0076 "v" */
    0x4f, 0x0, 0x93, 0xc1, 0x5, 0x40, 0x1a, 0x80,
    0x7, 0xf0, 0x3, 0xf0, 0x3, 0x54, 0xc, 0x54,
    0x0, 0x80, 0x96, 0x80, 0x19, 0x75, 0x74, 0x3,
    0x73, 0x13, 0x80, 0x64, 0x4, 0x10, 0x0,

    /* U+0077 "w" */
    0xd7, 0xe, 0xa0, 0xb9, 0x7e, 0x1, 0x60, 0x6f,
    0xd5, 0x34, 0x20, 0x25, 0x32, 0x53, 0x24, 0x3,
    0x51, 0xfe, 0x6d, 0x30, 0x12, 0x75, 0xd7, 0x50,
    0x3, 0x89, 0x98, 0x7c, 0x1, 0xa2, 0xc, 0xa,
    0x0,

    /* U+0078 "x" */
    0xe, 0x80, 0x6, 0x58, 0x2, 0xdc, 0x54, 0xe4,
    0x0, 0xa9, 0x11, 0x10, 0x5, 0x2c, 0xe, 0x1,
    0x84, 0xc, 0x40, 0x37, 0x39, 0x40, 0x4, 0xe7,
    0x1e, 0xc6, 0x5, 0x16, 0x6, 0xdc, 0x0,

    /* U+0079 "y" */
    0x5f, 0x10, 0x2, 0x78, 0xa8, 0x38, 0x3, 0x50,
    0x41, 0xb4, 0x0, 0xfc, 0x0, 0xd4, 0x14, 0x15,
    0x0, 0x20, 0xbe, 0xa8, 0x6, 0x6a, 0x7e, 0x0,
    0xd6, 0x60, 0x80, 0x18, 0xc9, 0xc0, 0x32, 0x29,
    0x50, 0x6, 0xea, 0x73, 0x0, 0x80,

    /* U+007A "z" */
    0xe, 0xff, 0xd4, 0x1d, 0xd5, 0x87, 0x0, 0x4,
    0x52, 0xc8, 0x1, 0x50, 0x48, 0x4, 0xaa, 0xf0,
    0x8, 0xaa, 0x48, 0x2, 0xe4, 0x71, 0x10, 0x11,
    0xa7, 0x75, 0xe0,

    /* U+007B "{" */
    0x2, 0xdb, 0xb, 0x6b, 0x3, 0x10, 0xf, 0xf8,
    0xc0, 0x2, 0x20, 0x64, 0xb0, 0x63, 0xb0, 0x3,
    0x8, 0x4, 0x60, 0x1f, 0xe3, 0x10, 0x5, 0x35,
    0x80,

    /* U+007C "|" */
    0xb9, 0x0, 0xff, 0xea, 0x0,

    /* U+007D "}" */
    0xd, 0xc1, 0x0, 0x69, 0x38, 0x4, 0x62, 0x1,
    0xff, 0xc1, 0x10, 0xc, 0xfc, 0x1, 0x6b, 0x18,
    0x3, 0x58, 0xc0, 0xf, 0xc0, 0x10, 0x80, 0x7f,
    0xf0, 0x8c, 0x40, 0x1a, 0x4e, 0x0,

    /* U+007E "~" */
    0x0, 0xfe, 0x3f, 0xb0, 0x3, 0x88, 0x7c, 0x86,
    0x24, 0x88, 0x2b, 0x5b, 0xdc, 0x80, 0x24, 0x1,
    0x78, 0xe0,

    /* U+00B0 "°" */
    0x7, 0x70, 0x51, 0x94, 0x2, 0x29, 0x11, 0xe7,
    0x21, 0x29, 0x80,

    /* U+4E0D "不" */
    0x0, 0xff, 0xe2, 0x5f, 0xff, 0xff, 0x4, 0x2b,
    0x77, 0xa4, 0x33, 0x77, 0x80, 0x48, 0xba, 0xdc,
    0xc8, 0xb8, 0x3, 0xd2, 0x58, 0x1, 0xff, 0x33,
    0x80, 0x17, 0x44, 0x3, 0xe6, 0x9d, 0x0, 0x2b,
    0x79, 0x0, 0x74, 0x4d, 0x98, 0x5, 0x6b, 0x86,
    0x0, 0x2c, 0x6c, 0x40, 0xe, 0xb2, 0xc3, 0xe,
    0x7f, 0x30, 0xf, 0xb0, 0xdc, 0x32, 0xc4, 0x3,
    0xfb, 0x10, 0x3, 0xff, 0xc2,

    /* U+4E0E "与" */
    0x0, 0x8, 0x80, 0x3f, 0xf8, 0x13, 0xe0, 0x1f,
    0xfc, 0x1, 0x40, 0xf, 0xfe, 0x1, 0x2f, 0x77,
    0xef, 0x50, 0x3, 0x46, 0x67, 0xf2, 0x0, 0x8,
    0xc8, 0xbf, 0x18, 0x81, 0x3, 0x0, 0x7f, 0xcc,
    0x1b, 0xff, 0xfb, 0x80, 0x9, 0xff, 0xfd, 0x4,
    0x1, 0xff, 0xc0, 0xe7, 0x4, 0x41, 0x9f, 0xc8,
    0x6, 0x41, 0x35, 0xbb, 0xf5, 0xb, 0x70, 0x6f,
    0x77, 0xf0, 0x91, 0x0, 0x3f, 0xe1, 0x13, 0x0,
    0x7f, 0x56, 0x71, 0x18, 0x7, 0xf7, 0xa5, 0x68,
    0x0,

    /* U+4E24 "两" */
    0x0, 0xff, 0xe1, 0xdf, 0xff, 0xff, 0x4, 0x6f,
    0xfe, 0xd0, 0xff, 0x50, 0xff, 0xe1, 0x0, 0xc2,
    0x1, 0x8c, 0x3, 0x93, 0xfe, 0xc0, 0xff, 0x51,
    0x7f, 0xc8, 0x1, 0x77, 0x1d, 0x3b, 0x8a, 0xae,
    0xe0, 0x80, 0x61, 0x11, 0x98, 0x44, 0xd8, 0x22,
    0x0, 0xf0, 0xa3, 0xa8, 0x9e, 0x80, 0x7e, 0xb4,
    0xab, 0x91, 0xd, 0x10, 0xe, 0x55, 0x4a, 0xe3,
    0x4d, 0xb4, 0x80, 0x72, 0x51, 0x4, 0x9b, 0x85,
    0xc0, 0x7, 0xa, 0x80, 0x23, 0x80, 0x30, 0x80,
    0x7e, 0x33, 0x0, 0xb4, 0x3, 0x80, 0x7f, 0x86,
    0x95, 0xcc, 0x0,

    /* U+4EAE "亮" */
    0x0, 0xf2, 0x80, 0x7f, 0xf0, 0x4a, 0x94, 0x3,
    0xe8, 0xfe, 0xeb, 0x2, 0xbb, 0xb7, 0xc0, 0x4e,
    0xff, 0xee, 0xe7, 0xfe, 0xd9, 0x1, 0x25, 0xaa,
    0xfc, 0x44, 0x10, 0x8, 0x52, 0x67, 0xbd, 0x1c,
    0x3, 0x8c, 0x26, 0x7a, 0x0, 0x3e, 0x7d, 0x99,
    0xee, 0xd4, 0x0, 0x91, 0xa, 0xcd, 0xf9, 0x12,
    0xb, 0x9f, 0xff, 0xf4, 0xd0, 0x2, 0xee, 0x99,
    0xeb, 0xbc, 0x0, 0xe6, 0x0, 0x67, 0xcc, 0xb5,
    0x80, 0xd, 0xc0, 0x20, 0x1, 0x14, 0x5d, 0x84,
    0x2, 0x10, 0xc, 0x9a, 0x4a, 0x1, 0x70, 0x1,
    0xb8, 0xb, 0xed, 0xfc, 0x2, 0x47, 0xff, 0x44,
    0x81, 0x5f, 0x59, 0x0, 0x55, 0xff, 0x9c, 0x0,

    /* U+4F20 "传" */
    0x0, 0xfc, 0x24, 0x1, 0xf8, 0xb4, 0x80, 0xf,
    0x80, 0x1f, 0xa8, 0x8, 0x1, 0xc8, 0x1, 0xf9,
    0xa9, 0xf3, 0xc, 0x99, 0x96, 0x88, 0x1, 0xc5,
    0x55, 0xfe, 0x9, 0xff, 0xa4, 0x40, 0x64, 0x0,
    0x46, 0x61, 0x53, 0x39, 0x0, 0x16, 0x60, 0xfd,
    0xba, 0xf, 0xdd, 0xd8, 0x8b, 0x20, 0xfb, 0xea,
    0x7f, 0xfd, 0xc9, 0x2a, 0x0, 0x32, 0x34, 0x22,
    0xf0, 0x30, 0x7, 0x23, 0xff, 0xe5, 0x0, 0xfd,
    0xdd, 0x9c, 0x94, 0x3, 0xf0, 0xa8, 0x89, 0xac,
    0x3, 0xf9, 0x2f, 0x68, 0x18, 0x3, 0xf9, 0x39,
    0x54, 0xa, 0x1, 0x8c, 0x3, 0x86, 0x35, 0x28,
    0xc0, 0x22, 0xf2, 0x0, 0xe2, 0xad, 0x30,

    /* U+4F4E "低" */
    0x0, 0xff, 0xe3, 0xbe, 0x0, 0x7c, 0x64, 0x1,
    0xd8, 0xa2, 0xac, 0xf3, 0x7d, 0x92, 0x1, 0x85,
    0x28, 0xab, 0xfc, 0xb, 0x9f, 0x60, 0x19, 0x80,
    0xc0, 0x13, 0x14, 0x4, 0x1, 0xe9, 0x0, 0xff,
    0xe1, 0x38, 0x7, 0x8, 0x80, 0x46, 0x21, 0x2,
    0x89, 0x0, 0xdf, 0xed, 0xf, 0xf6, 0x40, 0x14,
    0x20, 0x6, 0xee, 0x87, 0x7b, 0x92, 0x0, 0x70,
    0xf, 0xc4, 0xc0, 0x1f, 0xfc, 0x25, 0xd0, 0xf,
    0xfe, 0x4, 0x16, 0x28, 0x7, 0xfd, 0xc, 0xa,
    0x48, 0xa, 0x1, 0xe7, 0x6, 0x91, 0x6, 0x90,
    0xa3, 0x0, 0xe1, 0x16, 0x7e, 0x8c, 0x87, 0x9,
    0x80, 0x72, 0xf9, 0x42, 0x10, 0x63, 0x68, 0x0,

    /* U+4F9D "依" */
    0x0, 0xd2, 0x20, 0x14, 0x90, 0x7, 0xe6, 0x71,
    0x0, 0x9d, 0x40, 0x3f, 0x53, 0x2a, 0xe2, 0xa5,
    0x5c, 0x1, 0x21, 0xde, 0x77, 0x24, 0xdb, 0xbb,
    0x0, 0x50, 0x0, 0x9b, 0xb8, 0xae, 0xf8, 0x0,
    0xa6, 0x1, 0xd4, 0x94, 0x0, 0x51, 0x1, 0xb8,
    0x0, 0xcc, 0x56, 0xa2, 0x95, 0x20, 0x4, 0x70,
    0x8, 0xa0, 0x48, 0xea, 0xe2, 0x0, 0x34, 0x1,
    0xf, 0x80, 0x54, 0x96, 0xe0, 0x1e, 0x6f, 0x1b,
    0x0, 0x30, 0x88, 0x3, 0xe1, 0x7c, 0x0, 0xd1,
    0x0, 0xf, 0x9e, 0x40, 0x24, 0xb6, 0xb, 0x0,
    0xfe, 0x31, 0xbd, 0xf, 0x5c, 0x0, 0xfc, 0x25,
    0x8c, 0x5, 0x90, 0x1, 0xbc, 0xc0, 0xf, 0xa6,
    0x1, 0x12, 0x0,

    /* U+503C "值" */
    0x0, 0xc2, 0x1, 0x84, 0x3, 0xf8, 0xf8, 0xc0,
    0x2f, 0x80, 0x0, 0x80, 0x74, 0xad, 0xff, 0xc2,
    0xff, 0xee, 0x90, 0x8, 0xd6, 0x63, 0xfe, 0xb,
    0xff, 0xa4, 0x2, 0xe0, 0x10, 0x4e, 0xe0, 0x57,
    0x70, 0xc0, 0x29, 0x30, 0xe, 0xef, 0xee, 0x0,
    0x62, 0x6b, 0x0, 0xc3, 0xbb, 0x84, 0x2, 0x2d,
    0x40, 0xc, 0x39, 0x98, 0x40, 0x31, 0x0, 0x70,
    0xee, 0xe1, 0x0, 0xff, 0xf, 0x76, 0x10, 0xf,
    0xf0, 0xcc, 0xe1, 0x0, 0xff, 0xc, 0x46, 0x10,
    0xf, 0xc6, 0x40, 0x23, 0x81, 0x8c, 0x3, 0x87,
    0x6c, 0xff, 0xf1, 0xc6, 0x80,

    /* U+50CF "像" */
    0x0, 0x84, 0x3, 0x10, 0x7, 0xfa, 0x74, 0x0,
    0xfa, 0x40, 0x1f, 0xc8, 0xa0, 0x50, 0x51, 0x54,
    0x20, 0xe, 0x23, 0xa1, 0xc5, 0xe9, 0x27, 0x20,
    0xe, 0xa1, 0xc, 0x11, 0x44, 0x18, 0x2e, 0xc4,
    0x1, 0x30, 0x12, 0x8f, 0x48, 0x37, 0xca, 0x88,
    0x2, 0x0, 0x28, 0x6, 0x26, 0xc2, 0x20, 0x4,
    0x2f, 0x0, 0x11, 0x77, 0x94, 0xee, 0x8c, 0x0,
    0x38, 0x80, 0x17, 0x38, 0x36, 0xe9, 0x78, 0xc0,
    0x6, 0x1, 0x5e, 0x6c, 0x34, 0x6a, 0x0, 0x7e,
    0x8c, 0xec, 0xa7, 0x56, 0x30, 0xf, 0xab, 0x3f,
    0xd6, 0x38, 0xea, 0x1, 0xf6, 0xe7, 0xce, 0xa8,
    0xf5, 0xb8, 0x7, 0xb3, 0x3, 0xa6, 0xa2, 0x7a,
    0x60, 0x10, 0x88, 0x27, 0xe1, 0xbd, 0x50, 0xd,
    0x0, 0x23, 0xf0, 0x11, 0x3, 0xe5, 0x80, 0x70,

    /* U+5149 "光" */
    0x0, 0xfa, 0xb0, 0x3, 0xfc, 0x20, 0x19, 0xc0,
    0x25, 0x0, 0xe2, 0xe5, 0x0, 0xf2, 0x53, 0x0,
    0x62, 0x4a, 0x10, 0xe, 0x95, 0x60, 0xe, 0x90,
    0x90, 0xc, 0xe7, 0x60, 0x1e, 0x2c, 0x80, 0xc,
    0xfe, 0x20, 0x10, 0xff, 0xd9, 0xfe, 0x54, 0xff,
    0x77, 0xfc, 0x43, 0xbd, 0xd4, 0x8f, 0x60, 0x67,
    0x75, 0xa4, 0x4, 0x23, 0x8c, 0x44, 0x2, 0x38,
    0x80, 0x3d, 0x8e, 0x1, 0xff, 0xc1, 0x24, 0xf0,
    0xf, 0xfe, 0x0, 0xf9, 0xa8, 0x7, 0x96, 0x84,
    0x5, 0xf8, 0x34, 0x0, 0x60, 0x82, 0x5e, 0x82,
    0x5d, 0xf, 0xa2, 0x0, 0x14, 0x9e, 0xd4, 0xb0,
    0x2b, 0xe8, 0x0, 0xeb, 0xff, 0xb9, 0x40,

    /* U+5165 "入" */
    0x0, 0xe8, 0x10, 0xf, 0xfe, 0x9, 0xb6, 0x8,
    0x7, 0xff, 0x0, 0xfc, 0x30, 0x40, 0x3f, 0xf8,
    0x3, 0x87, 0x60, 0x1f, 0xfc, 0x11, 0x55, 0x10,
    0x7, 0xff, 0x0, 0x90, 0xa0, 0x3, 0xff, 0x81,
    0x9, 0xa, 0x20, 0x1f, 0xe3, 0x5f, 0x51, 0x90,
    0xf, 0xf7, 0xa2, 0x2, 0x5c, 0x40, 0x3f, 0x41,
    0xc8, 0x1, 0xc6, 0x80, 0x3e, 0x57, 0x92, 0x0,
    0xa1, 0x28, 0x3, 0x9a, 0x9d, 0x80, 0x33, 0x31,
    0x70, 0x80, 0x6a, 0x5a, 0x0, 0x3d, 0x2c, 0x78,
    0x22, 0x68, 0x90, 0xf, 0xd3, 0x16, 0x21, 0x8e,
    0x1, 0xfe, 0x75, 0x0,

    /* U+5173 "关" */
    0x0, 0xff, 0xe2, 0xc3, 0x80, 0x47, 0xa4, 0x1,
    0xed, 0x83, 0x0, 0x50, 0x10, 0x7, 0x95, 0x14,
    0x0, 0xd0, 0x1, 0xd9, 0x93, 0xd6, 0x68, 0x4e,
    0x62, 0x0, 0x13, 0x11, 0x8a, 0xae, 0x22, 0xb0,
    0x2, 0xa2, 0x60, 0x34, 0x4c, 0x60, 0x1f, 0xfc,
    0x31, 0x1f, 0x1, 0x17, 0x18, 0xdf, 0xff, 0xc,
    0xe6, 0x6d, 0x6a, 0xee, 0xd6, 0x3, 0xfd, 0xd9,
    0xc0, 0x30, 0xc3, 0xae, 0x88, 0x7, 0xc3, 0xa3,
    0x14, 0x38, 0x60, 0x1c, 0xde, 0xfa, 0x3, 0x83,
    0x96, 0xa2, 0xfd, 0x10, 0xb1, 0x0, 0xe, 0x42,
    0xd3, 0x2c, 0xf3, 0x0, 0x79, 0xfa, 0x9c,

    /* U+51FA "出" */
    0x0, 0xf7, 0xa8, 0x7, 0x84, 0x40, 0x10, 0x88,
    0x2, 0x10, 0x4, 0x58, 0x7, 0xee, 0x40, 0x1,
    0x80, 0x7e, 0x10, 0xf, 0xfe, 0x21, 0x91, 0x40,
    0x45, 0x80, 0x21, 0x4c, 0xc8, 0x63, 0x32, 0x0,
    0xa7, 0xbb, 0xd, 0x77, 0x64, 0x47, 0x0, 0x7f,
    0x36, 0x80, 0x7f, 0xc6, 0x1, 0xff, 0xd1, 0xcc,
    0xc3, 0x39, 0x94, 0x2, 0xdc, 0x46, 0xb9, 0x88,
    0x94, 0x5, 0x13, 0xfd, 0xa0,

    /* U+5207 "切" */
    0x0, 0xf, 0x88, 0xa, 0x19, 0xf8, 0x40, 0x3c,
    0x93, 0xf9, 0xbf, 0xed, 0x90, 0xf, 0x2e, 0xe1,
    0xce, 0x61, 0x7c, 0x3, 0x88, 0xc0, 0x3c, 0xe2,
    0x57, 0x81, 0xd9, 0x40, 0x1, 0x10, 0x6, 0x3c,
    0x80, 0xee, 0x48, 0x0, 0xcc, 0x0, 0x13, 0x17,
    0x40, 0xf, 0xb, 0x80, 0xc, 0x40, 0x3f, 0x20,
    0x10, 0x0, 0x40, 0x3c, 0xd8, 0x1c, 0xa0, 0x19,
    0xc0, 0x35, 0x44, 0x92, 0xf0, 0x6, 0x10, 0x3,
    0x0, 0xfa, 0xc9, 0xa0, 0x0, 0x40, 0xc0, 0xd,
    0x34, 0x34, 0xba, 0x0, 0x16, 0x1, 0x0, 0xb,
    0x6, 0x26, 0x88, 0x2f, 0x42, 0x0, 0x7a, 0x34,
    0xc0, 0xb, 0x39, 0x60,

    /* U+5219 "则" */
    0x0, 0xff, 0xe0, 0xfa, 0x83, 0x7f, 0xf9, 0x40,
    0x40, 0x2, 0x1, 0xf, 0x76, 0x10, 0x7, 0xb0,
    0x7, 0x86, 0x10, 0x40, 0x23, 0x0, 0xfc, 0xfa,
    0x1, 0xff, 0xc1, 0x3e, 0x0, 0xff, 0xe8, 0x19,
    0x80, 0x3f, 0xf8, 0x22, 0x20, 0xf, 0xf8, 0xcc,
    0xa, 0x4, 0x0, 0x30, 0xe, 0x6d, 0xa3, 0x2,
    0xc5, 0x0, 0xfc, 0x6d, 0x2d, 0xac, 0x0, 0xe6,
    0x0, 0xc9, 0xa8, 0xaf, 0x32, 0x80, 0xc, 0x20,
    0x34, 0xb6, 0x0, 0x6b, 0xb0, 0x1, 0xb4, 0x18,
    0x7e, 0xc0, 0x32, 0x18, 0x1, 0x11, 0x46,

    /* U+5236 "制" */
    0x0, 0xde, 0xe0, 0x1f, 0x6a, 0x84, 0x58, 0x8,
    0x80, 0x3e, 0x30, 0x2, 0xbb, 0xe, 0x33, 0x41,
    0x88, 0x1, 0x21, 0x2f, 0x83, 0x7f, 0xc0, 0x40,
    0x1c, 0xf3, 0x21, 0xa9, 0x98, 0x3, 0xc4, 0x33,
    0x21, 0xd9, 0x98, 0x80, 0x38, 0xbf, 0xe0, 0x1f,
    0xf8, 0xc0, 0x39, 0x19, 0xa1, 0xc6, 0x68, 0x40,
    0x3d, 0xbd, 0xc1, 0x8e, 0xe8, 0x3, 0xe3, 0x8f,
    0x19, 0xfb, 0x10, 0x10, 0xf, 0x18, 0x80, 0x8c,
    0x1, 0xff, 0xc1, 0x3e, 0x0, 0x7a, 0x0, 0x61,
    0x0, 0xcc, 0x8e, 0x1, 0x8, 0xc1, 0xea, 0x2,
    0xb, 0xd0, 0x0, 0x8f, 0x55, 0x0, 0x6f, 0x60,
    0xe, 0x8e, 0xa1,

    /* U+52A8 "动" */
    0x0, 0xff, 0x3a, 0x80, 0x7f, 0xf0, 0xb3, 0x0,
    0x1c, 0xbb, 0xbb, 0x90, 0x2, 0xe0, 0xe, 0x49,
    0xee, 0xa9, 0x88, 0x81, 0xc4, 0x50, 0x0, 0x50,
    0xce, 0x44, 0x6e, 0x23, 0x66, 0x34, 0x85, 0x13,
    0xc5, 0xfc, 0x91, 0xde, 0x4, 0x4f, 0xf5, 0x53,
    0xfe, 0x0, 0x38, 0x81, 0x80, 0xe, 0xec, 0x77,
    0x78, 0x0, 0x44, 0x1, 0x0, 0xc6, 0x65, 0x48,
    0x0, 0x85, 0x81, 0xc4, 0x2, 0x96, 0x6, 0x73,
    0x3, 0x2, 0x0, 0xe3, 0x59, 0x16, 0x2f, 0xb,
    0x40, 0x0, 0x98, 0x3, 0x83, 0xb9, 0xe, 0x6a,
    0xdc, 0x0, 0x31, 0x0, 0x4d, 0x6f, 0xe5, 0x53,
    0x89, 0x40, 0x1c, 0xe0, 0x4, 0x52, 0x0, 0xbd,
    0x38, 0x22, 0xdf, 0x0, 0x3f, 0x1d, 0x90, 0x69,
    0xdb, 0x80,

    /* U+52A9 "助" */
    0x0, 0xff, 0xe6, 0xf, 0xb0, 0x6, 0x2e, 0xee,
    0x0, 0xc6, 0x1, 0xc3, 0x9f, 0x2, 0x1, 0x84,
    0x3, 0xc6, 0x26, 0x0, 0x89, 0xe, 0x88, 0x20,
    0x4, 0x62, 0x60, 0x3, 0x30, 0x31, 0xb6, 0x0,
    0x5f, 0x90, 0x0, 0xba, 0xf, 0xb2, 0xf0, 0xb,
    0x36, 0xc0, 0x23, 0x2, 0x1, 0x10, 0x7, 0xf3,
    0x0, 0x80, 0xc, 0x2, 0xef, 0xa0, 0x8, 0xc8,
    0x0, 0x62, 0x1, 0x77, 0xd0, 0x5, 0xae, 0x0,
    0x17, 0x0, 0xf8, 0x81, 0x7c, 0x2, 0x10, 0x9,
    0xa6, 0x2, 0x1c, 0x54, 0x4, 0xc, 0xda, 0x14,
    0x33, 0xfd, 0x16, 0xf, 0x60, 0x27, 0x1d, 0xb0,
    0x83, 0x2a, 0xa0, 0xd7, 0x90, 0x3, 0x88, 0x4,
    0x3b, 0x40, 0xa, 0xd6, 0x0,

    /* U+538B "压" */
    0x0, 0xff, 0xe2, 0xff, 0xff, 0xf0, 0x8, 0x0,
    0x31, 0xbb, 0x96, 0xb7, 0x71, 0x0, 0xc, 0x48,
    0xb2, 0x89, 0x16, 0x0, 0xff, 0xeb, 0xcf, 0xfc,
    0x17, 0xff, 0x38, 0x7, 0x55, 0xdc, 0x11, 0x76,
    0xa5, 0x0, 0x8c, 0xe4, 0x48, 0xd, 0x85, 0x48,
    0x2, 0x11, 0x0, 0x79, 0xe8, 0x80, 0x22, 0x5,
    0x0, 0xf2, 0x9c, 0x80, 0x4a, 0x22, 0x0, 0xfb,
    0xe8, 0x2, 0xa7, 0x24, 0x33, 0x80, 0xcc, 0x4,
    0x82, 0xc5, 0x57, 0x6c, 0xc8, 0x23, 0x32, 0xb7,
    0x47, 0x39, 0xff, 0xff, 0x30,

    /* U+53C2 "参" */
    0x0, 0xff, 0xe5, 0x2d, 0x88, 0x7, 0xff, 0x1,
    0x2b, 0x6, 0x5c, 0x3, 0xf9, 0x6a, 0xdc, 0x36,
    0x6c, 0x40, 0x3d, 0x14, 0x13, 0xbd, 0x40, 0x98,
    0x20, 0x1d, 0x57, 0xac, 0xce, 0xed, 0x62, 0x0,
    0x1f, 0xf6, 0xde, 0x22, 0x3f, 0xee, 0x9f, 0xd0,
    0x1e, 0xe7, 0xd0, 0x57, 0xe6, 0x6, 0x7f, 0xd8,
    0x0, 0x13, 0xab, 0xc4, 0x8c, 0x5d, 0x89, 0x11,
    0x0, 0xd6, 0x84, 0x4f, 0x1e, 0x2d, 0xe1, 0x75,
    0x8, 0xbb, 0x6b, 0x76, 0xaa, 0x61, 0x1d, 0x53,
    0xc4, 0x10, 0x86, 0x6, 0x78, 0xf6, 0xed, 0xe8,
    0xa0, 0x19, 0xb7, 0x37, 0xa9, 0x7d, 0xa8, 0x40,
    0x39, 0xfa, 0xe, 0xff, 0x2b, 0x10, 0x3, 0x97,
    0x7f, 0x7b, 0x3a, 0xd0, 0x3, 0xe5, 0x9d, 0xfb,
    0x61, 0x0, 0xf8,

    /* U+53CD "反" */
    0x0, 0xfe, 0x13, 0x69, 0x20, 0xd, 0x79, 0x8d,
    0xef, 0xed, 0xb5, 0x40, 0xc, 0xb7, 0xfd, 0x9d,
    0xfd, 0xb8, 0xc0, 0x1c, 0x46, 0x62, 0x10, 0xf,
    0xf1, 0x91, 0x7e, 0x0, 0xe1, 0x9d, 0xdf, 0xc4,
    0x1, 0xd6, 0x8d, 0xff, 0x94, 0xc8, 0x2, 0x10,
    0x6e, 0x60, 0x8, 0x56, 0x40, 0x32, 0x81, 0x29,
    0x40, 0x2, 0x9, 0x40, 0x36, 0x8, 0x2, 0x5c,
    0xd1, 0xa4, 0x3, 0x91, 0x0, 0x4, 0x7d, 0xa6,
    0x40, 0xc, 0x47, 0xc0, 0x16, 0x8, 0xb0, 0x3,
    0xa4, 0x90, 0x12, 0xec, 0xee, 0xac, 0x61, 0x1,
    0x68, 0x9e, 0xb2, 0xd8, 0x86, 0xb4, 0xf3, 0xe,
    0xae, 0xc7, 0x49, 0x0, 0xa, 0xba, 0x98,

    /* U+53EF "可" */
    0x5f, 0xee, 0xff, 0xe0, 0x6a, 0x66, 0x7f, 0x81,
    0xb3, 0xc4, 0xc8, 0xbf, 0x83, 0xc8, 0x80, 0x1,
    0xff, 0xee, 0x0, 0xff, 0x67, 0x72, 0x44, 0x3,
    0xfc, 0x23, 0x18, 0x7, 0xff, 0x38, 0x46, 0x30,
    0xf, 0xfb, 0x3b, 0x92, 0x1, 0xff, 0x6f, 0xfb,
    0x10, 0x3, 0xf0, 0xd9, 0x0, 0xe, 0xc0, 0x3f,
    0x90, 0x3, 0xc2, 0x20, 0xf, 0xfe, 0x7, 0xf0,
    0x20, 0x7, 0xfd, 0x54, 0xe3, 0x0, 0x0,

    /* U+540E "后" */
    0x0, 0xff, 0x85, 0x8, 0x2, 0x14, 0x42, 0xbc,
    0x56, 0x77, 0x2e, 0x40, 0x24, 0xb8, 0xed, 0x1d,
    0x9a, 0xdf, 0xb0, 0xe, 0xcb, 0xa9, 0x75, 0x42,
    0x0, 0xf8, 0xcf, 0xf9, 0x10, 0x1, 0xb7, 0x7f,
    0xaa, 0x80, 0x3, 0x1e, 0xef, 0xf8, 0x0, 0x24,
    0x4, 0x5f, 0xc0, 0x17, 0x38, 0x66, 0x7d, 0xb8,
    0x1, 0x29, 0x80, 0x2f, 0xbb, 0xa8, 0xc0, 0x23,
    0xc0, 0xf, 0xfe, 0x3, 0x2, 0x0, 0x7f, 0xc3,
    0xc, 0x1, 0x57, 0xff, 0x50, 0x5, 0x10, 0x0,
    0xab, 0xff, 0xa8, 0xc0, 0x58, 0x40, 0x1e, 0xa0,
    0x1c, 0xbc, 0x0,

    /* U+5411 "向" */
    0x0, 0xc8, 0xe2, 0x1, 0xff, 0x6c, 0x88, 0x7,
    0xe2, 0x29, 0x1c, 0x8b, 0xe1, 0x2d, 0xd8, 0x9b,
    0x77, 0xe7, 0x0, 0x6f, 0xff, 0xf0, 0x98, 0x7,
    0xff, 0x1b, 0xff, 0xc2, 0x1, 0xf0, 0xd7, 0xfa,
    0xc0, 0x3f, 0xfb, 0x55, 0xfe, 0xb0, 0xf, 0xee,
    0xff, 0xe1, 0x0, 0xff, 0xe0, 0xab, 0x8, 0x80,
    0x6, 0x1, 0xf1, 0x42, 0x20,

    /* U+5668 "器" */
    0x0, 0x4f, 0xf7, 0x3d, 0x17, 0xfb, 0xb0, 0x6,
    0x17, 0xee, 0x1b, 0x89, 0xf7, 0x34, 0xc0, 0x39,
    0xbb, 0x84, 0x0, 0x2e, 0xe6, 0x80, 0x74, 0x77,
    0x6a, 0x3e, 0xd6, 0xed, 0x0, 0x89, 0x51, 0x33,
    0xea, 0x2a, 0xc8, 0x80, 0x3, 0x77, 0x69, 0x15,
    0x9c, 0x7f, 0xee, 0x0, 0x12, 0xed, 0xc6, 0x17,
    0xa2, 0x2c, 0x9b, 0xb0, 0x2, 0xff, 0xdd, 0x9a,
    0x85, 0x9f, 0xf7, 0x70, 0x42, 0x9c, 0x9a, 0x70,
    0xcd, 0x90, 0xa0, 0x9e, 0x20, 0x20, 0xbd, 0xc1,
    0x0, 0xf, 0x72, 0x58, 0x3, 0x84, 0x88, 0x20,
    0x1, 0x22, 0x30, 0x7, 0x9b, 0x74, 0x60, 0x3,
    0xdd, 0x80, 0x38, 0x5b, 0x74, 0x6e, 0xe3, 0xdd,
    0x80, 0x3a, 0x60, 0x1, 0x88, 0x8c, 0x0, 0x1e,
    0x80, 0x0,

    /* U+5757 "块" */
    0x0, 0xfe, 0x20, 0xf, 0xc7, 0xe0, 0x18, 0xb4,
    0x40, 0x3f, 0xf9, 0xf5, 0x9c, 0x1b, 0x9e, 0xa0,
    0x2, 0xed, 0xd, 0xca, 0xce, 0xd, 0xc1, 0x10,
    0x0, 0xbe, 0x83, 0x34, 0x3, 0xfe, 0x17, 0x1,
    0x10, 0x7, 0xff, 0xc, 0xd1, 0xe, 0x8, 0x80,
    0x35, 0x0, 0xf5, 0xf7, 0x24, 0x2f, 0x93, 0x78,
    0x3, 0xdb, 0x75, 0x62, 0x17, 0x54, 0xb0, 0x1,
    0xd8, 0x7f, 0x0, 0x2a, 0x12, 0x40, 0x32, 0x62,
    0xc7, 0x58, 0xc0, 0x34, 0x3a, 0x0, 0x49, 0x9a,
    0xe2, 0x10, 0xfe, 0x5, 0x36, 0x80, 0x11, 0x80,
    0x6, 0xde, 0xc8, 0x0, 0xd1, 0x72, 0x1, 0xf6,
    0xa0, 0x6, 0x7a, 0xe0,

    /* U+5931 "失" */
    0x0, 0xf9, 0x54, 0x1, 0xfe, 0x22, 0x0, 0x3f,
    0xc0, 0x1f, 0xeb, 0xe0, 0x8, 0xc0, 0x3f, 0xcf,
    0x64, 0x41, 0x32, 0x28, 0xc8, 0x3, 0x38, 0xce,
    0x61, 0x17, 0x32, 0xda, 0x0, 0x86, 0x6b, 0xba,
    0x47, 0xee, 0xd0, 0x1, 0x32, 0xa8, 0x2, 0x7f,
    0x0, 0xfc, 0x7c, 0x89, 0x87, 0x91, 0x38, 0xc0,
    0x11, 0x31, 0x18, 0x9a, 0x23, 0xac, 0x1, 0x99,
    0xd4, 0x22, 0x9c, 0xcd, 0x0, 0x1e, 0x18, 0x85,
    0xd1, 0x80, 0x7f, 0x16, 0x23, 0x2b, 0xe3, 0x80,
    0x7c, 0xfa, 0xf4, 0x0, 0x89, 0x8e, 0x83, 0x0,
    0x47, 0x44, 0x28, 0x3, 0x37, 0x23, 0xc0, 0x3,
    0x5b, 0x9c, 0x3, 0xc3, 0x5d, 0x40,

    /* U+5B57 "字" */
    0x0, 0xff, 0xe4, 0x26, 0x0, 0x7f, 0xf0, 0x54,
    0x64, 0x3, 0xe4, 0xff, 0xdc, 0x4d, 0xff, 0xca,
    0x0, 0x1f, 0xff, 0xf1, 0x0, 0x1d, 0x0, 0x84,
    0x7e, 0x5, 0x60, 0x3a, 0x5d, 0xee, 0xf9, 0x60,
    0xc0, 0x25, 0xff, 0xe8, 0x8, 0x50, 0xf, 0xe2,
    0xca, 0xd7, 0x0, 0xc2, 0x42, 0x3a, 0x8f, 0xcc,
    0x46, 0x20, 0xad, 0xee, 0xce, 0x1b, 0xdd, 0xb4,
    0xaf, 0xff, 0xa4, 0x7f, 0xfc, 0x40, 0x1f, 0xfd,
    0x63, 0x8a, 0x30, 0xf, 0xf8, 0x55, 0xe4, 0x3,
    0xe0,

    /* U+5BF9 "对" */
    0x0, 0xff, 0xe0, 0x7a, 0x80, 0x7f, 0xf1, 0xda,
    0x67, 0x80, 0x3f, 0xe1, 0x18, 0xdc, 0x48, 0x46,
    0x3, 0x20, 0x3, 0x44, 0x5a, 0xb7, 0x9f, 0xf0,
    0x46, 0x28, 0x25, 0x0, 0x37, 0x2b, 0xbb, 0x5,
    0xf2, 0x82, 0xbc, 0x82, 0x20, 0x5c, 0x3, 0xf0,
    0xe3, 0xd8, 0x18, 0x42, 0x0, 0x7e, 0x1d, 0x47,
    0x1, 0x78, 0x0, 0xfe, 0x70, 0x61, 0x9, 0x33,
    0x0, 0x7e, 0x98, 0x5a, 0x1, 0xd3, 0x0, 0xfa,
    0x85, 0xed, 0x58, 0x8, 0x3, 0xeb, 0x7d, 0x1,
    0x83, 0x0, 0xe1, 0x0, 0x10, 0x60, 0x80, 0x19,
    0x40, 0x11, 0x80, 0xc0, 0x2, 0xb1, 0x0, 0xfb,
    0x53, 0x8, 0x0,

    /* U+5C4F "屏" */
    0x0, 0x2f, 0xff, 0xfc, 0x1, 0xc5, 0xff, 0xfb,
    0x44, 0x3, 0x9, 0x7f, 0xfe, 0xd1, 0x0, 0xe2,
    0xff, 0x6d, 0x7f, 0xd5, 0xbe, 0x1, 0xc2, 0x0,
    0x7b, 0x10, 0x5, 0xa0, 0x7, 0x8, 0xa, 0xa,
    0xba, 0x38, 0x12, 0x18, 0x4, 0x6e, 0xbf, 0xe4,
    0xaf, 0xc1, 0x88, 0x20, 0x5, 0xc2, 0x97, 0x62,
    0xfb, 0xb0, 0x6e, 0x38, 0x4, 0x7b, 0x9b, 0xa2,
    0xdd, 0x83, 0x37, 0x88, 0x5, 0xf, 0x73, 0x1,
    0xb9, 0x80, 0xfc, 0xf2, 0x6, 0x14, 0x11, 0x20,
    0x98, 0x88, 0xc, 0x44, 0x0, 0x96, 0x0, 0x25,
    0x40, 0x7, 0xf7, 0xc8, 0x15, 0xc3, 0x0, 0x4,
    0xc, 0x3, 0x8, 0x80, 0xbd, 0xc0, 0x21, 0xf2,
    0x0, 0x80,

    /* U+5DF2 "已" */
    0x0, 0xff, 0xe1, 0x3f, 0xff, 0xfc, 0x0, 0x6c,
    0xdd, 0xfd, 0x20, 0x10, 0x99, 0x17, 0xf0, 0x6,
    0xa6, 0x0, 0xff, 0xe0, 0x27, 0x0, 0x7f, 0xf0,
    0xd, 0xff, 0xfe, 0xb0, 0xe, 0x7e, 0xef, 0xa8,
    0x4, 0x2, 0xf1, 0x1f, 0x97, 0x84, 0x3, 0xff,
    0x80, 0x20, 0x1f, 0xfc, 0x26, 0x20, 0xf, 0xfe,
    0x4, 0x48, 0xd, 0x22, 0x7e, 0x81, 0xd0, 0x80,
    0xab, 0xbf, 0x99, 0x58,

    /* U+5E26 "带" */
    0x0, 0xbc, 0x83, 0x1c, 0x7, 0xc0, 0x22, 0x11,
    0x0, 0x88, 0x3c, 0x48, 0x4, 0x45, 0xbd, 0xc0,
    0xce, 0x37, 0xec, 0xe, 0xe6, 0x7f, 0xc1, 0xbe,
    0x71, 0xfa, 0x1f, 0xee, 0x0, 0x90, 0xc2, 0xcc,
    0xd, 0x80, 0x2d, 0xff, 0x27, 0x7c, 0x5f, 0xf3,
    0x7f, 0xb4, 0x27, 0xbb, 0x35, 0x77, 0x6a, 0x1,
    0x21, 0x1c, 0xe6, 0x23, 0x98, 0x71, 0x7b, 0xb0,
    0xcf, 0x76, 0x2c, 0x0, 0xd, 0xe6, 0x6, 0x33,
    0x16, 0x22, 0x0, 0xcc, 0x44, 0x31, 0x22, 0x8,
    0x7, 0xff, 0x2c, 0xc0, 0x17, 0x46, 0x1, 0xf,
    0x18, 0x4, 0x21, 0xf5, 0x80, 0x0,

    /* U+5E2E "帮" */
    0x0, 0xff, 0xe3, 0xae, 0x80, 0x7f, 0xc4, 0x50,
    0x11, 0x5, 0x3f, 0xf2, 0x81, 0xf4, 0xd9, 0x4f,
    0x33, 0x8f, 0xc9, 0xa8, 0x1f, 0x4d, 0x14, 0xfb,
    0x0, 0x57, 0xe0, 0x14, 0xca, 0xce, 0x7c, 0x80,
    0x2, 0x25, 0x0, 0xd, 0x51, 0x55, 0x5a, 0x40,
    0x1, 0xca, 0x40, 0xdd, 0x9d, 0xb7, 0x50, 0x1,
    0x94, 0xc3, 0x30, 0x85, 0xb9, 0x88, 0x0, 0x1f,
    0x93, 0x1, 0xdb, 0x78, 0x2, 0x28, 0x1c, 0xf6,
    0xc4, 0x28, 0x8f, 0x7f, 0xce, 0x98, 0xdf, 0xa8,
    0x0, 0x99, 0xd, 0x7f, 0xa1, 0x7f, 0xe1, 0x70,
    0xf, 0xfe, 0x38, 0x80, 0x78, 0x64, 0x44, 0x1,
    0x95, 0x80, 0x38, 0x4e, 0x88, 0x3, 0x41, 0x80,
    0x3c, 0x40, 0x14, 0xa0, 0x0,

    /* U+5E38 "常" */
    0x0, 0x38, 0x5, 0xca, 0x0, 0x72, 0x0, 0xd5,
    0x0, 0x1c, 0x50, 0x20, 0x1a, 0x8, 0x0, 0x60,
    0x8, 0x53, 0x0, 0x7f, 0xa9, 0x7f, 0xc5, 0x5e,
    0xaa, 0xff, 0x28, 0xdf, 0xff, 0xf8, 0x40, 0x2e,
    0xff, 0xfc, 0x64, 0x3c, 0x81, 0x7f, 0xfe, 0x10,
    0xc4, 0x0, 0xab, 0xbb, 0xc2, 0x1, 0xdf, 0xf8,
    0xe3, 0xfd, 0xc6, 0x1, 0x22, 0xae, 0x3e, 0x55,
    0x90, 0x40, 0x15, 0xff, 0x85, 0x3f, 0xea, 0x70,
    0xa, 0xae, 0xe2, 0x9b, 0xb9, 0x0, 0x3f, 0xe1,
    0x26, 0x30, 0x1, 0x0, 0x63, 0x0, 0x46, 0x82,
    0x0, 0x30, 0x40, 0x3d, 0x3f, 0x82, 0x0,

    /* U+5E55 "幕" */
    0x0, 0xee, 0x40, 0x4, 0xc8, 0x3, 0xcf, 0xbb,
    0xc, 0xee, 0x9d, 0xdb, 0xb2, 0x0, 0x1f, 0x76,
    0x19, 0xdd, 0x3b, 0xb7, 0x64, 0x0, 0xd9, 0x83,
    0x8c, 0xc2, 0x23, 0x60, 0x3, 0xc5, 0x3b, 0x99,
    0x6e, 0x9c, 0x40, 0x3e, 0x9b, 0xbf, 0x20, 0x7,
    0xe6, 0xcc, 0xf1, 0x0, 0x7d, 0xbc, 0x50, 0x6,
    0x74, 0x58, 0x6, 0xdd, 0x74, 0xd1, 0x54, 0xd5,
    0xcf, 0xec, 0x80, 0x37, 0x52, 0x2d, 0xb7, 0x6f,
    0x46, 0x9d, 0x90, 0x2b, 0xe8, 0x35, 0xc8, 0x86,
    0xba, 0x57, 0xe8, 0x96, 0xfc, 0x6, 0x61, 0xdd,
    0x98, 0x49, 0xe9, 0x10, 0x61, 0x0, 0xf8, 0x9c,
    0x44, 0x80, 0x19, 0xd4, 0x3, 0xb8, 0xd0, 0x3,
    0xc7, 0x40, 0x1d, 0xbe, 0x40, 0x10,

    /* U+5E93 "库" */
    0x0, 0xff, 0xe5, 0xa7, 0x0, 0x7f, 0xf0, 0x98,
    0x58, 0x3, 0x8, 0x5, 0xbd, 0xdb, 0x6, 0x3b,
    0xb8, 0x3, 0x5f, 0x75, 0x49, 0xdd, 0xde, 0x1,
    0xc2, 0x0, 0xf0, 0xe, 0x10, 0xe, 0x3f, 0xef,
    0x44, 0x77, 0x6f, 0x40, 0xc, 0x7d, 0xc3, 0x8e,
    0x8f, 0xee, 0x90, 0x3, 0x8, 0x43, 0xb8, 0x64,
    0xc0, 0x3e, 0x37, 0x47, 0x4f, 0xe0, 0xdf, 0xf6,
    0x0, 0x61, 0x12, 0x67, 0x7f, 0x6, 0xff, 0xb4,
    0x2, 0x20, 0x1, 0x10, 0x4, 0xc0, 0x46, 0x2,
    0x0, 0x30, 0xd6, 0x7f, 0xd8, 0x1b, 0xff, 0x68,
    0x3, 0x56, 0x3b, 0xb7, 0x86, 0x77, 0x5e, 0x2,
    0xd8, 0x1, 0xff, 0xc2, 0x46, 0x0, 0xff, 0xe0,
    0x80,

    /* U+5E94 "应" */
    0x0, 0xff, 0xe5, 0x1f, 0x90, 0x7, 0xff, 0x0,
    0xc2, 0x80, 0x3e, 0x6f, 0xfe, 0x7, 0xff, 0xd6,
    0x1, 0x1f, 0xff, 0xfa, 0xc0, 0x3e, 0x13, 0x0,
    0x84, 0x3, 0x9c, 0x2, 0x6e, 0x0, 0xa7, 0x80,
    0x39, 0x68, 0x1c, 0xd8, 0x0, 0x88, 0x0, 0x84,
    0x4e, 0xa6, 0x13, 0x60, 0x27, 0x20, 0x17, 0x99,
    0x37, 0x83, 0x12, 0xb9, 0x18, 0x4, 0x7c, 0x10,
    0x68, 0x36, 0xb5, 0x40, 0xc, 0xc4, 0x2, 0xd8,
    0x8, 0x66, 0x60, 0x8, 0x88, 0xe0, 0x9, 0x80,
    0x5, 0x28, 0x80, 0x4a, 0x26, 0xca, 0xbc, 0xc6,
    0xab, 0x4, 0xb2, 0xc4, 0x78, 0x92, 0x21, 0x21,
    0x12, 0x9d, 0xbb, 0xfd, 0x80,

    /* U+5E95 "底" */
    0x0, 0xf9, 0xf4, 0x3, 0xf8, 0x48, 0xb0, 0x93,
    0x91, 0x46, 0x60, 0x9, 0x37, 0x32, 0x81, 0x9c,
    0xcb, 0x78, 0x3, 0xf, 0x77, 0xb2, 0xa7, 0xb4,
    0x3, 0xd9, 0xdc, 0xff, 0x6d, 0xc3, 0x0, 0x7c,
    0x51, 0xde, 0x8f, 0xdc, 0x70, 0xf, 0x8c, 0xc0,
    0x1, 0x1e, 0x0, 0xc6, 0x60, 0x1, 0x14, 0x4,
    0x51, 0x88, 0x4, 0x22, 0x0, 0x4e, 0x61, 0x11,
    0x98, 0xd7, 0x0, 0xb9, 0x80, 0x17, 0xdc, 0xd1,
    0xee, 0x98, 0x2, 0x4d, 0x0, 0xc8, 0x60, 0x80,
    0x1c, 0x64, 0x80, 0xc, 0xdf, 0x6, 0xf0, 0x22,
    0x0, 0x24, 0x4c, 0x49, 0x9c, 0x82, 0x16, 0x2f,
    0x48, 0x8b, 0x20, 0x29, 0x76, 0x7a, 0xd, 0x66,
    0x21, 0x13, 0x1c, 0x1, 0x68, 0x35, 0x20, 0x7d,
    0x54, 0x0,

    /* U+5EA6 "度" */
    0x0, 0xf9, 0x2c, 0x3, 0xf8, 0x47, 0x81, 0x14,
    0x46, 0x20, 0xd, 0xbd, 0xff, 0x50, 0xdf, 0xfd,
    0x86, 0x1, 0xa7, 0xb8, 0xd5, 0xdc, 0xd4, 0xee,
    0x18, 0x7, 0x8, 0x29, 0x0, 0x1d, 0x40, 0x40,
    0x3d, 0xfc, 0x51, 0xdc, 0xa0, 0xef, 0x40, 0xe,
    0xee, 0x14, 0x77, 0x28, 0x3b, 0x88, 0x1, 0x9,
    0x80, 0x57, 0x74, 0x0, 0x7c, 0x62, 0x3, 0x32,
    0xff, 0x45, 0x80, 0x78, 0x5a, 0x7e, 0xea, 0xb5,
    0xc8, 0x6, 0x20, 0x29, 0xe6, 0x4e, 0xe4, 0xc,
    0x80, 0x64, 0x20, 0xa, 0x5e, 0x16, 0x34, 0x3,
    0xb5, 0x40, 0x34, 0xbd, 0x49, 0x80, 0x62, 0x4a,
    0x46, 0x9d, 0x97, 0x75, 0x7e, 0x5c, 0x81, 0x61,
    0x6, 0x7f, 0x6c, 0x43, 0x75, 0x27, 0xc0,

    /* U+5F00 "开" */
    0x0, 0xff, 0xe3, 0x77, 0xff, 0xfc, 0xc0, 0x16,
    0x6e, 0xa0, 0x77, 0x60, 0x8d, 0xd3, 0x80, 0x44,
    0x50, 0x81, 0x14, 0x4, 0x50, 0x80, 0x7f, 0xf5,
    0x95, 0x12, 0xe1, 0x44, 0x83, 0x51, 0xa, 0x21,
    0x73, 0x28, 0x60, 0x88, 0x81, 0x62, 0x60, 0x83,
    0xb7, 0x58, 0xe9, 0x99, 0x4, 0x66, 0xe8, 0xc0,
    0x39, 0xf0, 0x3, 0xff, 0x82, 0xe2, 0xa0, 0x1f,
    0xfc, 0x4, 0x87, 0x20, 0xf, 0xf0, 0xc5, 0xac,
    0x0, 0x71, 0x80, 0x71, 0x99, 0xe8, 0x3, 0xfe,

    /* U+5F39 "弹" */
    0x0, 0xff, 0xe5, 0xae, 0x80, 0x12, 0x80, 0x25,
    0xff, 0xc2, 0xc, 0x4a, 0x1c, 0x1, 0x97, 0xfd,
    0xc0, 0x24, 0x2c, 0x24, 0xbe, 0x40, 0x1f, 0xb3,
    0xd6, 0x74, 0xe7, 0x48, 0x1, 0x79, 0xa0, 0x27,
    0x19, 0xc3, 0x98, 0x3, 0x0, 0x27, 0xe7, 0x88,
    0x5f, 0x68, 0xf7, 0x0, 0x38, 0x40, 0x34, 0x7d,
    0xf, 0xf8, 0x2, 0x10, 0x9b, 0xb0, 0x99, 0x85,
    0xc0, 0x44, 0x1, 0xc, 0xe9, 0xa0, 0x85, 0x7e,
    0xf, 0xf8, 0xc, 0x0, 0xcc, 0xb0, 0x7, 0x7f,
    0xb0, 0x7f, 0xe2, 0x0, 0xcc, 0x42, 0x20, 0xf,
    0x84, 0x3, 0x18, 0xc7, 0x75, 0xa3, 0xdd, 0x79,
    0x81, 0xa6, 0xbc, 0xff, 0x73, 0x47, 0xbb, 0x18,
    0x55, 0xa7, 0x0, 0x70, 0x80, 0x7a, 0xa9, 0xca,
    0x1, 0x9c, 0x3, 0xc0,

    /* U+5F3A "强" */
    0x0, 0xff, 0xe1, 0x77, 0xfc, 0xc9, 0xff, 0xe5,
    0xe, 0xff, 0x21, 0x80, 0x3f, 0xf1, 0x0, 0x7f,
    0x4c, 0xe3, 0x0, 0x5f, 0xf9, 0xd, 0x6f, 0x7d,
    0xb6, 0x90, 0x1e, 0x3f, 0xcc, 0x28, 0x85, 0x14,
    0x40, 0x80, 0x88, 0x2, 0xdf, 0xf6, 0xf, 0xfb,
    0x80, 0x18, 0xee, 0x10, 0xaf, 0xc1, 0xfa, 0x0,
    0x5e, 0x84, 0x0, 0x7f, 0x99, 0xd8, 0x4, 0x2b,
    0xf0, 0x7e, 0x80, 0x31, 0x80, 0x1f, 0x3f, 0x7,
    0xfd, 0xc0, 0x10, 0x88, 0x28, 0xc0, 0x34, 0x50,
    0x4, 0xc6, 0x0, 0x13, 0x41, 0x95, 0x51, 0xb6,
    0x52, 0xa7, 0xf6, 0xea, 0x37, 0x4d, 0xe8, 0x8b,
    0x84, 0x9d, 0xea, 0x74, 0x8, 0xd0,

    /* U+6001 "态" */
    0x0, 0xf8, 0x40, 0x3f, 0xf8, 0x4b, 0xc4, 0x1,
    0xff, 0xc1, 0xd2, 0x20, 0x7, 0xee, 0xff, 0xce,
    0x5f, 0xfe, 0x80, 0x6, 0xe6, 0xea, 0x42, 0xec,
    0x17, 0xba, 0xc9, 0x0, 0x19, 0x88, 0x94, 0xa8,
    0x85, 0xe2, 0x21, 0x88, 0x7, 0x58, 0x91, 0x2,
    0xd2, 0x40, 0x3c, 0x7a, 0xde, 0x5a, 0x63, 0x8f,
    0x8a, 0x1, 0x5e, 0x3e, 0x15, 0x30, 0x0, 0xbd,
    0x6a, 0xc0, 0x1d, 0x54, 0x10, 0x4, 0x38, 0x0,
    0x67, 0xa8, 0x0, 0xa4, 0x22, 0x92, 0x7a, 0x0,
    0xad, 0x44, 0x0, 0x50, 0xa6, 0xc2, 0xc6, 0x80,
    0x3, 0xa1, 0x0, 0x29, 0x21, 0x80, 0x5a, 0x83,
    0x12, 0x74, 0x0, 0x9a, 0x0, 0x90, 0xce, 0x87,
    0x3e, 0xd0, 0x4, 0x30, 0xa, 0x4e, 0x64, 0xf0,
    0x46, 0xc0,

    /* U+603B "总" */
    0x0, 0xd0, 0x20, 0x10, 0xd9, 0x80, 0x7e, 0x2c,
    0x0, 0x9d, 0x8, 0x3, 0xf5, 0x1, 0x80, 0x29,
    0xc4, 0x3, 0xef, 0xf1, 0x67, 0xf8, 0xdf, 0xf8,
    0x3, 0xed, 0xff, 0xf5, 0x80, 0x7f, 0xf3, 0x4,
    0x7f, 0x0, 0x7e, 0xce, 0xef, 0x50, 0x7, 0xdf,
    0xfa, 0xbf, 0xf7, 0x0, 0x75, 0x13, 0x40, 0x44,
    0x0, 0x3, 0x86, 0x1, 0x12, 0x9f, 0x18, 0x7b,
    0xa0, 0xa, 0x69, 0x0, 0x14, 0xc7, 0xc4, 0xb,
    0x10, 0x12, 0x13, 0x0, 0x15, 0x40, 0x3, 0x0,
    0xc, 0xa, 0xd6, 0xac, 0x1, 0x2e, 0x6, 0x6f,
    0xfd, 0xa8, 0xa0, 0xa0, 0x4, 0x10, 0x4f, 0xff,
    0x58, 0x6,

    /* U+611F "感" */
    0x0, 0xfc, 0xb2, 0x38, 0x40, 0x1f, 0xf1, 0x28,
    0xda, 0x8, 0x6, 0xcf, 0xfe, 0x83, 0xf8, 0x9e,
    0x90, 0xd, 0x7f, 0xfb, 0x47, 0xfd, 0xbf, 0x20,
    0x18, 0x7f, 0xf1, 0x8, 0x8b, 0x48, 0x3, 0x87,
    0xff, 0x1, 0xaa, 0x90, 0x80, 0x31, 0x7, 0xf7,
    0x3c, 0x6f, 0xab, 0xc0, 0x30, 0x89, 0x8b, 0xb8,
    0x20, 0xea, 0x28, 0x2, 0x0, 0x93, 0x31, 0x77,
    0x4, 0x1c, 0x4d, 0x97, 0xc0, 0x5a, 0x7, 0xfb,
    0x98, 0xd9, 0xf7, 0x14, 0xe0, 0x3c, 0x2, 0x6e,
    0x58, 0x76, 0x29, 0x93, 0x20, 0xa, 0x91, 0xac,
    0xa7, 0x40, 0x42, 0xec, 0x20, 0x6, 0x5, 0x11,
    0x3, 0x48, 0x46, 0x48, 0x58, 0x0, 0xac, 0x14,
    0xff, 0xf3, 0x50, 0x74, 0x80,

    /* U+6240 "所" */
    0x0, 0xe3, 0x60, 0xe, 0x37, 0x0, 0xab, 0x7f,
    0xb4, 0x6b, 0x3b, 0xf6, 0xcc, 0x0, 0x97, 0xfb,
    0x62, 0x95, 0xfe, 0xec, 0x30, 0x8, 0xc0, 0x31,
    0x90, 0x80, 0x7d, 0x35, 0x49, 0x0, 0xff, 0x1a,
    0x7e, 0xb8, 0x1c, 0xe6, 0x6b, 0x0, 0xb5, 0x50,
    0x2, 0xbf, 0xa3, 0xf8, 0x0, 0x18, 0x4, 0x60,
    0x28, 0x64, 0x26, 0x60, 0x0, 0x99, 0x30, 0x4,
    0x60, 0x1f, 0xa3, 0x2c, 0x48, 0x44, 0x1, 0xe2,
    0xc, 0xee, 0x62, 0x28, 0x7, 0xc8, 0x4, 0x1,
    0x56, 0x80, 0x7d, 0x4e, 0x1, 0x29, 0xb8, 0x4,
    0x20, 0x1, 0x9, 0x0, 0xa2, 0x2, 0x0, 0x10,
    0x8, 0x70, 0x40, 0x2c, 0x70, 0x9, 0x7c, 0x0,

    /* U+62A5 "报" */
    0x0, 0x93, 0xc0, 0x3f, 0xf8, 0x4e, 0x20, 0x4,
    0xff, 0xf0, 0x7, 0xf8, 0x7b, 0xab, 0x0, 0xc8,
    0x90, 0x22, 0x80, 0x4, 0x60, 0x10, 0xb, 0xe2,
    0x86, 0x24, 0x2, 0x27, 0x85, 0x0, 0xaf, 0x38,
    0x73, 0x0, 0x11, 0xf5, 0xd0, 0x7, 0xc2, 0xc0,
    0x3f, 0xcd, 0x1c, 0xc0, 0x1, 0x59, 0x1f, 0xf0,
    0xb, 0xb7, 0x58, 0x20, 0xf, 0x58, 0x8b, 0xa4,
    0x1, 0x4e, 0x24, 0x64, 0x3, 0xbd, 0x0, 0x1c,
    0x44, 0x7b, 0xa0, 0x8, 0x80, 0x3f, 0x7c, 0x3,
    0x0, 0x7f, 0xf0, 0x89, 0x0, 0x30, 0xa1, 0x80,
    0x64, 0xd9, 0x95, 0xc8, 0x80, 0x32, 0x6c, 0x3,
    0x7c, 0x33, 0x2d, 0xd0, 0x1, 0xbc, 0xc0, 0x4,
    0xeb, 0x60, 0x2, 0x72, 0x80,

    /* U+6362 "换" */
    0x0, 0xbc, 0xc0, 0x27, 0x70, 0x7, 0xf8, 0x40,
    0x29, 0x20, 0xf, 0xfe, 0xc, 0xd, 0xf7, 0xf0,
    0x80, 0x5, 0x54, 0xa, 0x88, 0x7c, 0xee, 0xd,
    0x8, 0x0, 0xff, 0xc1, 0x9d, 0x6c, 0x43, 0xa,
    0xa1, 0x0, 0x15, 0x50, 0x26, 0x99, 0x99, 0x87,
    0x6c, 0xe0, 0xf, 0x8a, 0xc7, 0x78, 0x77, 0x0,
    0x3e, 0xca, 0x0, 0x9c, 0xc0, 0x38, 0x67, 0x82,
    0xa0, 0x40, 0x2, 0x1, 0x84, 0x4, 0x30, 0x1a,
    0x34, 0x3a, 0x8b, 0xbc, 0x7d, 0x42, 0x48, 0x1,
    0x1d, 0xd1, 0xb, 0xf7, 0x4a, 0x1, 0xfa, 0x43,
    0xdd, 0x40, 0x3e, 0x30, 0x1b, 0x4c, 0x1a, 0xa3,
    0x80, 0x4b, 0x80, 0x33, 0xc3, 0x82, 0x9, 0x51,
    0xa2, 0xf, 0x7a, 0x1b, 0x94, 0x20, 0x12, 0xec,
    0x8,

    /* U+636E "据" */
    0x0, 0xa8, 0x80, 0x3f, 0xf8, 0x4a, 0x20, 0x7f,
    0xff, 0x8, 0x6, 0x10, 0x8, 0xbf, 0xf8, 0x2,
    0x16, 0x60, 0xdb, 0x38, 0x7, 0xf1, 0xff, 0x80,
    0xbc, 0xb, 0xff, 0x80, 0x22, 0x99, 0xc, 0xc9,
    0xcb, 0xfd, 0x8d, 0xfe, 0x10, 0xe, 0x6a, 0x70,
    0x9, 0xd0, 0x0, 0x20, 0x11, 0x8d, 0xe0, 0x17,
    0xfa, 0xcb, 0xfd, 0xca, 0x5b, 0xe1, 0xac, 0x29,
    0xfe, 0xb3, 0xff, 0x94, 0xa7, 0x4, 0x0, 0x43,
    0x59, 0x27, 0x98, 0x20, 0x2, 0x0, 0x6c, 0xc3,
    0x4e, 0x76, 0x90, 0x7, 0xe4, 0x40, 0x8, 0xe0,
    0xf, 0x8, 0x99, 0x8, 0x8, 0xb0, 0x6, 0x4a,
    0x62, 0xa8, 0x0, 0x5f, 0x74, 0x22, 0x0, 0x25,
    0x48, 0x61, 0x86, 0x6e, 0x65, 0xe6, 0x0,

    /* U+6545 "故" */
    0x0, 0xff, 0x39, 0x0, 0x7c, 0x7e, 0x1, 0x8e,
    0x1c, 0x3, 0xe1, 0x0, 0xeb, 0x35, 0x0, 0xc2,
    0x66, 0x70, 0x33, 0x10, 0xb9, 0x66, 0x6b, 0x2e,
    0xf8, 0xf, 0xeb, 0xb2, 0xe7, 0x41, 0xfc, 0x1e,
    0xe7, 0x86, 0x6e, 0x28, 0x11, 0x1c, 0xc, 0xc0,
    0x1f, 0x1d, 0xa8, 0x82, 0x98, 0x4, 0x9b, 0xe1,
    0xba, 0x74, 0x24, 0xf, 0x50, 0xe, 0xfd, 0xe2,
    0x10, 0x5e, 0x7, 0xd0, 0xe, 0x22, 0x80, 0x29,
    0x49, 0x34, 0x0, 0xff, 0x85, 0x99, 0x60, 0x1c,
    0x5f, 0xee, 0x0, 0x8d, 0xc6, 0x84, 0x2, 0x12,
    0xff, 0x71, 0x12, 0x71, 0xb9, 0xbd, 0x80, 0x9,
    0xc0, 0x1, 0xcd, 0x5c, 0x80, 0xa9, 0x93, 0x80,
    0x98, 0x4, 0x3b, 0x86, 0x1, 0x3e, 0xb8,

    /* U+6570 "数" */
    0x3, 0x50, 0xd6, 0x18, 0x6, 0xa0, 0xf, 0x59,
    0x1, 0xb1, 0x7, 0x80, 0x78, 0x60, 0x44, 0x7f,
    0xc0, 0x9e, 0x1, 0xd9, 0x18, 0x72, 0xd4, 0xc5,
    0x19, 0x93, 0x7, 0x60, 0x8a, 0x2f, 0x84, 0xbb,
    0xc1, 0x10, 0xb, 0x90, 0x5f, 0x6b, 0x62, 0x66,
    0x1d, 0x22, 0x45, 0x3b, 0x65, 0x69, 0x98, 0x0,
    0x6c, 0x5, 0xa9, 0x22, 0x88, 0xe7, 0x23, 0x11,
    0x18, 0x17, 0xf9, 0xd3, 0xfd, 0xb0, 0x96, 0xa4,
    0x0, 0x2e, 0xa2, 0xff, 0x1e, 0x86, 0xb7, 0x28,
    0x4, 0x30, 0x2a, 0xc4, 0xc0, 0x86, 0xb4, 0x1,
    0xb2, 0x7a, 0x41, 0xc0, 0x40, 0xc, 0x1, 0x84,
    0xd6, 0x6b, 0x8f, 0x12, 0x2d, 0x40, 0x13, 0xdb,
    0x8c, 0x87, 0x95, 0x2f, 0x14, 0xa1, 0x59, 0x64,
    0x0, 0x9e, 0x70, 0x3, 0xea, 0x80,

    /* U+6574 "整" */
    0x0, 0xff, 0xe4, 0x7a, 0x0, 0x6c, 0x60, 0xc,
    0x4e, 0xf0, 0x6b, 0xb8, 0xc8, 0xdc, 0x3, 0xf8,
    0x40, 0x3, 0x3, 0xfd, 0xfc, 0x65, 0xb9, 0x80,
    0x4c, 0xd1, 0x5a, 0xeb, 0x2e, 0x30, 0x7d, 0x90,
    0x9f, 0x4b, 0x48, 0xe, 0x50, 0xd, 0x18, 0x15,
    0x40, 0x8b, 0x7c, 0x68, 0x0, 0xb6, 0xc0, 0x26,
    0xe0, 0x11, 0x18, 0x20, 0x0, 0xaa, 0xe8, 0x29,
    0x9, 0x78, 0xba, 0xeb, 0x0, 0x5b, 0x12, 0xd3,
    0x9, 0x7a, 0x5, 0xbb, 0x80, 0x79, 0xdc, 0xaf,
    0xef, 0xef, 0xee, 0xa8, 0x80, 0x2c, 0xc4, 0x77,
    0xe, 0x3b, 0xb5, 0x0, 0x73, 0xd8, 0x5, 0x1d,
    0xd8, 0xc0, 0x3f, 0xd1, 0xdd, 0x8c, 0x0, 0x9f,
    0xd6, 0x7d, 0xc2, 0x8e, 0xee, 0xf0,

    /* U+65B9 "方" */
    0x0, 0xf8, 0x40, 0x3f, 0xf8, 0x2b, 0xe2, 0x1,
    0xff, 0xc0, 0x50, 0x80, 0xf, 0xfe, 0xd, 0xe8,
    0x7, 0xdd, 0xff, 0xd5, 0x7f, 0xfe, 0xd, 0xdc,
    0x13, 0xbb, 0xf6, 0x1, 0x91, 0x40, 0x45, 0xf8,
    0xc0, 0x3c, 0x45, 0xf0, 0x7, 0x84, 0x27, 0x77,
    0xc4, 0x1, 0xc4, 0x1d, 0xff, 0xb0, 0x8, 0x3,
    0xac, 0x84, 0x3, 0x30, 0x7, 0xcc, 0xa0, 0x1c,
    0x64, 0x1, 0xd0, 0x32, 0x1, 0xdc, 0xc0, 0x19,
    0x5e, 0x44, 0x3, 0x90, 0x80, 0x26, 0xa8, 0x60,
    0x9, 0xb3, 0xcf, 0x40, 0x23, 0x97, 0x0, 0xc8,
    0x89, 0xe4, 0x0, 0x0,

    /* U+65E0 "无" */
    0x0, 0xff, 0xe3, 0x2f, 0xff, 0xf9, 0x0, 0x32,
    0xee, 0xba, 0x47, 0xbb, 0x6a, 0x0, 0x71, 0x10,
    0x4c, 0x4, 0x71, 0x0, 0x7f, 0xf3, 0x8c, 0x3,
    0xfa, 0x3f, 0xf5, 0x17, 0xff, 0xac, 0x1, 0x1d,
    0xd9, 0x5a, 0xc7, 0xbb, 0x50, 0x4, 0x23, 0x93,
    0x0, 0x2, 0x3c, 0x1, 0xe4, 0x15, 0x0, 0xff,
    0xe0, 0xc, 0xb8, 0x7, 0xff, 0x0, 0x74, 0x20,
    0x3, 0xcb, 0x60, 0x11, 0xe1, 0x78, 0x1, 0xc5,
    0x8, 0x9e, 0xc0, 0x9, 0xc1, 0xf2, 0x0, 0x1a,
    0x5e, 0xe9, 0x20, 0x1, 0x73, 0x82, 0x1, 0xaf,
    0xfe, 0xe5, 0x0,

    /* U+65F6 "时" */
    0x0, 0xff, 0xbd, 0x80, 0x6, 0x7c, 0x1, 0xf1,
    0x80, 0x37, 0x5d, 0xcc, 0x30, 0xf, 0xf4, 0x6e,
    0x0, 0x19, 0x57, 0x6, 0x31, 0x0, 0x73, 0xd4,
    0xf7, 0x40, 0x94, 0xc7, 0xc6, 0xa0, 0xd9, 0x8b,
    0xb8, 0x63, 0x10, 0x1b, 0xa4, 0x2, 0x60, 0xf,
    0xd1, 0xb8, 0x0, 0x29, 0x60, 0xf, 0xfe, 0x1,
    0x3c, 0x0, 0x78, 0xc4, 0x44, 0x1, 0x4b, 0x8,
    0x7, 0xa3, 0xb0, 0x2, 0x18, 0x10, 0xf, 0x4f,
    0xf0, 0x7, 0xff, 0x8, 0x70, 0x80, 0x38, 0x40,
    0x2f, 0x60, 0x1, 0x80, 0x68, 0xc0, 0x60, 0x0,
    0x80, 0x7e, 0xc4, 0xb3, 0x0, 0x0,

    /* U+663E "显" */
    0x1, 0xff, 0xff, 0x10, 0x7, 0x67, 0x77, 0xb4,
    0x3, 0xee, 0xcc, 0xf7, 0x80, 0x7d, 0x73, 0x3e,
    0x80, 0xf, 0x89, 0x9b, 0xe0, 0xf, 0xaf, 0x77,
    0xd8, 0x1, 0xc3, 0xfe, 0xb4, 0xff, 0x25, 0x7f,
    0x88, 0x2, 0x90, 0x0, 0xa0, 0x1, 0x4c, 0x5,
    0xc0, 0x27, 0x90, 0x0, 0x80, 0x74, 0xc8, 0x40,
    0x16, 0xc6, 0x1, 0xe2, 0x78, 0x10, 0x2, 0x95,
    0x0, 0x7a, 0xd, 0x80, 0x4, 0x49, 0xb3, 0x2,
    0x20, 0xc, 0xc1, 0x10, 0x3f, 0x6f, 0x64, 0x77,
    0x43, 0x19, 0x7b, 0xa1,

    /* U+6709 "有" */
    0x0, 0xff, 0xe5, 0x1f, 0x98, 0x7, 0xff, 0x5,
    0x0, 0xc0, 0x3f, 0x3f, 0xfe, 0x80, 0xff, 0xf8,
    0x41, 0xb7, 0xb9, 0x41, 0x7d, 0xde, 0xd1, 0x1,
    0x21, 0x14, 0x1a, 0x8, 0xf8, 0x80, 0x3a, 0x8,
    0xff, 0xfd, 0x40, 0x1c, 0xae, 0x3f, 0xfe, 0x50,
    0xe, 0x5a, 0x10, 0x33, 0xf0, 0x80, 0x68, 0xa7,
    0x91, 0xff, 0xf2, 0x80, 0x61, 0xa8, 0x1, 0xcc,
    0xf2, 0x0, 0x69, 0x50, 0x0, 0xff, 0xf9, 0x40,
    0x3f, 0xf, 0xff, 0x94, 0x3, 0xff, 0x82, 0x26,
    0xc6, 0x1, 0xff, 0xc0, 0x3c, 0x1a, 0x0, 0xf3,
    0xf0, 0x6, 0x2f, 0xd3, 0x0, 0x0,

    /* U+67E5 "查" */
    0x0, 0xfa, 0xa0, 0x3, 0xff, 0x99, 0x1f, 0xfc,
    0xaf, 0xff, 0xce, 0x0, 0x9d, 0xee, 0x21, 0xab,
    0x13, 0x77, 0x35, 0x80, 0x2, 0x42, 0xcb, 0xc0,
    0x3e, 0xf2, 0x24, 0x20, 0x1a, 0x63, 0x48, 0x0,
    0x5a, 0xda, 0xc2, 0x0, 0x8e, 0x7a, 0x3, 0x11,
    0x18, 0x53, 0x4f, 0x88, 0x2, 0x21, 0x5f, 0xe7,
    0x5f, 0xf5, 0xee, 0xa8, 0x42, 0x18, 0xf, 0xbb,
    0xc6, 0x4, 0x80, 0x1c, 0x7d, 0xde, 0x30, 0xf,
    0xc7, 0xbb, 0xe3, 0x0, 0xfc, 0x5f, 0xfe, 0x20,
    0xe, 0x11, 0x3f, 0xff, 0xe7, 0x11, 0x0, 0x23,
    0xbb, 0xff, 0x81, 0xe0,

    /* U+6846 "框" */
    0x0, 0xa4, 0xc0, 0x3f, 0xf8, 0x4c, 0xe0, 0x7d,
    0xdf, 0x8c, 0x3, 0xf7, 0x77, 0xc6, 0x6, 0x40,
    0x26, 0x0, 0x22, 0xe3, 0x20, 0x1f, 0xe0, 0x9f,
    0x70, 0x4e, 0xe6, 0xf7, 0xa0, 0xe, 0x40, 0x46,
    0x38, 0x36, 0x70, 0x6e, 0x30, 0x5, 0xa0, 0x22,
    0x0, 0xff, 0x85, 0x82, 0xe0, 0x0, 0xbd, 0x81,
    0xfc, 0x60, 0x8, 0x50, 0x96, 0x70, 0x5e, 0xc0,
    0xfe, 0x30, 0x36, 0x90, 0x3e, 0x70, 0xf, 0xe3,
    0x83, 0x0, 0x8, 0x2, 0xbb, 0x3, 0xfa, 0xc0,
    0xe, 0x1, 0xea, 0xee, 0x7f, 0x72, 0xc0, 0x3f,
    0x84, 0x7c, 0x40, 0x1f, 0x8b, 0x77, 0xdc, 0x80,

    /* U+68C0 "检" */
    0x0, 0xff, 0xe3, 0xfa, 0x0, 0x6d, 0x80, 0xf,
    0xc2, 0xe0, 0x11, 0x92, 0x80, 0x7f, 0xf0, 0x61,
    0x9e, 0x40, 0x3b, 0x70, 0x7b, 0x49, 0x92, 0x2d,
    0xe0, 0x3, 0x45, 0x5, 0x43, 0x4c, 0x84, 0x58,
    0xd8, 0x80, 0x5, 0x0, 0x20, 0xd9, 0xcf, 0xfb,
    0x68, 0x2c, 0x40, 0x14, 0xe, 0xe6, 0xce, 0xec,
    0x99, 0x81, 0x3, 0x30, 0x55, 0xc9, 0x86, 0x18,
    0xb5, 0x98, 0x2, 0x1c, 0x65, 0xe7, 0x84, 0x28,
    0x30, 0x2, 0x54, 0x90, 0x4d, 0x82, 0x4a, 0x50,
    0x5f, 0x0, 0x2c, 0x88, 0x0, 0x85, 0x39, 0x41,
    0x85, 0x0, 0x26, 0x0, 0xee, 0x22, 0x6e, 0x30,
    0x7, 0xe2, 0x36, 0xb3, 0x45, 0xd3, 0x30, 0x7,
    0x93, 0xff, 0x41, 0xcf, 0xf8, 0x3, 0xb, 0xb6,
    0x67, 0xf0, 0x0,

    /* U+6A21 "模" */
    0x0, 0xbc, 0xc0, 0x29, 0x80, 0x98, 0x0, 0xfe,
    0xbb, 0x3a, 0xdb, 0xad, 0xd0, 0x7, 0xd3, 0x27,
    0x49, 0x44, 0x4c, 0x0, 0x19, 0x81, 0x6c, 0x44,
    0xaa, 0x17, 0x51, 0x10, 0x1, 0x98, 0x3, 0xc1,
    0xfd, 0xd7, 0x56, 0xf9, 0x80, 0x2b, 0x82, 0x28,
    0x1, 0xdd, 0xc4, 0x1, 0xb8, 0x28, 0x80, 0x1d,
    0xdc, 0x40, 0x11, 0x28, 0x3, 0x80, 0x1d, 0xdc,
    0x40, 0x14, 0x30, 0x53, 0x90, 0xf7, 0x3f, 0xb8,
    0x60, 0x4, 0x44, 0x0, 0x2c, 0xfb, 0x94, 0x5d,
    0xd1, 0x82, 0x78, 0x80, 0x5d, 0xd5, 0x97, 0xf7,
    0x3c, 0x0, 0x20, 0x1b, 0xb9, 0xe2, 0xe3, 0x7d,
    0xe0, 0x1f, 0x9b, 0xe6, 0x36, 0xe4, 0x40, 0x3c,
    0x9f, 0xba, 0x70, 0x3f, 0x2e, 0x20, 0xb, 0xcd,
    0x3a, 0xcc, 0x2, 0x1b, 0xf2,

    /* U+6B63 "正" */
    0x1, 0x55, 0xff, 0x98, 0x40, 0xe6, 0x7a, 0x2a,
    0x67, 0x59, 0x81, 0x66, 0x74, 0xe, 0x66, 0xd2,
    0x0, 0xff, 0xe3, 0x52, 0x0, 0x7f, 0xf0, 0x50,
    0x80, 0x21, 0x44, 0xe0, 0xf, 0xf4, 0x46, 0xf0,
    0xf, 0xe1, 0xcc, 0xd6, 0x1, 0xff, 0xe2, 0x14,
    0x30, 0xe3, 0x31, 0x9, 0x9e, 0x43, 0x5a, 0xd0,
    0x6d, 0xd4, 0x8e, 0xee, 0xa8,

    /* U+6D41 "流" */
    0x0, 0xff, 0xe3, 0x18, 0x7, 0x35, 0x0, 0x7c,
    0x79, 0x20, 0x44, 0x15, 0x58, 0x44, 0x42, 0x0,
    0x3c, 0x76, 0xcd, 0xfc, 0x1b, 0xff, 0x65, 0x0,
    0x47, 0xed, 0xdf, 0xa1, 0x9d, 0xda, 0xc0, 0xa,
    0x22, 0x0, 0xba, 0x8, 0x78, 0xc0, 0x34, 0x7a,
    0x0, 0x2d, 0x1c, 0x5, 0xb4, 0x80, 0x2d, 0x6a,
    0x1a, 0x46, 0xfe, 0xd4, 0x2c, 0x10, 0xa, 0x3c,
    0x6e, 0xb3, 0xab, 0x7f, 0xa4, 0x3, 0xa9, 0x47,
    0x61, 0x68, 0x21, 0x5c, 0x40, 0x22, 0x41, 0x0,
    0x10, 0x4, 0x20, 0x1e, 0x84, 0x40, 0x17, 0x0,
    0x7f, 0x1a, 0xf8, 0x1, 0x50, 0x3, 0xc8, 0x0,
    0xf3, 0x40, 0xa2, 0x30, 0xd, 0xc3, 0x6a, 0x17,
    0xe1, 0x69, 0xe0, 0x22, 0xc, 0x6e, 0x35, 0x7,
    0x30, 0x8f, 0x20, 0x5f, 0x6, 0xff, 0x60, 0x0,

    /* U+6D4B "测" */
    0x2, 0x30, 0xf, 0xf1, 0xc8, 0x2e, 0x39, 0x5d,
    0xf0, 0x4, 0xee, 0x7, 0xab, 0x14, 0xff, 0x72,
    0x4, 0x90, 0x6, 0x5c, 0x11, 0x20, 0xb8, 0x1,
    0xc4, 0x2, 0x71, 0x0, 0x86, 0x84, 0x3, 0xec,
    0xf3, 0x0, 0x8, 0x8, 0x7, 0xd6, 0x8a, 0x1,
    0xff, 0xc1, 0xa6, 0x0, 0x8, 0x18, 0x7, 0xe1,
    0xb1, 0x2, 0x10, 0x0, 0x80, 0x79, 0x94, 0x51,
    0x48, 0x54, 0x40, 0x3d, 0x52, 0x55, 0xa8, 0xb4,
    0x1, 0xe6, 0x37, 0x3, 0x4d, 0xa6, 0xe, 0x30,
    0x0, 0xc3, 0x0, 0x3d, 0x16, 0xa4, 0x80, 0x31,
    0x94, 0x84, 0x9c, 0x82, 0xa2, 0x3, 0x28, 0x89,
    0x82, 0x17, 0x84, 0x0, 0xb6, 0xa, 0xbd,

    /* U+6D88 "消" */
    0x0, 0x20, 0x4, 0x40, 0x6, 0xf0, 0x0, 0x88,
    0x0, 0x97, 0x0, 0xba, 0x60, 0x1d, 0x58, 0x0,
    0x49, 0x77, 0x29, 0xf8, 0x6, 0x44, 0x70, 0x4,
    0xd4, 0xe1, 0xee, 0x20, 0x16, 0x39, 0x80, 0x4,
    0x14, 0x0, 0x32, 0x62, 0x5, 0x54, 0x10, 0x2e,
    0xa2, 0x0, 0x66, 0xe4, 0x8e, 0x63, 0x58, 0xb,
    0x42, 0x40, 0x29, 0xee, 0xe1, 0x10, 0x0, 0xaa,
    0xc0, 0x28, 0xdd, 0xe1, 0x0, 0xe9, 0x0, 0x9a,
    0x67, 0x84, 0x3, 0x1b, 0x10, 0x3, 0x91, 0x38,
    0x3, 0xac, 0xc8, 0x1, 0x3f, 0xfc, 0x20, 0x19,
    0xac, 0x2, 0x8e, 0xee, 0x10, 0x9, 0x45, 0x40,
    0x21, 0x1f, 0x0, 0x6b, 0x12, 0x0, 0xf8, 0xa4,
    0x40, 0x2a, 0x60, 0xf, 0xc4, 0x86, 0xe0, 0x4,
    0x80, 0xb, 0x98, 0x3, 0x6e, 0x8, 0x0,

    /* U+6E29 "温" */
    0x0, 0x8, 0x7, 0xff, 0x9, 0x3d, 0x81, 0x7f,
    0xfe, 0x50, 0x9, 0x32, 0x90, 0x7, 0x33, 0x84,
    0x3, 0x8b, 0x10, 0x7, 0x33, 0x84, 0x3, 0x72,
    0x80, 0x43, 0xdd, 0xc4, 0x1, 0xae, 0x98, 0x2,
    0x33, 0xf0, 0x6, 0x5b, 0x0, 0xd9, 0x9c, 0x2,
    0x1, 0x91, 0x81, 0x7b, 0xbe, 0x40, 0xc, 0xd4,
    0x1f, 0xff, 0xc0, 0x1b, 0x8, 0x1, 0x78, 0x3c,
    0x37, 0x80, 0x1c, 0xb4, 0x0, 0x72, 0x1, 0x7,
    0x10, 0xc, 0xc4, 0x40, 0xf, 0xfe, 0xd, 0xa0,
    0x8, 0x0, 0xc0, 0x41, 0xc0, 0x2, 0x2, 0x2a,
    0x7e, 0xc, 0xd1, 0xe1, 0xbd, 0xe, 0x41, 0xc3,
    0x7f, 0xff, 0xf9, 0x0,

    /* U+6E90 "源" */
    0x0, 0x8, 0x7, 0xff, 0x9, 0xfd, 0x3, 0xbf,
    0xff, 0x80, 0xf, 0x36, 0x21, 0x5d, 0xcb, 0x7e,
    0xec, 0x1, 0x3f, 0x9, 0x80, 0x17, 0xcd, 0x56,
    0x10, 0x1a, 0x21, 0x0, 0x96, 0xc0, 0x1f, 0x16,
    0x1, 0xb6, 0x0, 0xc0, 0x3, 0x77, 0x40, 0x4,
    0x35, 0x7a, 0x1, 0x87, 0xfe, 0xb0, 0xe, 0x45,
    0x1, 0x10, 0xf, 0xfd, 0x60, 0x1d, 0x2e, 0x0,
    0x70, 0x1f, 0xfa, 0xc0, 0x39, 0x0, 0x80, 0x93,
    0xfc, 0x37, 0xfe, 0x0, 0x88, 0x8a, 0xe2, 0x24,
    0x50, 0x9, 0x14, 0x2, 0xa3, 0x2e, 0x40, 0x9e,
    0x0, 0x8a, 0x90, 0x0, 0xd6, 0x88, 0xea, 0xb,
    0x0, 0x99, 0x94, 0x26, 0x65, 0x94, 0x67, 0xf0,
    0x81, 0x70, 0x98, 0x13, 0xd2, 0xfa, 0x2d, 0x20,
    0x4, 0x18, 0x1, 0x80,

    /* U+7247 "片" */
    0x0, 0xa5, 0x0, 0x37, 0x38, 0x7, 0xce, 0x60,
    0x1f, 0xfc, 0x13, 0x10, 0xc, 0x60, 0x1f, 0xfc,
    0xc8, 0xdd, 0xc5, 0x3b, 0xae, 0x20, 0x8, 0xe7,
    0xff, 0x6e, 0x7f, 0xb4, 0x80, 0x21, 0x11, 0x17,
    0xe3, 0x0, 0xf0, 0x8f, 0xc0, 0x1c, 0x21, 0x3d,
    0xde, 0xa0, 0xe, 0x20, 0xef, 0xfe, 0x70, 0xf,
    0x20, 0x88, 0x3, 0xff, 0x81, 0x6e, 0x1, 0xff,
    0xc0, 0x43, 0xd0, 0xf, 0xfe, 0x4, 0x92, 0x0,
    0x78, 0x40, 0x30, 0xa4, 0x80, 0x7e, 0x70, 0x8,

    /* U+72B6 "状" */
    0x0, 0xdc, 0xc0, 0x12, 0xc0, 0x7, 0xf1, 0x80,
    0x6d, 0x60, 0x80, 0x8, 0x58, 0x3, 0xf1, 0x1,
    0xe0, 0x0, 0xe1, 0x80, 0x3d, 0xe0, 0xb, 0x73,
    0x2, 0xa9, 0x10, 0x0, 0x8d, 0xe0, 0x22, 0xa1,
    0x0, 0x26, 0x8, 0x3, 0x7b, 0x8e, 0x7d, 0xd6,
    0x0, 0x46, 0x6, 0x19, 0xfe, 0x60, 0xff, 0xb8,
    0x3, 0x40, 0x80, 0x65, 0x3, 0x0, 0xf3, 0x30,
    0x40, 0x31, 0x95, 0x80, 0x73, 0x4e, 0x98, 0x4,
    0x83, 0x6a, 0x1, 0x8a, 0x64, 0x60, 0x1b, 0xdd,
    0xc4, 0x80, 0x11, 0x6b, 0x0, 0x64, 0x45, 0xb,
    0x48, 0x6, 0x20, 0x1, 0x80, 0xca, 0x98, 0x49,
    0xe0, 0x80, 0x7b, 0xb4, 0xec, 0x2, 0xa3, 0xc0,
    0xf, 0x8, 0x68, 0x80, 0x49, 0x7c, 0x0,

    /* U+7535 "电" */
    0x0, 0xe5, 0xf0, 0xf, 0xfe, 0x61, 0x16, 0x30,
    0x22, 0xe0, 0x9, 0x77, 0x32, 0x80, 0xcc, 0xda,
    0x1, 0xdf, 0xdc, 0xb0, 0xee, 0xa8, 0x3, 0xff,
    0x93, 0xdf, 0xea, 0xf, 0xfa, 0xc0, 0x3d, 0xdf,
    0xea, 0xf, 0xfa, 0xc0, 0x3f, 0xf9, 0x28, 0x96,
    0x82, 0x24, 0x60, 0x1e, 0x98, 0x82, 0x84, 0x45,
    0x66, 0x1, 0xd9, 0x94, 0x6, 0x67, 0x0, 0x4b,
    0xe0, 0x1f, 0xe1, 0xe3, 0x0, 0xe6, 0x5, 0x22,
    0xd2, 0x24, 0x1, 0xc6, 0x97, 0xbb, 0x99, 0xc4,

    /* U+753B "画" */
    0x0, 0xff, 0xe1, 0x1f, 0xff, 0xff, 0x3, 0x8f,
    0xff, 0xff, 0x81, 0xc0, 0x11, 0x5d, 0xfc, 0x1,
    0xe1, 0x48, 0xd4, 0x8d, 0x50, 0x9, 0x28, 0x0,
    0x26, 0xa2, 0x6a, 0x0, 0x4c, 0x17, 0x0, 0x85,
    0xc0, 0x5c, 0x0, 0x24, 0x1, 0x87, 0xe8, 0x7e,
    0x80, 0x3f, 0xf, 0x68, 0xf6, 0x80, 0x7f, 0xf0,
    0x84, 0x3, 0xce, 0x3f, 0x83, 0xf8, 0x1, 0xf2,
    0x7f, 0xfc, 0x1, 0x8a, 0xef, 0xfd, 0x20, 0x99,
    0x11, 0xfe, 0xb0, 0x13, 0x3f, 0xf8, 0x84,

    /* U+754C "界" */
    0x0, 0x2f, 0x77, 0xf9, 0x80, 0x3d, 0xdd, 0x50,
    0x77, 0x46, 0x1, 0xf1, 0x16, 0x2, 0x28, 0xc0,
    0x3c, 0x33, 0x35, 0xc, 0xcc, 0x20, 0x1e, 0x1b,
    0xba, 0x6, 0xee, 0x20, 0xf, 0xbb, 0xaa, 0xe,
    0xe8, 0xc0, 0x39, 0x7b, 0xb4, 0xb7, 0x76, 0x60,
    0xf, 0xd5, 0xc, 0xe0, 0x1f, 0xe5, 0xe7, 0xcc,
    0x4e, 0xa0, 0x7, 0x1c, 0x74, 0x4e, 0x99, 0x78,
    0xde, 0xb9, 0x80, 0x28, 0xef, 0x60, 0xc0, 0x2,
    0x6e, 0xb3, 0xa0, 0x9, 0xb5, 0x20, 0x30, 0x8,
    0x76, 0x3b, 0xc0, 0x39, 0x48, 0x3, 0xf0, 0x80,
    0x65, 0x89, 0x0, 0xff, 0xe0, 0x15, 0x4a, 0x0,
    0x61, 0x0, 0xf8, 0xb9, 0x80, 0x3b, 0xd4, 0x3,
    0x0,

    /* U+7684 "的" */
    0x0, 0xff, 0xe2, 0xe, 0x10, 0x4, 0x58, 0x60,
    0x1c, 0xa6, 0x40, 0x12, 0x19, 0x80, 0x38, 0x94,
    0x3, 0x52, 0x99, 0xe4, 0xf9, 0x5f, 0xf2, 0x11,
    0xa6, 0xeb, 0x30, 0x3, 0xdd, 0x8, 0x41, 0xf7,
    0x58, 0x1, 0x8, 0xc1, 0x8b, 0xe0, 0x18, 0x40,
    0x3d, 0xb4, 0xec, 0x0, 0x70, 0x0, 0xf7, 0x42,
    0x25, 0x29, 0x10, 0x1, 0x80, 0xe6, 0x42, 0x0,
    0x61, 0x60, 0xe, 0x22, 0x80, 0x33, 0x50, 0x8,
    0x80, 0x3f, 0xa7, 0x0, 0xdc, 0x0, 0x23, 0x0,
    0x61, 0x10, 0x8, 0x80, 0x7b, 0xa1, 0x0, 0xf6,
    0x90, 0x8b, 0xfe, 0x20, 0x9, 0x33, 0x9e, 0x97,
    0x80, 0x2d, 0x40, 0x2, 0x56, 0xe8, 0x80,

    /* U+77ED "短" */
    0x0, 0x62, 0x80, 0x7f, 0xf0, 0x48, 0xd8, 0x2,
    0xcf, 0xff, 0x80, 0x8, 0xc, 0xaa, 0x4c, 0xff,
    0xf8, 0x1, 0xa3, 0x15, 0x3a, 0x4, 0x5e, 0x10,
    0x14, 0xde, 0xc, 0x90, 0xdf, 0xfd, 0xb2, 0x3,
    0x86, 0x1, 0xef, 0xdd, 0x97, 0xc0, 0x4, 0xe,
    0x20, 0x20, 0x1f, 0xee, 0xfb, 0x1f, 0xf0, 0x1,
    0xcc, 0xe1, 0x0, 0xbf, 0xce, 0x7f, 0xc0, 0x73,
    0xff, 0x38, 0x80, 0x64, 0x1, 0x0, 0x5f, 0xe6,
    0x21, 0x9c, 0x2, 0x23, 0x6f, 0x40, 0xd8, 0x0,
    0x6b, 0x88, 0x5, 0x29, 0x4d, 0x65, 0x28, 0x42,
    0xd2, 0x1, 0x3a, 0x48, 0x47, 0x19, 0x59, 0xc9,
    0xa8, 0x8d, 0x54, 0x20, 0xb, 0xb9, 0x7c, 0xe7,
    0xdc, 0x81, 0xd5, 0x0, 0x87, 0xff, 0xf4, 0x80,

    /* U+793A "示" */
    0x0, 0xff, 0xe2, 0x7f, 0xff, 0x84, 0x2, 0xde,
    0xef, 0xda, 0x20, 0x11, 0x8, 0xfe, 0x20, 0xf,
    0xfe, 0x25, 0x6e, 0xff, 0xf0, 0x67, 0xbb, 0x94,
    0x7b, 0xba, 0x4c, 0xe0, 0x33, 0x78, 0x19, 0x88,
    0xcc, 0x80, 0x2, 0xc5, 0x0, 0xcd, 0x82, 0x1,
    0xa4, 0xd4, 0x3, 0x30, 0xd0, 0x4, 0xa9, 0xc0,
    0x1e, 0xd5, 0x90, 0x2a, 0x82, 0x0, 0xf0, 0xd3,
    0x2b, 0x9b, 0x80, 0x5e, 0xe0, 0x12, 0x40, 0xae,
    0x0, 0x13, 0xdc, 0xc0, 0x33, 0xa0, 0x6, 0x49,
    0xd8, 0x0, 0xf0,

    /* U+79D2 "秒" */
    0x0, 0xe3, 0x10, 0xb, 0x90, 0x3, 0x89, 0x63,
    0x31, 0x20, 0x1f, 0xe5, 0xe1, 0x2f, 0x80, 0x8,
    0xc0, 0x3c, 0xf7, 0x40, 0x1b, 0x4c, 0x1, 0x54,
    0x0, 0x8c, 0xcc, 0x4, 0x43, 0x22, 0x0, 0x25,
    0x58, 0x7, 0x36, 0x87, 0x25, 0x88, 0x40, 0x7,
    0x12, 0x43, 0xfc, 0xa3, 0xd7, 0x8e, 0x1, 0x9e,
    0x88, 0x2, 0x40, 0x55, 0x26, 0x80, 0x69, 0x70,
    0x9, 0x84, 0xe, 0xf1, 0xc0, 0xc1, 0x59, 0x80,
    0x1, 0x84, 0x6, 0x22, 0x0, 0x1d, 0xd2, 0xa8,
    0x0, 0xa0, 0xf0, 0x6, 0x18, 0x2, 0x6c, 0xe0,
    0x0, 0x2b, 0x60, 0x1f, 0x2b, 0xd1, 0x0, 0x7,
    0xd4, 0x3, 0x86, 0x6a, 0x54, 0x3, 0x8, 0x6,
    0x9c, 0xe5, 0xc6, 0x0, 0xf8, 0x44, 0x2, 0xd7,
    0x86, 0x1, 0xc0,

    /* U+7B54 "答" */
    0x0, 0x8c, 0x3, 0xc6, 0x1, 0xfb, 0x20, 0x3,
    0x36, 0x8, 0x7, 0xa0, 0x12, 0xee, 0x2b, 0x1a,
    0xbb, 0x61, 0x1, 0x3c, 0xab, 0xc4, 0x28, 0xf7,
    0xd3, 0xa0, 0x83, 0xd5, 0xac, 0xc6, 0x8a, 0xcd,
    0xf, 0x10, 0x1, 0x36, 0x5, 0x10, 0x61, 0x50,
    0x4, 0x68, 0x4, 0x82, 0x1, 0x2d, 0x86, 0x18,
    0x22, 0x0, 0x3d, 0x31, 0x89, 0x69, 0x94, 0x80,
    0x18, 0xa3, 0x90, 0xb7, 0xb8, 0xe8, 0x37, 0xf6,
    0x44, 0xd7, 0x76, 0xe7, 0xfd, 0xd5, 0x78, 0xae,
    0x44, 0x8c, 0x92, 0x33, 0xf1, 0x1d, 0x60, 0x1,
    0xcd, 0xb7, 0xff, 0xda, 0x80, 0x1e, 0x31, 0xdd,
    0xf0, 0x80, 0x7e, 0x1c, 0xcf, 0x8, 0x7, 0xf4,
    0x47, 0x80, 0x3f, 0x18, 0xa2, 0x78, 0x40, 0x30,

    /* U+7EBF "线" */
    0x0, 0xa1, 0x0, 0x26, 0x90, 0xf, 0xc2, 0xe2,
    0x1, 0xb, 0x86, 0x38, 0x7, 0x42, 0xa8, 0x2,
    0x13, 0xf, 0xb0, 0xc, 0x6f, 0x65, 0xc6, 0x1,
    0xd7, 0x63, 0x1, 0xe8, 0x18, 0x57, 0x75, 0x17,
    0xfb, 0xb0, 0x81, 0x4a, 0x7d, 0x6b, 0x39, 0x3,
    0xf2, 0x5c, 0x0, 0x99, 0xeb, 0x23, 0x13, 0x40,
    0x8f, 0x5d, 0xc0, 0x1, 0xab, 0x30, 0x1a, 0xf0,
    0x27, 0xb3, 0x7c, 0x0, 0xb5, 0x26, 0x85, 0xfe,
    0x38, 0x9e, 0x81, 0x0, 0x40, 0x5f, 0xea, 0x20,
    0x53, 0xdd, 0xda, 0x20, 0xf, 0xf7, 0x64, 0x80,
    0x56, 0xb1, 0x4c, 0x1, 0xa, 0xc5, 0xf3, 0x0,
    0xc0, 0x1a, 0x82, 0x0, 0xe5, 0x8f, 0x63, 0x33,
    0xc3, 0x4a, 0x4e, 0xd0, 0x7b, 0x92, 0xa5, 0x93,
    0x16, 0x58, 0xf8, 0x48, 0x2, 0x1, 0xbb, 0x8c,
    0x0, 0x2f, 0x9c, 0x0,

    /* U+7ED8 "绘" */
    0x0, 0xff, 0x8, 0x7, 0xe9, 0x60, 0xc, 0xdc,
    0x40, 0x1e, 0x16, 0x0, 0xea, 0x5, 0x0, 0xf3,
    0x13, 0x0, 0x48, 0x79, 0x24, 0x1, 0xd3, 0x1,
    0x66, 0x12, 0xe7, 0x18, 0x40, 0x15, 0xaa, 0xe2,
    0x90, 0x80, 0x64, 0xd7, 0x2, 0x44, 0x75, 0x4c,
    0x3a, 0x77, 0x48, 0xf0, 0x85, 0x9d, 0x24, 0xe3,
    0x51, 0x99, 0xa3, 0x50, 0xc, 0x22, 0x42, 0x10,
    0x48, 0xb0, 0x10, 0x0, 0x75, 0x95, 0x7, 0xff,
    0xe9, 0x0, 0x31, 0xb7, 0xc8, 0xef, 0x22, 0xf7,
    0x50, 0x0, 0x6d, 0xfe, 0xd0, 0x25, 0x4b, 0x2d,
    0x11, 0x0, 0x4, 0x15, 0xe8, 0x45, 0x32, 0x13,
    0x26, 0x0, 0xbf, 0x63, 0xb0, 0x30, 0xd, 0x9c,
    0xec, 0x2, 0xbe, 0xd9, 0x61, 0x6, 0xd1, 0x29,
    0x25, 0x0, 0x20, 0x80, 0x6d, 0xb8, 0x75, 0x4c,
    0x50,

    /* U+7F6E "置" */
    0xd, 0xed, 0xd7, 0x6e, 0xbf, 0x75, 0xd8, 0x1,
    0xc, 0x6c, 0xa6, 0xe8, 0xbf, 0x64, 0x3, 0x35,
    0x64, 0x36, 0xf0, 0xf6, 0x5b, 0x0, 0xf, 0x2a,
    0xb0, 0x9d, 0x56, 0xc0, 0x3, 0xf0, 0x8e, 0x27,
    0x11, 0xdc, 0x0, 0x48, 0x1c, 0xc8, 0x5b, 0x32,
    0x38, 0x0, 0xdc, 0x53, 0x2d, 0xe9, 0x90, 0x8,
    0x7, 0x7b, 0xff, 0xf9, 0x0, 0x3e, 0x6c, 0xcf,
    0x20, 0x7, 0xcf, 0xdd, 0xe4, 0x0, 0xf9, 0x22,
    0x3c, 0x40, 0x1f, 0x88, 0xbc, 0x20, 0x1b, 0xb6,
    0x56, 0x23, 0xc5, 0x1b, 0xc0,

    /* U+80CC "背" */
    0x0, 0xe6, 0xd0, 0x7, 0x90, 0x7, 0xc2, 0x1,
    0x8, 0x6, 0x17, 0xa0, 0x9, 0xbf, 0xb9, 0x0,
    0x1b, 0xfd, 0x84, 0x1, 0x37, 0x75, 0x60, 0x1b,
    0xb9, 0x70, 0x1, 0x44, 0xde, 0xd8, 0x6, 0x70,
    0x2, 0xe0, 0x5, 0xf1, 0x94, 0xe0, 0x7, 0x9e,
    0xe4, 0x58, 0x2, 0x18, 0x81, 0x68, 0x45, 0x39,
    0xfe, 0xd7, 0x0, 0xdf, 0xec, 0xcf, 0x7f, 0x0,
    0x7d, 0x7b, 0xbe, 0xa0, 0xf, 0x8e, 0xbf, 0xfd,
    0x62, 0x1, 0xf5, 0x7f, 0xfa, 0xc0, 0x3f, 0x57,
    0xff, 0xac, 0x3, 0xf5, 0x7f, 0xfa, 0xc0, 0x3e,
    0x30, 0xe, 0x18, 0xf3, 0x0, 0xff, 0xe0, 0xa,
    0xbc, 0x80, 0x40,

    /* U+81EA "自" */
    0x0, 0xc4, 0x1, 0xff, 0x4d, 0x80, 0x7f, 0x9b,
    0x40, 0x3c, 0x79, 0x91, 0x5e, 0x67, 0x1b, 0x9c,
    0x42, 0xe6, 0x23, 0x1b, 0x80, 0xa2, 0x7e, 0x10,
    0x0, 0x99, 0xfe, 0x10, 0xb, 0xff, 0xf0, 0x4,
    0x39, 0x9f, 0x84, 0x0, 0x26, 0x7f, 0x84, 0x2,
    0xff, 0xfc, 0x1, 0xe, 0x67, 0xe1, 0x0, 0xff,
    0xe1, 0xf, 0xff, 0xe1, 0x1, 0x17, 0xff, 0xe1,
    0x10,

    /* U+8272 "色" */
    0x0, 0xe7, 0xa1, 0x0, 0xff, 0xe0, 0xc, 0x10,
    0x80, 0x7f, 0xf0, 0x34, 0x1f, 0xff, 0x60, 0x7,
    0xd6, 0x1f, 0xfa, 0x3, 0x40, 0x38, 0xf5, 0xb4,
    0x2, 0x38, 0x91, 0x0, 0xef, 0x62, 0xef, 0xfb,
    0x2, 0x7f, 0xd4, 0x1, 0x65, 0x8d, 0x7f, 0xac,
    0x7f, 0xe6, 0x30, 0xf, 0xfe, 0x55, 0x7f, 0xac,
    0x7f, 0xe6, 0x0, 0xfa, 0xbf, 0xfe, 0x63, 0x0,
    0xff, 0xe1, 0x45, 0x80, 0x7f, 0xf0, 0x84, 0x46,
    0x1, 0xde, 0x45, 0xf9, 0xb0, 0x40, 0x28, 0x4d,
    0xdf, 0xb2, 0xac, 0x40,

    /* U+8B66 "警" */
    0x0, 0xff, 0xe3, 0xdb, 0x6, 0x98, 0x3, 0x1c,
    0x3, 0xaf, 0x52, 0x34, 0xbb, 0x1c, 0xf2, 0xee,
    0x60, 0xbd, 0x2b, 0xd7, 0xf8, 0x84, 0xc6, 0x2c,
    0x20, 0x2, 0xc2, 0x35, 0x73, 0x13, 0x47, 0xc8,
    0x64, 0x3a, 0x89, 0xbe, 0x41, 0x96, 0xda, 0x0,
    0x3, 0x1, 0xb4, 0x8b, 0x5e, 0x1e, 0x81, 0x6c,
    0x40, 0xa5, 0x3c, 0x4, 0xe7, 0xd7, 0x34, 0x70,
    0x0, 0x8a, 0xac, 0x4d, 0xf, 0x42, 0x5a, 0xcc,
    0xe, 0x10, 0x11, 0xaa, 0x9e, 0x22, 0x1, 0xe7,
    0x6, 0x67, 0x55, 0x7e, 0xc6, 0x61, 0x80, 0x5e,
    0x89, 0xfb, 0x0, 0x3e, 0xff, 0xfc, 0x1, 0xf4,
    0x66, 0xef, 0xd0, 0x20, 0x1e, 0x76, 0x6f, 0x80,
    0x3f, 0x7e, 0x67, 0xc0, 0x18,

    /* U+8BBE "设" */
    0x0, 0x28, 0x7, 0xff, 0xe, 0x2c, 0x2, 0xff,
    0xe3, 0x0, 0xec, 0x59, 0x0, 0xb7, 0xf8, 0x3,
    0xe1, 0xdc, 0x2, 0x3, 0x0, 0xff, 0x1a, 0x85,
    0x18, 0x80, 0x7c, 0x9b, 0xb0, 0xab, 0xc0, 0x0,
    0x43, 0x76, 0x5, 0xe8, 0x20, 0x19, 0x40, 0xb,
    0x6e, 0x64, 0x2, 0x6e, 0x1, 0x4f, 0xfe, 0xda,
    0x14, 0x0, 0xf2, 0x70, 0x77, 0xfa, 0x5, 0x40,
    0x3f, 0xa, 0x48, 0x2, 0x64, 0x1, 0xf1, 0x48,
    0x4b, 0x9c, 0x9b, 0x80, 0x7d, 0xaa, 0x5, 0x18,
    0xdc, 0x1, 0xe6, 0x5, 0xc0, 0x1d, 0x0, 0x58,
    0x80, 0x78, 0xa9, 0x2b, 0x8f, 0xb0, 0xfb, 0x24,
    0x40, 0x9, 0xa1, 0xfb, 0xd2, 0x27, 0x7b, 0x40,
    0x20,

    /* U+8BDD "话" */
    0x0, 0x2b, 0x0, 0x7c, 0x28, 0xa0, 0x1d, 0x28,
    0xb, 0x15, 0x9d, 0xca, 0xe0, 0xc, 0xad, 0x0,
    0x63, 0xa8, 0x1f, 0xd6, 0x1, 0xd3, 0x80, 0xd2,
    0xf8, 0x1, 0xff, 0x1a, 0x24, 0x62, 0x89, 0x85,
    0x3f, 0xe0, 0xb8, 0x8a, 0x82, 0x23, 0x2a, 0x6d,
    0x0, 0x23, 0x32, 0x91, 0xcc, 0xc8, 0x4, 0x20,
    0x1f, 0xfc, 0x73, 0xcc, 0x48, 0xe6, 0x40, 0x1f,
    0x1b, 0x97, 0x7e, 0xf5, 0x10, 0x7, 0x8f, 0xc,
    0x8, 0xb8, 0x3, 0xec, 0x93, 0x0, 0xff, 0x8c,
    0x25, 0x80, 0x7f, 0xf5, 0x80, 0x73, 0xd3, 0x0,
    0x7, 0xff, 0x58, 0x80, 0x0,

    /* U+8D56 "赖" */
    0x0, 0xff, 0xe3, 0xa7, 0x80, 0x66, 0xe2, 0x0,
    0xf9, 0xc4, 0x3, 0x59, 0x9, 0x90, 0x0, 0x77,
    0x5c, 0x3b, 0xa5, 0x72, 0xf, 0xc6, 0x0, 0xf,
    0xfa, 0x47, 0xfc, 0x11, 0x59, 0x68, 0x80, 0x8,
    0xcc, 0x0, 0x33, 0x6a, 0xa0, 0xcf, 0x8, 0x5,
    0x9f, 0x43, 0x9d, 0x49, 0xf8, 0x71, 0xc6, 0x1,
    0x6e, 0x87, 0x44, 0xe, 0xb7, 0x61, 0x0, 0xca,
    0xa1, 0x31, 0x0, 0x93, 0x80, 0x39, 0xf6, 0x2,
    0x10, 0x2, 0x12, 0x0, 0xea, 0xa0, 0x8a, 0x6c,
    0x80, 0x6, 0xc0, 0x1e, 0xd3, 0x1f, 0x70, 0x30,
    0xfd, 0x0, 0xeb, 0x6f, 0x1c, 0xa2, 0xe7, 0x63,
    0x6b, 0x20, 0x22, 0x50, 0x0, 0x74, 0x9f, 0x25,
    0x6a, 0x40, 0x5, 0x20, 0x1, 0x2, 0xeb, 0xc6,
    0x1c, 0x6b, 0x0, 0xc7, 0xe0, 0x59, 0x83, 0x0,
    0xaa, 0x80,

    /* U+8D85 "超" */
    0x0, 0xde, 0x60, 0x1f, 0xfc, 0x51, 0xff, 0xf3,
    0x0, 0x1f, 0xfc, 0x19, 0xe9, 0xf4, 0x1f, 0xe1,
    0x30, 0x3, 0x6e, 0x82, 0xf5, 0x43, 0xc, 0x0,
    0x22, 0x0, 0x9, 0x10, 0x1c, 0x80, 0xda, 0x40,
    0x41, 0xc0, 0x19, 0xfe, 0xc, 0xfd, 0xc5, 0x54,
    0x71, 0x18, 0x3, 0x7b, 0xd5, 0xfb, 0x2a, 0x4f,
    0x63, 0x84, 0x2, 0x82, 0x0, 0x8, 0x9b, 0x3a,
    0x2b, 0x14, 0x0, 0x6c, 0x0, 0x6d, 0x70, 0x6,
    0xec, 0x40, 0x13, 0x1, 0x3, 0xca, 0x80, 0x7f,
    0x18, 0x18, 0xa, 0x10, 0x0, 0x46, 0x0, 0xd8,
    0x5a, 0xc0, 0x1d, 0xdd, 0x10, 0x0, 0x92, 0x34,
    0x56, 0x5d, 0xaa, 0xb8, 0x80, 0xa, 0xa3, 0xd8,
    0xb, 0xb5, 0x57, 0x68, 0x0,

    /* U+8DEF "路" */
    0x0, 0xfe, 0x84, 0x0, 0xfa, 0xab, 0x48, 0xb,
    0x81, 0x14, 0x20, 0x12, 0xff, 0x63, 0x84, 0x94,
    0x77, 0xe9, 0x0, 0x65, 0x44, 0x0, 0xbd, 0x66,
    0x15, 0xc, 0x3, 0x19, 0x30, 0x5b, 0xd2, 0x13,
    0x48, 0x6, 0x3f, 0xd9, 0x5b, 0x8f, 0xaf, 0x92,
    0x0, 0xd9, 0x81, 0xeb, 0x10, 0x13, 0x2d, 0x10,
    0x8, 0x64, 0x3, 0x25, 0x6d, 0xf9, 0xf5, 0x18,
    0x1b, 0x80, 0x33, 0x79, 0xac, 0x93, 0x60, 0x4,
    0x3, 0xaf, 0x28, 0xa7, 0xfd, 0x10, 0xa2, 0x0,
    0xe7, 0x10, 0x7, 0x5d, 0xbc, 0x40, 0x38, 0x42,
    0x71, 0x80, 0x3f, 0xa0, 0x7d, 0x33, 0x58, 0x37,
    0xfd, 0x80, 0x1b, 0x6f, 0xa9, 0x84, 0x1, 0xbf,
    0xec, 0x10, 0x9, 0xd0, 0x3, 0xb8, 0x80, 0x7,
    0xe0, 0x0,

    /* U+8F85 "辅" */
    0x0, 0x9d, 0xc0, 0x1d, 0xe9, 0x48, 0x1, 0xb0,
    0x40, 0x3c, 0xfb, 0xa0, 0x1, 0x11, 0x8, 0x82,
    0xec, 0xc0, 0xb1, 0xf7, 0xf, 0xc0, 0x8f, 0x7e,
    0xfe, 0x2, 0xef, 0xe0, 0xd7, 0x76, 0x6b, 0x4c,
    0xa0, 0x66, 0x26, 0x40, 0x7, 0xcf, 0x0, 0x7f,
    0xc3, 0x9f, 0xe5, 0x6, 0x56, 0x0, 0x87, 0x7c,
    0x73, 0xc8, 0x42, 0x57, 0xc3, 0x1c, 0x4, 0x40,
    0xe2, 0x1, 0x4d, 0xc0, 0x42, 0x86, 0xf8, 0xd7,
    0x90, 0x1, 0x95, 0xc1, 0xc, 0x33, 0x87, 0x78,
    0x80, 0x56, 0x24, 0x3a, 0x3, 0xb0, 0x7b, 0x8,
    0x6, 0x47, 0x3, 0xa4, 0x27, 0xc2, 0xfc, 0x40,
    0x19, 0x2a, 0x1, 0x9c, 0xc5, 0x48, 0x3, 0xff,
    0x80, 0x21, 0x42, 0xe0, 0x1f, 0x8, 0x3, 0xcf,
    0x18, 0xc0, 0x22, 0xe0, 0x7, 0x90, 0x4, 0xf2,
    0x0,

    /* U+8F93 "输" */
    0x0, 0xff, 0xe3, 0x1c, 0x0, 0x76, 0x38, 0x7,
    0xc8, 0xa0, 0x19, 0x4a, 0x4c, 0x3, 0x9b, 0x19,
    0x50, 0x6, 0xea, 0x9a, 0x40, 0x1b, 0x51, 0xfb,
    0x43, 0x51, 0x98, 0xfa, 0xc0, 0x15, 0x86, 0xdc,
    0xdb, 0x33, 0xfc, 0x8f, 0x3a, 0x20, 0xa8, 0x82,
    0xa7, 0xef, 0xed, 0xd4, 0x5d, 0x8, 0x4f, 0x4d,
    0x42, 0xf3, 0x69, 0xda, 0xd2, 0x1, 0x9a, 0x8d,
    0x4, 0xd, 0x80, 0x31, 0x80, 0xf, 0x7d, 0x24,
    0xc1, 0x20, 0x40, 0x3e, 0x20, 0x1, 0x90, 0x55,
    0x90, 0x7, 0x85, 0xa5, 0x65, 0x42, 0x38, 0x80,
    0x3c, 0x36, 0x7, 0x4e, 0xf, 0xe4, 0xe, 0x1,
    0xdb, 0x2c, 0x1, 0x78, 0x98, 0x53, 0x18, 0x7,
    0x38, 0x0, 0xc2, 0x84, 0x9b, 0x84, 0x3, 0xc6,
    0x14, 0xf7, 0xc2, 0xe, 0x86, 0x1, 0xb1, 0x80,
    0x21, 0x10, 0x2, 0xac, 0x0,

    /* U+8FC7 "过" */
    0x0, 0x20, 0x7, 0xef, 0x60, 0xc, 0x37, 0x0,
    0x1f, 0x8, 0x7, 0xc, 0x39, 0x80, 0x78, 0xc0,
    0x3c, 0xe6, 0xcc, 0xff, 0xe2, 0x9f, 0xc0, 0xd,
    0x8a, 0xdd, 0xdc, 0x53, 0xda, 0x0, 0x21, 0x10,
    0x0, 0xdc, 0x46, 0x0, 0x8, 0x80, 0x77, 0xb8,
    0xa0, 0xb2, 0x40, 0x1f, 0xf, 0xf8, 0x40, 0xe,
    0x16, 0x1, 0xff, 0xc2, 0x70, 0xf, 0xfe, 0x1c,
    0x48, 0x7, 0xff, 0x10, 0x48, 0x86, 0x1, 0xc8,
    0x3a, 0x1, 0xb3, 0x45, 0x0, 0x34, 0xd5, 0x8f,
    0x53, 0xad, 0x45, 0x2a, 0xc2, 0x49, 0xa9, 0x38,
    0x75, 0x71, 0xb, 0xb5, 0x40, 0x96, 0x98, 0x0,
    0xa7, 0x7b, 0xff, 0xb4, 0x0,

    /* U+9009 "选" */
    0x0, 0xf2, 0x28, 0x5e, 0x80, 0x7d, 0x92, 0x0,
    0xfc, 0x0, 0x8, 0x7, 0xd2, 0xc0, 0x4, 0x46,
    0x29, 0xe6, 0xc8, 0x6, 0x53, 0x27, 0x2f, 0xe5,
    0x2e, 0xfb, 0x0, 0xec, 0x22, 0x59, 0x10, 0x4,
    0x8a, 0x0, 0x88, 0x44, 0x6, 0xc, 0xc7, 0x16,
    0x69, 0x40, 0x1b, 0xfc, 0x5d, 0x98, 0x97, 0x69,
    0xcc, 0x68, 0x3, 0xfc, 0x0, 0x8a, 0xa0, 0x4f,
    0x8d, 0x52, 0x0, 0x3f, 0x10, 0x10, 0x7, 0xff,
    0x6, 0x94, 0x3, 0x22, 0x80, 0x7c, 0x8f, 0x0,
    0x1, 0x4f, 0xa0, 0xe, 0x12, 0xba, 0x20, 0x53,
    0xb4, 0x70, 0x1, 0xe3, 0x44, 0xb8, 0x19, 0xdd,
    0xb9, 0x82, 0x9, 0xa9, 0xb9, 0xff, 0xb7, 0x37,
    0x59, 0x46, 0x14, 0xe0, 0x2, 0x7a, 0xce, 0xe7,
    0xfd, 0xc2,

    /* U+91CD "重" */
    0x0, 0xfe, 0x24, 0x76, 0x0, 0xd3, 0x79, 0xbd,
    0xff, 0x46, 0x78, 0x6, 0xb8, 0xec, 0xe1, 0xad,
    0xcb, 0x90, 0x1, 0xef, 0x7f, 0x6e, 0xc, 0x66,
    0x75, 0x1f, 0xf7, 0x70, 0xdf, 0x77, 0x40, 0x11,
    0x3b, 0xfe, 0x18, 0xff, 0xc4, 0x40, 0x8, 0xaf,
    0xfc, 0x31, 0xfe, 0xb3, 0x0, 0xe3, 0x8c, 0xc0,
    0xc6, 0x62, 0x0, 0x3c, 0x73, 0x98, 0x19, 0xcc,
    0x48, 0x7, 0xd1, 0xba, 0x18, 0xdd, 0x40, 0x80,
    0x77, 0x7f, 0xc3, 0x5f, 0xf8, 0x3, 0x6f, 0x76,
    0x1b, 0xee, 0xbe, 0x0, 0x2d, 0xee, 0xc3, 0x7d,
    0xd7, 0xc0, 0xf, 0xff, 0x86, 0xbf, 0xfa, 0xc0,

    /* U+91CF "量" */
    0x0, 0xbf, 0x33, 0xf7, 0x80, 0x78, 0x47, 0xf0,
    0x7, 0xd7, 0x33, 0xeb, 0x0, 0xf4, 0x81, 0x17,
    0x82, 0x40, 0x5, 0xfd, 0x77, 0xfe, 0xef, 0x2f,
    0xeb, 0xbf, 0xf7, 0x78, 0x0, 0x67, 0x84, 0x55,
    0x41, 0x17, 0x48, 0x80, 0x72, 0xd5, 0x8, 0x95,
    0x45, 0x0, 0xfa, 0xe2, 0xa, 0xa8, 0x85, 0x80,
    0x70, 0xc0, 0x91, 0x1d, 0xc4, 0x41, 0x81, 0x0,
    0x9e, 0xef, 0x11, 0x2e, 0xea, 0x50, 0x9, 0xb7,
    0x32, 0x77, 0x66, 0x65, 0x0, 0x5e, 0x63, 0x76,
    0x77, 0x6e, 0xd9, 0xb6,

    /* U+95ED "闭" */
    0x0, 0x4a, 0x0, 0x7f, 0xf0, 0x6, 0xc8, 0x37,
    0xff, 0xe0, 0x28, 0x80, 0x87, 0xe4, 0x6e, 0xd2,
    0xd, 0xa0, 0xe6, 0x4, 0x10, 0x64, 0x43, 0x13,
    0x10, 0xf, 0x84, 0x3, 0xc5, 0xff, 0xb0, 0x3f,
    0xcc, 0x1, 0x8b, 0x37, 0x50, 0x0, 0xcc, 0x38,
    0x7, 0x19, 0x12, 0x94, 0xc, 0xc2, 0x1, 0xf5,
    0x4, 0x80, 0x7f, 0xa9, 0x3c, 0x3, 0xf9, 0x39,
    0x34, 0x80, 0x3f, 0x99, 0xfc, 0xc1, 0x0, 0x3f,
    0x14, 0x88, 0x64, 0x28, 0x12, 0xf8, 0x18, 0x7,
    0x77, 0x28, 0x1, 0x4f, 0xd, 0xc0, 0x18, 0x84,
    0x0, 0x5f, 0xac,

    /* U+969C "障" */
    0x0, 0xff, 0xe5, 0xa6, 0x80, 0x75, 0x56, 0x80,
    0x32, 0x76, 0x32, 0x28, 0x17, 0x25, 0x78, 0xfe,
    0x60, 0x3f, 0xa6, 0xc0, 0x4, 0x0, 0x63, 0xc6,
    0xeb, 0xb0, 0x5c, 0x80, 0x56, 0xa3, 0xfc, 0x77,
    0xd2, 0x5d, 0xf0, 0x0, 0x6f, 0x1f, 0xee, 0xfb,
    0xe0, 0x0, 0xd2, 0x3, 0xfd, 0xdd, 0xe6, 0x1,
    0x40, 0xb0, 0x2, 0x2e, 0xf0, 0x8, 0x6, 0xbd,
    0x0, 0x7e, 0xee, 0x0, 0xe5, 0xd7, 0x0, 0x11,
    0x70, 0x8, 0x5, 0xd, 0x3, 0x91, 0xcb, 0xd3,
    0x86, 0x1, 0x66, 0xa9, 0x88, 0x9c, 0x1c, 0x44,
    0x42, 0x0, 0x10, 0x7f, 0x99, 0x40, 0x44, 0xcb,
    0x9c, 0x3, 0x36, 0x5d, 0xa8, 0x2a, 0xed, 0x8d,
    0xe8, 0x1, 0xf8, 0xc0, 0x30,

    /* U+9762 "面" */
    0x0, 0xff, 0xe1, 0x7f, 0xff, 0xf0, 0x7b, 0xbd,
    0x61, 0xdd, 0xef, 0x11, 0xed, 0x61, 0x1f, 0x83,
    0x7f, 0xe6, 0x67, 0xff, 0x60, 0x5, 0x3e, 0xed,
    0xfe, 0x58, 0xf8, 0x0, 0xff, 0xe4, 0xb7, 0xf9,
    0x40, 0x3f, 0xcd, 0xfe, 0x50, 0xf, 0xf3, 0xe6,
    0x10, 0x3, 0xfc, 0x9d, 0xc4, 0x0, 0xff, 0x19,
    0x10, 0x3, 0xf5, 0xe3, 0x3e, 0x61, 0x27, 0x24,
    0x3, 0x2f, 0xee, 0xbf, 0xdb, 0xaf, 0x60, 0x0,

    /* U+9AD8 "高" */
    0x0, 0xf0, 0x88, 0x3, 0xff, 0x81, 0xd2, 0x1,
    0xea, 0xaf, 0xb, 0x55, 0x7b, 0xff, 0xd7, 0x6f,
    0xff, 0x2a, 0x83, 0xbb, 0xf3, 0x2a, 0x80, 0x4,
    0xf1, 0x1e, 0x57, 0x0, 0xff, 0xe3, 0x13, 0xc4,
    0x79, 0x5c, 0x0, 0x6c, 0x7b, 0xbf, 0x95, 0x91,
    0x16, 0x1, 0xfe, 0xad, 0x1, 0x67, 0xdd, 0xf2,
    0x33, 0x0, 0x30, 0xa4, 0xce, 0x41, 0x0, 0xff,
    0xe4, 0xa, 0x4c, 0xe4, 0x10, 0x0, 0x80, 0x43,
    0x77, 0xe2, 0xb4, 0xc7, 0xc0, 0xf, 0xeb, 0xe4,

    /* U+FF08 "（" */
    0x0, 0xce, 0x1, 0xaf, 0x0, 0x29, 0x1b, 0x0,
    0x22, 0x28, 0x2, 0xfb, 0x0, 0xc8, 0xc0, 0x11,
    0x8, 0x6, 0x30, 0xe, 0x11, 0x0, 0x72, 0x30,
    0x6, 0xfb, 0x0, 0xc8, 0xf4, 0x1, 0xa9, 0xac,
    0x3, 0x66, 0x80,

    /* U+FF09 "）" */
    0x7, 0x0, 0xed, 0xc0, 0xd, 0x4d, 0x40, 0x1a,
    0x9d, 0x0, 0x34, 0x40, 0x3, 0x29, 0x80, 0x71,
    0x18, 0x7, 0x8, 0x6, 0x23, 0x0, 0x94, 0xc4,
    0x2, 0x89, 0x0, 0xa9, 0x94, 0x1, 0x4d, 0x40,
    0x16, 0x60, 0x40, 0x0
};


/*---------------------
 *  GLYPH DESCRIPTION
 *--------------------*/

static const lv_font_fmt_txt_glyph_dsc_t glyph_dsc[] = {
    {.bitmap_index = 0, .adv_w = 0, .box_w = 0, .box_h = 0, .ofs_x = 0, .ofs_y = 0} /* id = 0 reserved */,
    {.bitmap_index = 0, .adv_w = 128, .box_w = 0, .box_h = 0, .ofs_x = 0, .ofs_y = 0},
    {.bitmap_index = 0, .adv_w = 128, .box_w = 2, .box_h = 12, .ofs_x = 3, .ofs_y = 0},
    {.bitmap_index = 13, .adv_w = 128, .box_w = 4, .box_h = 4, .ofs_x = 2, .ofs_y = 8},
    {.bitmap_index = 21, .adv_w = 128, .box_w = 8, .box_h = 12, .ofs_x = 0, .ofs_y = 0},
    {.bitmap_index = 70, .adv_w = 128, .box_w = 7, .box_h = 15, .ofs_x = 0, .ofs_y = -2},
    {.bitmap_index = 121, .adv_w = 128, .box_w = 8, .box_h = 12, .ofs_x = 0, .ofs_y = 0},
    {.bitmap_index = 166, .adv_w = 128, .box_w = 8, .box_h = 12, .ofs_x = 0, .ofs_y = 0},
    {.bitmap_index = 213, .adv_w = 128, .box_w = 3, .box_h = 4, .ofs_x = 2, .ofs_y = 8},
    {.bitmap_index = 220, .adv_w = 128, .box_w = 5, .box_h = 16, .ofs_x = 3, .ofs_y = -2},
    {.bitmap_index = 256, .adv_w = 128, .box_w = 5, .box_h = 16, .ofs_x = 0, .ofs_y = -2},
    {.bitmap_index = 293, .adv_w = 128, .box_w = 8, .box_h = 9, .ofs_x = 0, .ofs_y = 3},
    {.bitmap_index = 329, .adv_w = 128, .box_w = 8, .box_h = 8, .ofs_x = 0, .ofs_y = 2},
    {.bitmap_index = 352, .adv_w = 128, .box_w = 2, .box_h = 4, .ofs_x = 1, .ofs_y = -2},
    {.bitmap_index = 357, .adv_w = 128, .box_w = 8, .box_h = 2, .ofs_x = 0, .ofs_y = 5},
    {.bitmap_index = 363, .adv_w = 128, .box_w = 2, .box_h = 2, .ofs_x = 1, .ofs_y = 0},
    {.bitmap_index = 366, .adv_w = 128, .box_w = 8, .box_h = 14, .ofs_x = 0, .ofs_y = -1},
    {.bitmap_index = 405, .adv_w = 128, .box_w = 8, .box_h = 13, .ofs_x = 0, .ofs_y = -1},
    {.bitmap_index = 456, .adv_w = 128, .box_w = 4, .box_h = 12, .ofs_x = 1, .ofs_y = 0},
    {.bitmap_index = 469, .adv_w = 128, .box_w = 8, .box_h = 13, .ofs_x = 0, .ofs_y = 0},
    {.bitmap_index = 513, .adv_w = 128, .box_w = 8, .box_h = 12, .ofs_x = 0, .ofs_y = 0},
    {.bitmap_index = 560, .adv_w = 128, .box_w = 8, .box_h = 12, .ofs_x = 0, .ofs_y = 0},
    {.bitmap_index = 596, .adv_w = 128, .box_w = 8, .box_h = 12, .ofs_x = 0, .ofs_y = 0},
    {.bitmap_index = 641, .adv_w = 128, .box_w = 8, .box_h = 12, .ofs_x = 0, .ofs_y = 0},
    {.bitmap_index = 686, .adv_w = 128, .box_w = 8, .box_h = 12, .ofs_x = 0, .ofs_y = 0},
    {.bitmap_index = 722, .adv_w = 128, .box_w = 8, .box_h = 12, .ofs_x = 0, .ofs_y = 0},
    {.bitmap_index = 770, .adv_w = 128, .box_w = 8, .box_h = 12, .ofs_x = 0, .ofs_y = 0},
    {.bitmap_index = 815, .adv_w = 128, .box_w = 2, .box_h = 8, .ofs_x = 3, .ofs_y = 0},
    {.bitmap_index = 822, .adv_w = 128, .box_w = 2, .box_h = 10, .ofs_x = 3, .ofs_y = -2},
    {.bitmap_index = 831, .adv_w = 128, .box_w = 8, .box_h = 14, .ofs_x = 0, .ofs_y = -1},
    {.bitmap_index = 875, .adv_w = 128, .box_w = 8, .box_h = 6, .ofs_x = 0, .ofs_y = 3},
    {.bitmap_index = 890, .adv_w = 128, .box_w = 8, .box_h = 14, .ofs_x = 0, .ofs_y = -1},
    {.bitmap_index = 933, .adv_w = 128, .box_w = 7, .box_h = 12, .ofs_x = 0, .ofs_y = 0},
    {.bitmap_index = 971, .adv_w = 128, .box_w = 8, .box_h = 12, .ofs_x = 0, .ofs_y = 0},
    {.bitmap_index = 1020, .adv_w = 128, .box_w = 8, .box_h = 12, .ofs_x = 0, .ofs_y = 0},
    {.bitmap_index = 1065, .adv_w = 128, .box_w = 8, .box_h = 12, .ofs_x = 0, .ofs_y = 0},
    {.bitmap_index = 1106, .adv_w = 128, .box_w = 8, .box_h = 12, .ofs_x = 0, .ofs_y = 0},
    {.bitmap_index = 1151, .adv_w = 128, .box_w = 8, .box_h = 12, .ofs_x = 0, .ofs_y = 0},
    {.bitmap_index = 1190, .adv_w = 128, .box_w = 8, .box_h = 12, .ofs_x = 0, .ofs_y = 0},
    {.bitmap_index = 1220, .adv_w = 128, .box_w = 8, .box_h = 12, .ofs_x = 0, .ofs_y = 0},
    {.bitmap_index = 1245, .adv_w = 128, .box_w = 8, .box_h = 12, .ofs_x = 0, .ofs_y = 0},
    {.bitmap_index = 1293, .adv_w = 128, .box_w = 8, .box_h = 12, .ofs_x = 0, .ofs_y = 0},
    {.bitmap_index = 1313, .adv_w = 128, .box_w = 2, .box_h = 12, .ofs_x = 3, .ofs_y = 0},
    {.bitmap_index = 1318, .adv_w = 128, .box_w = 7, .box_h = 12, .ofs_x = 0, .ofs_y = 0},
    {.bitmap_index = 1340, .adv_w = 128, .box_w = 8, .box_h = 12, .ofs_x = 0, .ofs_y = 0},
    {.bitmap_index = 1379, .adv_w = 128, .box_w = 8, .box_h = 12, .ofs_x = 0, .ofs_y = 0},
    {.bitmap_index = 1391, .adv_w = 128, .box_w = 8, .box_h = 12, .ofs_x = 0, .ofs_y = 0},
    {.bitmap_index = 1432, .adv_w = 128, .box_w = 8, .box_h = 12, .ofs_x = 0, .ofs_y = 0},
    {.bitmap_index = 1467, .adv_w = 128, .box_w = 8, .box_h = 12, .ofs_x = 0, .ofs_y = 0},
    {.bitmap_index = 1512, .adv_w = 128, .box_w = 8, .box_h = 12, .ofs_x = 0, .ofs_y = 0},
    {.bitmap_index = 1546, .adv_w = 128, .box_w = 8, .box_h = 13, .ofs_x = 0, .ofs_y = -1},
    {.bitmap_index = 1595, .adv_w = 128, .box_w = 8, .box_h = 12, .ofs_x = 0, .ofs_y = 0},
    {.bitmap_index = 1636, .adv_w = 128, .box_w = 8, .box_h = 12, .ofs_x = 0, .ofs_y = 0},
    {.bitmap_index = 1683, .adv_w = 128, .box_w = 8, .box_h = 12, .ofs_x = 0, .ofs_y = 0},
    {.bitmap_index = 1697, .adv_w = 128, .box_w = 8, .box_h = 12, .ofs_x = 0, .ofs_y = 0},
    {.bitmap_index = 1720, .adv_w = 128, .box_w = 8, .box_h = 12, .ofs_x = 0, .ofs_y = 0},
    {.bitmap_index = 1766, .adv_w = 128, .box_w = 8, .box_h = 12, .ofs_x = 0, .ofs_y = 0},
    {.bitmap_index = 1815, .adv_w = 128, .box_w = 8, .box_h = 12, .ofs_x = 0, .ofs_y = 0},
    {.bitmap_index = 1861, .adv_w = 128, .box_w = 8, .box_h = 12, .ofs_x = 0, .ofs_y = 0},
    {.bitmap_index = 1893, .adv_w = 128, .box_w = 8, .box_h = 12, .ofs_x = 0, .ofs_y = 0},
    {.bitmap_index = 1932, .adv_w = 128, .box_w = 5, .box_h = 16, .ofs_x = 3, .ofs_y = -2},
    {.bitmap_index = 1947, .adv_w = 128, .box_w = 8, .box_h = 14, .ofs_x = 0, .ofs_y = -2},
    {.bitmap_index = 1986, .adv_w = 128, .box_w = 5, .box_h = 16, .ofs_x = 0, .ofs_y = -2},
    {.bitmap_index = 2001, .adv_w = 128, .box_w = 7, .box_h = 3, .ofs_x = 0, .ofs_y = 11},
    {.bitmap_index = 2012, .adv_w = 128, .box_w = 8, .box_h = 1, .ofs_x = 0, .ofs_y = -2},
    {.bitmap_index = 2015, .adv_w = 128, .box_w = 4, .box_h = 3, .ofs_x = 2, .ofs_y = 11},
    {.bitmap_index = 2022, .adv_w = 128, .box_w = 8, .box_h = 8, .ofs_x = 0, .ofs_y = 0},
    {.bitmap_index = 2055, .adv_w = 128, .box_w = 8, .box_h = 12, .ofs_x = 0, .ofs_y = 0},
    {.bitmap_index = 2086, .adv_w = 128, .box_w = 8, .box_h = 8, .ofs_x = 0, .ofs_y = 0},
    {.bitmap_index = 2118, .adv_w = 128, .box_w = 7, .box_h = 12, .ofs_x = 0, .ofs_y = 0},
    {.bitmap_index = 2152, .adv_w = 128, .box_w = 8, .box_h = 8, .ofs_x = 0, .ofs_y = 0},
    {.bitmap_index = 2184, .adv_w = 128, .box_w = 8, .box_h = 12, .ofs_x = 0, .ofs_y = 0},
    {.bitmap_index = 2213, .adv_w = 128, .box_w = 8, .box_h = 11, .ofs_x = 0, .ofs_y = -2},
    {.bitmap_index = 2255, .adv_w = 128, .box_w = 7, .box_h = 12, .ofs_x = 0, .ofs_y = 0},
    {.bitmap_index = 2277, .adv_w = 128, .box_w = 2, .box_h = 12, .ofs_x = 3, .ofs_y = 0},
    {.bitmap_index = 2286, .adv_w = 128, .box_w = 5, .box_h = 14, .ofs_x = 1, .ofs_y = -2},
    {.bitmap_index = 2305, .adv_w = 128, .box_w = 8, .box_h = 12, .ofs_x = 0, .ofs_y = 0},
    {.bitmap_index = 2334, .adv_w = 128, .box_w = 2, .box_h = 12, .ofs_x = 3, .ofs_y = 0},
    {.bitmap_index = 2339, .adv_w = 128, .box_w = 8, .box_h = 8, .ofs_x = 0, .ofs_y = 0},
    {.bitmap_index = 2357, .adv_w = 128, .box_w = 7, .box_h = 8, .ofs_x = 0, .ofs_y = 0},
    {.bitmap_index = 2375, .adv_w = 128, .box_w = 8, .box_h = 8, .ofs_x = 0, .ofs_y = 0},
    {.bitmap_index = 2406, .adv_w = 128, .box_w = 8, .box_h = 10, .ofs_x = 0, .ofs_y = -2},
    {.bitmap_index = 2440, .adv_w = 128, .box_w = 7, .box_h = 10, .ofs_x = 0, .ofs_y = -2},
    {.bitmap_index = 2473, .adv_w = 128, .box_w = 6, .box_h = 8, .ofs_x = 1, .ofs_y = 0},
    {.bitmap_index = 2490, .adv_w = 128, .box_w = 6, .box_h = 8, .ofs_x = 1, .ofs_y = 0},
    {.bitmap_index = 2515, .adv_w = 128, .box_w = 7, .box_h = 11, .ofs_x = 0, .ofs_y = 0},
    {.bitmap_index = 2544, .adv_w = 128, .box_w = 7, .box_h = 8, .ofs_x = 0, .ofs_y = 0},
    {.bitmap_index = 2562, .adv_w = 128, .box_w = 8, .box_h = 8, .ofs_x = 0, .ofs_y = 0},
    {.bitmap_index = 2593, .adv_w = 128, .box_w = 8, .box_h = 8, .ofs_x = 0, .ofs_y = 0},
    {.bitmap_index = 2626, .adv_w = 128, .box_w = 8, .box_h = 8, .ofs_x = 0, .ofs_y = 0},
    {.bitmap_index = 2657, .adv_w = 128, .box_w = 8, .box_h = 10, .ofs_x = 0, .ofs_y = -2},
    {.bitmap_index = 2695, .adv_w = 128, .box_w = 7, .box_h = 8, .ofs_x = 0, .ofs_y = 0},
    {.bitmap_index = 2722, .adv_w = 128, .box_w = 4, .box_h = 15, .ofs_x = 3, .ofs_y = -2},
    {.bitmap_index = 2747, .adv_w = 128, .box_w = 2, .box_h = 17, .ofs_x = 3, .ofs_y = -2},
    {.bitmap_index = 2752, .adv_w = 128, .box_w = 5, .box_h = 15, .ofs_x = 0, .ofs_y = -2},
    {.bitmap_index = 2782, .adv_w = 128, .box_w = 8, .box_h = 5, .ofs_x = 0, .ofs_y = 11},
    {.bitmap_index = 2800, .adv_w = 256, .box_w = 4, .box_h = 5, .ofs_x = 2, .ofs_y = 8},
    {.bitmap_index = 2811, .adv_w = 256, .box_w = 15, .box_h = 14, .ofs_x = 0, .ofs_y = -1},
    {.bitmap_index = 2872, .adv_w = 256, .box_w = 14, .box_h = 16, .ofs_x = 1, .ofs_y = -2},
    {.bitmap_index = 2945, .adv_w = 256, .box_w = 15, .box_h = 14, .ofs_x = 1, .ofs_y = -1},
    {.bitmap_index = 3028, .adv_w = 256, .box_w = 15, .box_h = 16, .ofs_x = 1, .ofs_y = -2},
    {.bitmap_index = 3124, .adv_w = 256, .box_w = 15, .box_h = 16, .ofs_x = 0, .ofs_y = -2},
    {.bitmap_index = 3219, .adv_w = 256, .box_w = 16, .box_h = 16, .ofs_x = 0, .ofs_y = -2},
    {.bitmap_index = 3315, .adv_w = 256, .box_w = 16, .box_h = 15, .ofs_x = 0, .ofs_y = -2},
    {.bitmap_index = 3414, .adv_w = 256, .box_w = 16, .box_h = 14, .ofs_x = 0, .ofs_y = -1},
    {.bitmap_index = 3499, .adv_w = 256, .box_w = 16, .box_h = 16, .ofs_x = 0, .ofs_y = -2},
    {.bitmap_index = 3611, .adv_w = 256, .box_w = 16, .box_h = 15, .ofs_x = 0, .ofs_y = -2},
    {.bitmap_index = 3706, .adv_w = 256, .box_w = 16, .box_h = 15, .ofs_x = 0, .ofs_y = -2},
    {.bitmap_index = 3790, .adv_w = 256, .box_w = 14, .box_h = 16, .ofs_x = 1, .ofs_y = -2},
    {.bitmap_index = 3877, .adv_w = 256, .box_w = 13, .box_h = 15, .ofs_x = 1, .ofs_y = -2},
    {.bitmap_index = 3938, .adv_w = 256, .box_w = 15, .box_h = 14, .ofs_x = 0, .ofs_y = -2},
    {.bitmap_index = 4030, .adv_w = 256, .box_w = 15, .box_h = 15, .ofs_x = 0, .ofs_y = -2},
    {.bitmap_index = 4109, .adv_w = 256, .box_w = 15, .box_h = 15, .ofs_x = 0, .ofs_y = -2},
    {.bitmap_index = 4200, .adv_w = 256, .box_w = 16, .box_h = 15, .ofs_x = 0, .ofs_y = -2},
    {.bitmap_index = 4306, .adv_w = 256, .box_w = 15, .box_h = 16, .ofs_x = 0, .ofs_y = -2},
    {.bitmap_index = 4407, .adv_w = 256, .box_w = 15, .box_h = 15, .ofs_x = 0, .ofs_y = -2},
    {.bitmap_index = 4484, .adv_w = 256, .box_w = 16, .box_h = 16, .ofs_x = 0, .ofs_y = -2},
    {.bitmap_index = 4591, .adv_w = 256, .box_w = 15, .box_h = 15, .ofs_x = 0, .ofs_y = -2},
    {.bitmap_index = 4686, .adv_w = 256, .box_w = 15, .box_h = 14, .ofs_x = 0, .ofs_y = -2},
    {.bitmap_index = 4749, .adv_w = 256, .box_w = 15, .box_h = 15, .ofs_x = 0, .ofs_y = -2},
    {.bitmap_index = 4832, .adv_w = 256, .box_w = 14, .box_h = 14, .ofs_x = 1, .ofs_y = -1},
    {.bitmap_index = 4885, .adv_w = 256, .box_w = 16, .box_h = 14, .ofs_x = 0, .ofs_y = -2},
    {.bitmap_index = 4991, .adv_w = 256, .box_w = 16, .box_h = 15, .ofs_x = 0, .ofs_y = -2},
    {.bitmap_index = 5083, .adv_w = 256, .box_w = 16, .box_h = 15, .ofs_x = 0, .ofs_y = -2},
    {.bitmap_index = 5177, .adv_w = 256, .box_w = 15, .box_h = 16, .ofs_x = 1, .ofs_y = -2},
    {.bitmap_index = 5250, .adv_w = 256, .box_w = 16, .box_h = 15, .ofs_x = 0, .ofs_y = -2},
    {.bitmap_index = 5341, .adv_w = 256, .box_w = 16, .box_h = 14, .ofs_x = 0, .ofs_y = -2},
    {.bitmap_index = 5439, .adv_w = 256, .box_w = 14, .box_h = 14, .ofs_x = 1, .ofs_y = -1},
    {.bitmap_index = 5499, .adv_w = 256, .box_w = 14, .box_h = 14, .ofs_x = 1, .ofs_y = -1},
    {.bitmap_index = 5585, .adv_w = 256, .box_w = 15, .box_h = 16, .ofs_x = 0, .ofs_y = -2},
    {.bitmap_index = 5686, .adv_w = 256, .box_w = 14, .box_h = 15, .ofs_x = 1, .ofs_y = -2},
    {.bitmap_index = 5773, .adv_w = 256, .box_w = 16, .box_h = 15, .ofs_x = 0, .ofs_y = -2},
    {.bitmap_index = 5875, .adv_w = 256, .box_w = 16, .box_h = 16, .ofs_x = 0, .ofs_y = -2},
    {.bitmap_index = 5972, .adv_w = 256, .box_w = 15, .box_h = 16, .ofs_x = 0, .ofs_y = -2},
    {.bitmap_index = 6065, .adv_w = 256, .box_w = 16, .box_h = 15, .ofs_x = 0, .ofs_y = -2},
    {.bitmap_index = 6171, .adv_w = 256, .box_w = 16, .box_h = 15, .ofs_x = 0, .ofs_y = -2},
    {.bitmap_index = 6274, .adv_w = 256, .box_w = 16, .box_h = 14, .ofs_x = 0, .ofs_y = -1},
    {.bitmap_index = 6346, .adv_w = 256, .box_w = 16, .box_h = 16, .ofs_x = 0, .ofs_y = -2},
    {.bitmap_index = 6454, .adv_w = 256, .box_w = 14, .box_h = 15, .ofs_x = 1, .ofs_y = -2},
    {.bitmap_index = 6548, .adv_w = 256, .box_w = 16, .box_h = 15, .ofs_x = 0, .ofs_y = -1},
    {.bitmap_index = 6654, .adv_w = 256, .box_w = 16, .box_h = 15, .ofs_x = 0, .ofs_y = -2},
    {.bitmap_index = 6744, .adv_w = 256, .box_w = 16, .box_h = 14, .ofs_x = 0, .ofs_y = -1},
    {.bitmap_index = 6845, .adv_w = 256, .box_w = 15, .box_h = 15, .ofs_x = 0, .ofs_y = -2},
    {.bitmap_index = 6941, .adv_w = 256, .box_w = 16, .box_h = 15, .ofs_x = 0, .ofs_y = -2},
    {.bitmap_index = 7042, .adv_w = 256, .box_w = 16, .box_h = 15, .ofs_x = 0, .ofs_y = -2},
    {.bitmap_index = 7147, .adv_w = 256, .box_w = 16, .box_h = 15, .ofs_x = 0, .ofs_y = -2},
    {.bitmap_index = 7250, .adv_w = 256, .box_w = 16, .box_h = 15, .ofs_x = 0, .ofs_y = -2},
    {.bitmap_index = 7353, .adv_w = 256, .box_w = 15, .box_h = 15, .ofs_x = 0, .ofs_y = -2},
    {.bitmap_index = 7463, .adv_w = 256, .box_w = 16, .box_h = 15, .ofs_x = 0, .ofs_y = -1},
    {.bitmap_index = 7565, .adv_w = 256, .box_w = 15, .box_h = 16, .ofs_x = 0, .ofs_y = -2},
    {.bitmap_index = 7649, .adv_w = 256, .box_w = 16, .box_h = 15, .ofs_x = 0, .ofs_y = -2},
    {.bitmap_index = 7732, .adv_w = 256, .box_w = 15, .box_h = 15, .ofs_x = 1, .ofs_y = -2},
    {.bitmap_index = 7818, .adv_w = 256, .box_w = 15, .box_h = 13, .ofs_x = 1, .ofs_y = -1},
    {.bitmap_index = 7894, .adv_w = 256, .box_w = 16, .box_h = 16, .ofs_x = 0, .ofs_y = -2},
    {.bitmap_index = 7980, .adv_w = 256, .box_w = 16, .box_h = 14, .ofs_x = 0, .ofs_y = -1},
    {.bitmap_index = 8064, .adv_w = 256, .box_w = 16, .box_h = 14, .ofs_x = 0, .ofs_y = -1},
    {.bitmap_index = 8152, .adv_w = 256, .box_w = 16, .box_h = 16, .ofs_x = 0, .ofs_y = -2},
    {.bitmap_index = 8259, .adv_w = 256, .box_w = 16, .box_h = 15, .ofs_x = 0, .ofs_y = -2},
    {.bitmap_index = 8368, .adv_w = 256, .box_w = 15, .box_h = 13, .ofs_x = 0, .ofs_y = -1},
    {.bitmap_index = 8421, .adv_w = 256, .box_w = 16, .box_h = 16, .ofs_x = 0, .ofs_y = -2},
    {.bitmap_index = 8533, .adv_w = 256, .box_w = 15, .box_h = 15, .ofs_x = 0, .ofs_y = -2},
    {.bitmap_index = 8628, .adv_w = 256, .box_w = 16, .box_h = 16, .ofs_x = 0, .ofs_y = -3},
    {.bitmap_index = 8739, .adv_w = 256, .box_w = 16, .box_h = 15, .ofs_x = 0, .ofs_y = -2},
    {.bitmap_index = 8831, .adv_w = 256, .box_w = 16, .box_h = 15, .ofs_x = 0, .ofs_y = -2},
    {.bitmap_index = 8939, .adv_w = 256, .box_w = 15, .box_h = 15, .ofs_x = 0, .ofs_y = -2},
    {.bitmap_index = 9011, .adv_w = 256, .box_w = 16, .box_h = 15, .ofs_x = 0, .ofs_y = -2},
    {.bitmap_index = 9114, .adv_w = 256, .box_w = 15, .box_h = 15, .ofs_x = 1, .ofs_y = -2},
    {.bitmap_index = 9186, .adv_w = 256, .box_w = 14, .box_h = 15, .ofs_x = 1, .ofs_y = -2},
    {.bitmap_index = 9257, .adv_w = 256, .box_w = 16, .box_h = 16, .ofs_x = 0, .ofs_y = -3},
    {.bitmap_index = 9354, .adv_w = 256, .box_w = 14, .box_h = 16, .ofs_x = 1, .ofs_y = -2},
    {.bitmap_index = 9449, .adv_w = 256, .box_w = 16, .box_h = 15, .ofs_x = 0, .ofs_y = -2},
    {.bitmap_index = 9553, .adv_w = 256, .box_w = 14, .box_h = 15, .ofs_x = 1, .ofs_y = -2},
    {.bitmap_index = 9628, .adv_w = 256, .box_w = 16, .box_h = 15, .ofs_x = 0, .ofs_y = -2},
    {.bitmap_index = 9735, .adv_w = 256, .box_w = 16, .box_h = 16, .ofs_x = 0, .ofs_y = -2},
    {.bitmap_index = 9839, .adv_w = 256, .box_w = 16, .box_h = 15, .ofs_x = 0, .ofs_y = -2},
    {.bitmap_index = 9955, .adv_w = 256, .box_w = 16, .box_h = 16, .ofs_x = 0, .ofs_y = -2},
    {.bitmap_index = 10068, .adv_w = 256, .box_w = 15, .box_h = 13, .ofs_x = 1, .ofs_y = -1},
    {.bitmap_index = 10145, .adv_w = 256, .box_w = 16, .box_h = 15, .ofs_x = 0, .ofs_y = -2},
    {.bitmap_index = 10236, .adv_w = 256, .box_w = 12, .box_h = 15, .ofs_x = 2, .ofs_y = -1},
    {.bitmap_index = 10293, .adv_w = 256, .box_w = 16, .box_h = 14, .ofs_x = 0, .ofs_y = -1},
    {.bitmap_index = 10369, .adv_w = 256, .box_w = 16, .box_h = 16, .ofs_x = 0, .ofs_y = -2},
    {.bitmap_index = 10470, .adv_w = 256, .box_w = 16, .box_h = 15, .ofs_x = 0, .ofs_y = -2},
    {.bitmap_index = 10567, .adv_w = 256, .box_w = 16, .box_h = 14, .ofs_x = 0, .ofs_y = -1},
    {.bitmap_index = 10652, .adv_w = 256, .box_w = 16, .box_h = 16, .ofs_x = 0, .ofs_y = -2},
    {.bitmap_index = 10766, .adv_w = 256, .box_w = 16, .box_h = 14, .ofs_x = 0, .ofs_y = -1},
    {.bitmap_index = 10867, .adv_w = 256, .box_w = 16, .box_h = 15, .ofs_x = 0, .ofs_y = -2},
    {.bitmap_index = 10973, .adv_w = 256, .box_w = 15, .box_h = 16, .ofs_x = 0, .ofs_y = -3},
    {.bitmap_index = 11086, .adv_w = 256, .box_w = 16, .box_h = 17, .ofs_x = 0, .ofs_y = -3},
    {.bitmap_index = 11203, .adv_w = 256, .box_w = 16, .box_h = 15, .ofs_x = 0, .ofs_y = -2},
    {.bitmap_index = 11296, .adv_w = 256, .box_w = 16, .box_h = 15, .ofs_x = 0, .ofs_y = -2},
    {.bitmap_index = 11402, .adv_w = 256, .box_w = 15, .box_h = 14, .ofs_x = 0, .ofs_y = -1},
    {.bitmap_index = 11490, .adv_w = 256, .box_w = 15, .box_h = 13, .ofs_x = 0, .ofs_y = -1},
    {.bitmap_index = 11566, .adv_w = 256, .box_w = 14, .box_h = 15, .ofs_x = 1, .ofs_y = -2},
    {.bitmap_index = 11649, .adv_w = 256, .box_w = 15, .box_h = 16, .ofs_x = 1, .ofs_y = -2},
    {.bitmap_index = 11750, .adv_w = 256, .box_w = 14, .box_h = 14, .ofs_x = 1, .ofs_y = -1},
    {.bitmap_index = 11814, .adv_w = 256, .box_w = 14, .box_h = 16, .ofs_x = 1, .ofs_y = -2},
    {.bitmap_index = 11886, .adv_w = 256, .box_w = 6, .box_h = 14, .ofs_x = 9, .ofs_y = -1},
    {.bitmap_index = 11921, .adv_w = 256, .box_w = 6, .box_h = 14, .ofs_x = 1, .ofs_y = -1}
};

/*---------------------
 *  CHARACTER MAPPING
 *--------------------*/

static const uint16_t unicode_list_1[] = {
    0x0, 0x4d5d, 0x4d5e, 0x4d74, 0x4dfe, 0x4e70, 0x4e9e, 0x4eed,
    0x4f8c, 0x501f, 0x5099, 0x50b5, 0x50c3, 0x514a, 0x5157, 0x5169,
    0x5186, 0x51f8, 0x51f9, 0x52db, 0x5312, 0x531d, 0x533f, 0x535e,
    0x5361, 0x55b8, 0x56a7, 0x5881, 0x5aa7, 0x5b49, 0x5b9f, 0x5d42,
    0x5d76, 0x5d7e, 0x5d88, 0x5da5, 0x5de3, 0x5de4, 0x5de5, 0x5df6,
    0x5e50, 0x5e89, 0x5e8a, 0x5f51, 0x5f8b, 0x606f, 0x6190, 0x61f5,
    0x62b2, 0x62be, 0x6495, 0x64c0, 0x64c4, 0x6509, 0x6530, 0x6546,
    0x658e, 0x6659, 0x6735, 0x6796, 0x6810, 0x6971, 0x6ab3, 0x6c91,
    0x6c9b, 0x6cd8, 0x6d79, 0x6de0, 0x7197, 0x7206, 0x7485, 0x748b,
    0x749c, 0x75d4, 0x773d, 0x788a, 0x7922, 0x7aa4, 0x7e0f, 0x7e28,
    0x7ebe, 0x801c, 0x813a, 0x81c2, 0x8ab6, 0x8b0e, 0x8b2d, 0x8ca6,
    0x8cd5, 0x8d3f, 0x8ed5, 0x8ee3, 0x8f17, 0x8f59, 0x911d, 0x911f,
    0x953d, 0x95ec, 0x96b2, 0x9a28, 0xfe58, 0xfe59
};

/*Collect the unicode lists and glyph_id offsets*/
static const lv_font_fmt_txt_cmap_t cmaps[] =
{
    {
        .range_start = 32, .range_length = 95, .glyph_id_start = 1,
        .unicode_list = NULL, .glyph_id_ofs_list = NULL, .list_length = 0, .type = LV_FONT_FMT_TXT_CMAP_FORMAT0_TINY
    },
    {
        .range_start = 176, .range_length = 65114, .glyph_id_start = 96,
        .unicode_list = unicode_list_1, .glyph_id_ofs_list = NULL, .list_length = 102, .type = LV_FONT_FMT_TXT_CMAP_SPARSE_TINY
    }
};



/*--------------------
 *  ALL CUSTOM DATA
 *--------------------*/

#if LVGL_VERSION_MAJOR == 8
/*Store all the custom data of the font*/
static  lv_font_fmt_txt_glyph_cache_t cache;
#endif

#if LVGL_VERSION_MAJOR >= 8
static const lv_font_fmt_txt_dsc_t font_dsc = {
#else
static lv_font_fmt_txt_dsc_t font_dsc = {
#endif
    .glyph_bitmap = glyph_bitmap,
    .glyph_dsc = glyph_dsc,
    .cmaps = cmaps,
    .kern_dsc = NULL,
    .kern_scale = 0,
    .cmap_num = 2,
    .bpp = 4,
    .kern_classes = 0,
    .bitmap_format = 1,
#if LVGL_VERSION_MAJOR == 8
    .cache = &cache
#endif
};



/*-----------------
 *  PUBLIC FONT
 *----------------*/

/*Initialize a public general font descriptor*/
#if LVGL_VERSION_MAJOR >= 8
const lv_font_t lv_font_ps_16 = {
#else
lv_font_t lv_font_ps_16 = {
#endif
    .get_glyph_dsc = lv_font_get_glyph_dsc_fmt_txt,    /*Function pointer to get glyph's data*/
    .get_glyph_bitmap = lv_font_get_bitmap_fmt_txt,    /*Function pointer to get glyph's bitmap*/
    .line_height = 19,          /*The maximum line height required by the font*/
    .base_line = 3,             /*Baseline measured from the bottom of the line*/
#if !(LVGL_VERSION_MAJOR == 6 && LVGL_VERSION_MINOR == 0)
    .subpx = LV_FONT_SUBPX_NONE,
#endif
#if LV_VERSION_CHECK(7, 4, 0) || LVGL_VERSION_MAJOR >= 8
    .underline_position = -1,
    .underline_thickness = 1,
#endif
    .dsc = &font_dsc,          /*The custom font data. Will be accessed by `get_glyph_bitmap/dsc` */
#if LV_VERSION_CHECK(8, 2, 0) || LVGL_VERSION_MAJOR >= 9
    .fallback = NULL,
#endif
    .user_data = NULL,
};



#endif /*#if LV_FONT_PS_16*/

